Latitude,Longitude,Seagr bioregion,Habitat,Genus,Year obs,biom above dm [g/m**2],biom below dm [g/m**2],biom tot dm [g/m**2],shoot dens [#/m**2],coverage [%], leaf dens [#/m**2],production above dm [g/m**2/day],production below dm [g/m**2/day],production total dm [g/m**2/day],shoot production dm [g/m**2/day],leaf production dm [g/m**2/day]
42.561,8.781,Mediterranean,Coastal,Posidonia,2014,,,,559,,,,,,,
42.561,8.781,Mediterranean,Coastal,Posidonia,2014,,,,453,,,,,,,
42.561,8.781,Mediterranean,Coastal,Posidonia,2014,,,,246,,,,,,,
-2.266053,106.324451,Tropical Indo Pacific,Coastal,Cymodocea,2017,,,,140,24.8,,,,,,
-2.270009,106.326637,Tropical Indo Pacific,Coastal,Cymodocea,2017,,,,188,34.7,,,,,,
-2.265747,106.332173,Tropical Indo Pacific,Coastal,Cymodocea,2017,,,,112,20.5,,,,,,
-2.266053,106.324451,Tropical Indo Pacific,Coastal,Enhalus,2017,,,,4,1.5,,,,,,
-2.270009,106.326637,Tropical Indo Pacific,Coastal,Enhalus,2017,,,,8,2.7,,,,,,
-2.265747,106.332173,Tropical Indo Pacific,Coastal,Enhalus,2017,,,,12,4.7,,,,,,
-2.266053,106.324451,Tropical Indo Pacific,Coastal,Syringodium,2017,,,,40,14.9,,,,,,
-2.270009,106.326637,Tropical Indo Pacific,Coastal,Syringodium,2017,,,,84,7.3,,,,,,
-2.265747,106.332173,Tropical Indo Pacific,Coastal,Syringodium,2017,,,,20,1.3,,,,,,
-2.266053,106.324451,Tropical Indo Pacific,Coastal,Cymodocea,2017,,,,8,0.7,,,,,,
-2.270009,106.326637,Tropical Indo Pacific,Coastal,Cymodocea,2017,,,,12,0.7,,,,,,
-2.265747,106.332173,Tropical Indo Pacific,Coastal,Cymodocea,2017,,,,152,6.8,,,,,,
-2.266053,106.324451,Tropical Indo Pacific,Coastal,Halodule,2017,,,,12,1.3,,,,,,
-2.270009,106.326637,Tropical Indo Pacific,Coastal,Halodule,2017,,,,88,4,,,,,,
-2.265747,106.332173,Tropical Indo Pacific,Coastal,Halodule,2017,,,,60,3.3,,,,,,
-2.266053,106.324451,Tropical Indo Pacific,Coastal,Thalassia,2017,,,,,,,,,,,
-2.270009,106.326637,Tropical Indo Pacific,Coastal,Thalassia,2017,,,,,,,,,,,
-2.265747,106.332173,Tropical Indo Pacific,Coastal,Thalassia,2017,,,,24,5,,,,,,
-2.266053,106.324451,Tropical Indo Pacific,Coastal,Halophila,2017,,,,,,,,,,,
-2.270009,106.326637,Tropical Indo Pacific,Coastal,Halophila,2017,,,,,,,,,,,
-2.265747,106.332173,Tropical Indo Pacific,Coastal,Halophila,2017,,,,20,0.7,,,,,,
-2.266053,106.324451,Tropical Indo Pacific,Coastal,Halodule,2017,,,,,,,,,,,
-2.270009,106.326637,Tropical Indo Pacific,Coastal,Halodule,2017,,,,16,0.3,,,,,,
-2.265747,106.332173,Tropical Indo Pacific,Coastal,Halodule,2017,,,,16,0.3,,,,,,
16.367,119.846,Tropical Indo Pacific,Coastal,Cymodocea,1992,2.5,,,80.98,,,,,,,
16.367,119.846,Tropical Indo Pacific,Coastal,Cymodocea,1992,7,,,119.02,,,,,,,
16.367,119.846,Tropical Indo Pacific,Coastal,Cymodocea,1992,11,,,188.96,,,,,,,
16.367,119.846,Tropical Indo Pacific,Coastal,Cymodocea,1992,8,,,122.09,,,,,,,
16.367,119.846,Tropical Indo Pacific,Coastal,Cymodocea,1992,9,,,185.28,,,,,,,
16.367,119.846,Tropical Indo Pacific,Coastal,Cymodocea,1992,,,,204.91,,,,,,,
16.367,119.846,Tropical Indo Pacific,Coastal,Enhalus,1992,4,,,16.07,,,,,,,
16.367,119.846,Tropical Indo Pacific,Coastal,Enhalus,1992,9,,,8.11,,,,,,,
16.367,119.846,Tropical Indo Pacific,Coastal,Enhalus,1992,22,,,21.53,,,,,,,
16.367,119.846,Tropical Indo Pacific,Coastal,Enhalus,1992,13,,,19.66,,,,,,,
16.367,119.846,Tropical Indo Pacific,Coastal,Enhalus,1992,15,,,21.61,,,,,,,
16.367,119.846,Tropical Indo Pacific,Coastal,Enhalus,1992,1,,,2.89,,,,,,,
16.367,119.846,Tropical Indo Pacific,Coastal,Thalassia,1992,20,,,542.4,,,,,,,
16.367,119.846,Tropical Indo Pacific,Coastal,Thalassia,1992,63,,,530.24,,,,,,,
16.367,119.846,Tropical Indo Pacific,Coastal,Thalassia,1992,30,,,487.69,,,,,,,
16.367,119.846,Tropical Indo Pacific,Coastal,Thalassia,1992,59,,,619.91,,,,,,,
16.367,119.846,Tropical Indo Pacific,Coastal,Thalassia,1992,43,,,556.84,,,,,,,
16.367,119.846,Tropical Indo Pacific,Coastal,Thalassia,1992,,,,532.52,,,,,,,
16.367,119.846,Tropical Indo Pacific,Coastal,Cymodocea,1993,9,,,150.31,,,,,,,
16.367,119.846,Tropical Indo Pacific,Coastal,Cymodocea,1993,4.5,,,126.99,,,,,,,
16.367,119.846,Tropical Indo Pacific,Coastal,Cymodocea,1993,9,,,110.43,,,,,,,
16.367,119.846,Tropical Indo Pacific,Coastal,Cymodocea,1993,11,,,139.88,,,,,,,
16.367,119.846,Tropical Indo Pacific,Coastal,Cymodocea,1993,15,,,98.16,,,,,,,
16.367,119.846,Tropical Indo Pacific,Coastal,Cymodocea,1993,12,,,315.34,,,,,,,
16.367,119.846,Tropical Indo Pacific,Coastal,Cymodocea,1993,,,,196.93,,,,,,,
16.367,119.846,Tropical Indo Pacific,Coastal,Cymodocea,1993,,,,372.39,,,,,,,
16.367,119.846,Tropical Indo Pacific,Coastal,Enhalus,1993,21,,,16.07,,,,,,,
16.367,119.846,Tropical Indo Pacific,Coastal,Enhalus,1993,19,,,28.94,,,,,,,
16.367,119.846,Tropical Indo Pacific,Coastal,Enhalus,1993,25,,,15.68,,,,,,,
16.367,119.846,Tropical Indo Pacific,Coastal,Enhalus,1993,10,,,27.38,,,,,,,
16.367,119.846,Tropical Indo Pacific,Coastal,Enhalus,1993,22,,,10.92,,,,,,,
16.367,119.846,Tropical Indo Pacific,Coastal,Enhalus,1993,33,,,31.67,,,,,,,
16.367,119.846,Tropical Indo Pacific,Coastal,Enhalus,1993,,,,47.43,,,,,,,
16.367,119.846,Tropical Indo Pacific,Coastal,Enhalus,1993,,,,32.14,,,,,,,
16.367,119.846,Tropical Indo Pacific,Coastal,Thalassia,1993,26,,,396.51,,,,,,,
16.367,119.846,Tropical Indo Pacific,Coastal,Thalassia,1993,38,,,452.74,,,,,,,
16.367,119.846,Tropical Indo Pacific,Coastal,Thalassia,1993,37,,,489.21,,,,,,,
16.367,119.846,Tropical Indo Pacific,Coastal,Thalassia,1993,58,,,569.76,,,,,,,
16.367,119.846,Tropical Indo Pacific,Coastal,Thalassia,1993,78,,,586.47,,,,,,,
16.367,119.846,Tropical Indo Pacific,Coastal,Thalassia,1993,38,,,717.93,,,,,,,
16.367,119.846,Tropical Indo Pacific,Coastal,Thalassia,1993,72,,,622.95,,,,,,,
16.367,119.846,Tropical Indo Pacific,Coastal,Thalassia,1993,,,,567.48,,,,,,,
16.367,119.846,Tropical Indo Pacific,Coastal,Cymodocea,1994,8.2,,,58.28,,,,,,,
16.367,119.846,Tropical Indo Pacific,Coastal,Cymodocea,1994,3,,,138.65,,,,,,,
16.367,119.846,Tropical Indo Pacific,Coastal,Cymodocea,1994,8,,,65.03,,,,,,,
16.367,119.846,Tropical Indo Pacific,Coastal,Enhalus,1994,15.5,,,17.86,,,,,,,
16.367,119.846,Tropical Indo Pacific,Coastal,Enhalus,1994,11,,,14.98,,,,,,,
16.367,119.846,Tropical Indo Pacific,Coastal,Enhalus,1994,8,,,11.39,,,,,,,
16.367,119.846,Tropical Indo Pacific,Coastal,Thalassia,1994,45.7,,,489.21,,,,,,,
16.367,119.846,Tropical Indo Pacific,Coastal,Thalassia,1994,42,,,504.41,,,,,,,
16.367,119.846,Tropical Indo Pacific,Coastal,Thalassia,1994,37,,,513.53,,,,,,,
42.046,9.477,Mediterranean,Estuarine,Cymodocea,1998,367.03,483.52,854.95,1468.65,,,1.361,,,,
42.046,9.477,Mediterranean,Estuarine,Cymodocea,1998,367.03,470.33,846.15,1366.34,,,2.373,,,,
42.046,9.477,Mediterranean,Estuarine,Cymodocea,1998,327.47,632.97,973.63,1521.45,,,5.689,,,,
42.046,9.477,Mediterranean,Estuarine,Cymodocea,1998,336.26,569.23,916.48,1267.33,,,14.206,,,,
42.046,9.477,Mediterranean,Estuarine,Cymodocea,1998,301.1,505.5,824.18,1066.01,,,17.452,,,,
42.046,9.477,Mediterranean,Estuarine,Cymodocea,1998,340.66,483.52,835.17,887.79,,,12.112,,,,
42.046,9.477,Mediterranean,Estuarine,Cymodocea,1998,265.93,426.37,709.89,716.17,,,4.677,,,,
42.046,9.477,Mediterranean,Estuarine,Cymodocea,1999,162.64,375.82,547.25,739.27,,,3.56,,,,
42.046,9.477,Mediterranean,Estuarine,Cymodocea,1999,164.84,318.68,483.52,828.38,,,1.885,,,,
42.046,9.477,Mediterranean,Estuarine,Cymodocea,1999,296.7,314.29,613.19,514.85,,,1.361,,,,
42.046,9.477,Mediterranean,Estuarine,Cymodocea,1999,419.78,305.5,736.26,716.17,,,1.082,,,,
42.046,9.477,Mediterranean,Estuarine,Cymodocea,1999,421.98,468.13,903.3,897.69,,,1.571,,,,
34.666,138.946,Temperate North Pacific,Coastal,Zostera,1979,26.8,20.2,47.1,,,,,0.7,1.5,,0.7
28.583,48.438,Tropical Indo Pacific,Coastal,Halodule,2014,,,8.61,637.68,,,,,,,
29.327,47.832,Tropical Indo Pacific,Coastal,Halodule,2014,,,3.04,498.61,,,,,,,
29.371,48.026,Tropical Indo Pacific,Coastal,Halodule,2014,,,8.11,551.75,,,,,,,
41.673,2.794,Mediterranean,Coastal,Posidonia,1991,,,,78,,7,0.085,,,,
41.737,2.954,Mediterranean,Coastal,Posidonia,1991,,,,111,,6,0.14,,,,
41.737,2.954,Mediterranean,Coastal,Posidonia,1991,,,,153,,5.9,0.239,,,,
41.737,2.954,Mediterranean,Coastal,Posidonia,1991,,,,410,,5.9,0.692,,,,
42.296,3.292,Mediterranean,Coastal,Posidonia,1991,,,,627,,5.1,0.59,,,,
37.017,-7.85,Mediterranean,Estuarine,Zostera,2003,,,,,,,,,,,
0.314,6.735,Tropical Atlantic,Coastal,Halodule,2017,23.65,84.38,108.03,4349,,,,,,,
1.633,7.41,Tropical Atlantic,Estuarine,Halodule,2017,1.91,6.07,7.98,1114,,,,,,,
-8.801791,116.504777,Tropical Indo Pacific,Coastal,Cymodocea,2017,,,,214.67,33.5,,,,,,
-8.801791,116.504777,Tropical Indo Pacific,Coastal,Enhalus,2017,,,,85.11,23.1,,,,,,
-8.801791,116.504777,Tropical Indo Pacific,Coastal,Halophila,2017,,,,42.22,7.8,,,,,,
-8.801791,116.504777,Tropical Indo Pacific,Coastal,Halodule,2017,,,,20.44,31.1,,,,,,
-8.801791,116.504777,Tropical Indo Pacific,Coastal,Thalassia,2017,,,,16.67,2.5,,,,,,
-8.801791,116.504777,Tropical Indo Pacific,Coastal,Thalassodendron,2017,,,,5.56,2.1,,,,,,
-8.801791,116.504777,Tropical Indo Pacific,Coastal,Cymodocea,2017,34.8,49.91,84.72,,,,,,,,
-8.801791,116.504777,Tropical Indo Pacific,Coastal,Enhalus,2017,9.85,17.29,27.15,,,,,,,,
-8.801791,116.504777,Tropical Indo Pacific,Coastal,Thalassia,2017,6.69,11.37,18.06,,,,,,,,
-8.801791,116.504777,Tropical Indo Pacific,Coastal,Cymodocea,2017,15.88,16.22,32.1,,,,,,,,
-8.801791,116.504777,Tropical Indo Pacific,Coastal,Thalassia,2017,28.65,40.54,69.19,,,,,,,,
-8.801791,116.504777,Tropical Indo Pacific,Coastal,Cymodocea,2017,5.55,9.24,14.78,,,,,,,,
-8.801791,116.504777,Tropical Indo Pacific,Coastal,Enhalus,2017,35.7,108.36,144.06,,,,,,,,
-8.801791,116.504777,Tropical Indo Pacific,Coastal,Thalassia,2017,17.55,24.8,42.35,,,,,,,,
-8.801791,116.504777,Tropical Indo Pacific,Coastal,Cymodocea,2017,9.52,16.8,26.32,,,,,,,,
-8.801791,116.504777,Tropical Indo Pacific,Coastal,Enhalus,2017,61.92,140.55,202.47,,,,,,,,
-8.801791,116.504777,Tropical Indo Pacific,Coastal,Cymodocea,2017,3.97,7.57,11.54,,,,,,,,
-8.801791,116.504777,Tropical Indo Pacific,Coastal,Enhalus,2017,25.6,60.41,86.02,,,,,,,,
-8.801791,116.504777,Tropical Indo Pacific,Coastal,Halodule,2017,8.03,14.54,22.56,,,,,,,,
-8.801791,116.504777,Tropical Indo Pacific,Coastal,Thalassodendron,2017,7.95,15.14,23.08,,,,,,,,
-8.801791,116.504777,Tropical Indo Pacific,Coastal,Enhalus,2017,54.3,114.57,168.88,,,,,,,,
-8.801791,116.504777,Tropical Indo Pacific,Coastal,Halophila,2017,3.97,7.57,11.54,,,,,,,,
-6.277,39.176,Tropical Indo Pacific,Coastal,Cymodocea,2007,,,,,22,,,,,,
-6.277,39.176,Tropical Indo Pacific,Coastal,Cymodocea,2007,,,,,21.7,,,,,,
-6.277,39.176,Tropical Indo Pacific,Coastal,Cymodocea,2007,,,,,17.9,,,,,,
-6.277,39.176,Tropical Indo Pacific,Coastal,Halodule,2007,,,,,22.3,,,,,,
-6.277,39.176,Tropical Indo Pacific,Coastal,Halodule,2007,,,,,7.8,,,,,,
-6.277,39.176,Tropical Indo Pacific,Coastal,Halodule,2007,,,,,5.1,,,,,,
-6.277,39.176,Tropical Indo Pacific,Coastal,Halophila,2007,,,,,1.7,,,,,,
-6.277,39.176,Tropical Indo Pacific,Coastal,Halophila,2007,,,,,9.1,,,,,,
-6.277,39.176,Tropical Indo Pacific,Coastal,Halophila,2007,,,,,1.3,,,,,,
-6.277,39.176,Tropical Indo Pacific,Coastal,Syringodium,2007,,,,,20.4,,,,,,
-6.277,39.176,Tropical Indo Pacific,Coastal,Syringodium,2007,,,,,35.2,,,,,,
-6.277,39.176,Tropical Indo Pacific,Coastal,Thalassia,2007,,,,,10.8,,,,,,
-6.277,39.176,Tropical Indo Pacific,Coastal,Thalassia,2007,,,,,17.4,,,,,,
-6.277,39.176,Tropical Indo Pacific,Coastal,Thalassia,2007,,,,,28.1,,,,,,
-6.277,39.176,Tropical Indo Pacific,Coastal,Cymodocea,2008,,,,,26.3,,,,,,
-6.277,39.176,Tropical Indo Pacific,Coastal,Cymodocea,2008,,,,,22.7,,,,,,
-6.277,39.176,Tropical Indo Pacific,Coastal,Cymodocea,2008,,,,,14.5,,,,,,
-6.277,39.176,Tropical Indo Pacific,Coastal,Cymodocea,2008,,,,,5.4,,,,,,
-6.277,39.176,Tropical Indo Pacific,Coastal,Cymodocea,2008,,,,,14.8,,,,,,
-6.277,39.176,Tropical Indo Pacific,Coastal,Halodule,2008,,,,,19.7,,,,,,
-6.277,39.176,Tropical Indo Pacific,Coastal,Halodule,2008,,,,,3,,,,,,
-6.277,39.176,Tropical Indo Pacific,Coastal,Halodule,2008,,,,,3.8,,,,,,
-6.277,39.176,Tropical Indo Pacific,Coastal,Halophila,2008,,,,,1.7,,,,,,
-6.277,39.176,Tropical Indo Pacific,Coastal,Halophila,2008,,,,,1.6,,,,,,
-6.277,39.176,Tropical Indo Pacific,Coastal,Halophila,2008,,,,,0.9,,,,,,
-6.277,39.176,Tropical Indo Pacific,Coastal,Syringodium,2008,,,,,4.8,,,,,,
-6.277,39.176,Tropical Indo Pacific,Coastal,Syringodium,2008,,,,,17.8,,,,,,
-6.277,39.176,Tropical Indo Pacific,Coastal,Syringodium,2008,,,,,42.1,,,,,,
-6.277,39.176,Tropical Indo Pacific,Coastal,Thalassia,2008,,,,,14.9,,,,,,
-6.277,39.176,Tropical Indo Pacific,Coastal,Thalassia,2008,,,,,18.1,,,,,,
-6.277,39.176,Tropical Indo Pacific,Coastal,Thalassia,2008,,,,,24.9,,,,,,
-6.277,39.176,Tropical Indo Pacific,Coastal,Cymodocea,2009,,,,,19.2,,,,,,
-6.277,39.176,Tropical Indo Pacific,Coastal,Cymodocea,2009,,,,,25.2,,,,,,
-6.277,39.176,Tropical Indo Pacific,Coastal,Cymodocea,2009,,,,,20.5,,,,,,
-6.277,39.176,Tropical Indo Pacific,Coastal,Cymodocea,2009,,,,,8.4,,,,,,
-6.277,39.176,Tropical Indo Pacific,Coastal,Cymodocea,2009,,,,,27.4,,,,,,
-6.277,39.176,Tropical Indo Pacific,Coastal,Halodule,2009,,,,,13.5,,,,,,
-6.277,39.176,Tropical Indo Pacific,Coastal,Halodule,2009,,,,,6.3,,,,,,
-6.277,39.176,Tropical Indo Pacific,Coastal,Halodule,2009,,,,,17.1,,,,,,
-6.277,39.176,Tropical Indo Pacific,Coastal,Halophila,2009,,,,,1.5,,,,,,
-6.277,39.176,Tropical Indo Pacific,Coastal,Halophila,2009,,,,,1.7,,,,,,
-6.277,39.176,Tropical Indo Pacific,Coastal,Halophila,2009,,,,,4.4,,,,,,
-6.277,39.176,Tropical Indo Pacific,Coastal,Syringodium,2009,,,,,11.6,,,,,,
-6.277,39.176,Tropical Indo Pacific,Coastal,Syringodium,2009,,,,,35.6,,,,,,
-6.277,39.176,Tropical Indo Pacific,Coastal,Thalassia,2009,,,,,4.9,,,,,,
-6.277,39.176,Tropical Indo Pacific,Coastal,Thalassia,2009,,,,,16.9,,,,,,
-6.277,39.176,Tropical Indo Pacific,Coastal,Thalassia,2009,,,,,19.4,,,,,,
-6.277,39.176,Tropical Indo Pacific,Coastal,Cymodocea,2010,,,,,11.3,,,,,,
-6.277,39.176,Tropical Indo Pacific,Coastal,Cymodocea,2010,,,,,19.8,,,,,,
-6.277,39.176,Tropical Indo Pacific,Coastal,Cymodocea,2010,,,,,19.1,,,,,,
-6.277,39.176,Tropical Indo Pacific,Coastal,Cymodocea,2010,,,,,12.7,,,,,,
-6.277,39.176,Tropical Indo Pacific,Coastal,Cymodocea,2010,,,,,29,,,,,,
-6.277,39.176,Tropical Indo Pacific,Coastal,Halodule,2010,,,,,17.8,,,,,,
-6.277,39.176,Tropical Indo Pacific,Coastal,Halodule,2010,,,,,4,,,,,,
-6.277,39.176,Tropical Indo Pacific,Coastal,Halodule,2010,,,,,23.3,,,,,,
-6.277,39.176,Tropical Indo Pacific,Coastal,Halophila,2010,,,,,1.3,,,,,,
-6.277,39.176,Tropical Indo Pacific,Coastal,Syringodium,2010,,,,,11.6,,,,,,
-6.277,39.176,Tropical Indo Pacific,Coastal,Syringodium,2010,,,,,28.5,,,,,,
-6.277,39.176,Tropical Indo Pacific,Coastal,Thalassia,2010,,,,,22.3,,,,,,
-6.277,39.176,Tropical Indo Pacific,Coastal,Thalassia,2010,,,,,25.7,,,,,,
-6.277,39.176,Tropical Indo Pacific,Coastal,Thalassia,2010,,,,,26.8,,,,,,
-6.277,39.176,Tropical Indo Pacific,Coastal,Cymodocea,2011,,,,,5,,,,,,
-6.277,39.176,Tropical Indo Pacific,Coastal,Cymodocea,2011,,,,,16.4,,,,,,
-6.277,39.176,Tropical Indo Pacific,Coastal,Cymodocea,2011,,,,,3.5,,,,,,
-6.277,39.176,Tropical Indo Pacific,Coastal,Cymodocea,2011,,,,,3.9,,,,,,
-6.277,39.176,Tropical Indo Pacific,Coastal,Cymodocea,2011,,,,,19.5,,,,,,
-6.277,39.176,Tropical Indo Pacific,Coastal,Halodule,2011,,,,,11.3,,,,,,
-6.277,39.176,Tropical Indo Pacific,Coastal,Halodule,2011,,,,,7.3,,,,,,
-6.277,39.176,Tropical Indo Pacific,Coastal,Halodule,2011,,,,,10,,,,,,
-6.277,39.176,Tropical Indo Pacific,Coastal,Halophila,2011,,,,,2.3,,,,,,
-6.277,39.176,Tropical Indo Pacific,Coastal,Halophila,2011,,,,,1.5,,,,,,
-6.277,39.176,Tropical Indo Pacific,Coastal,Halophila,2011,,,,,3.2,,,,,,
-6.277,39.176,Tropical Indo Pacific,Coastal,Syringodium,2011,,,,,10.2,,,,,,
-6.277,39.176,Tropical Indo Pacific,Coastal,Syringodium,2011,,,,,27.4,,,,,,
-6.277,39.176,Tropical Indo Pacific,Coastal,Thalassia,2011,,,,,25.1,,,,,,
-6.277,39.176,Tropical Indo Pacific,Coastal,Thalassia,2011,,,,,27.4,,,,,,
-6.277,39.176,Tropical Indo Pacific,Coastal,Thalassia,2011,,,,,27.6,,,,,,
-6.277,39.176,Tropical Indo Pacific,Coastal,Cymodocea,2012,,,,,15,,,,,,
-6.277,39.176,Tropical Indo Pacific,Coastal,Cymodocea,2012,,,,,11.1,,,,,,
-6.277,39.176,Tropical Indo Pacific,Coastal,Cymodocea,2012,,,,,8,,,,,,
-6.277,39.176,Tropical Indo Pacific,Coastal,Cymodocea,2012,,,,,6,,,,,,
-6.277,39.176,Tropical Indo Pacific,Coastal,Cymodocea,2012,,,,,24.9,,,,,,
-6.277,39.176,Tropical Indo Pacific,Coastal,Halodule,2012,,,,,16.7,,,,,,
-6.277,39.176,Tropical Indo Pacific,Coastal,Halodule,2012,,,,,6.8,,,,,,
-6.277,39.176,Tropical Indo Pacific,Coastal,Halodule,2012,,,,,3.1,,,,,,
-6.277,39.176,Tropical Indo Pacific,Coastal,Halophila,2012,,,,,3.6,,,,,,
-6.277,39.176,Tropical Indo Pacific,Coastal,Halophila,2012,,,,,3.3,,,,,,
-6.277,39.176,Tropical Indo Pacific,Coastal,Halophila,2012,,,,,2.7,,,,,,
-6.277,39.176,Tropical Indo Pacific,Coastal,Syringodium,2012,,,,,2.5,,,,,,
-6.277,39.176,Tropical Indo Pacific,Coastal,Syringodium,2012,,,,,10,,,,,,
-6.277,39.176,Tropical Indo Pacific,Coastal,Thalassia,2012,,,,,26.4,,,,,,
-6.277,39.176,Tropical Indo Pacific,Coastal,Thalassia,2012,,,,,18.4,,,,,,
-6.277,39.176,Tropical Indo Pacific,Coastal,Thalassia,2012,,,,,23.7,,,,,,
-6.277,39.176,Tropical Indo Pacific,Coastal,Cymodocea,2013,,,,,19.9,,,,,,
-6.277,39.176,Tropical Indo Pacific,Coastal,Cymodocea,2013,,,,,13.7,,,,,,
-6.277,39.176,Tropical Indo Pacific,Coastal,Cymodocea,2013,,,,,7.5,,,,,,
-6.277,39.176,Tropical Indo Pacific,Coastal,Cymodocea,2013,,,,,9.1,,,,,,
-6.277,39.176,Tropical Indo Pacific,Coastal,Cymodocea,2013,,,,,26.2,,,,,,
-6.277,39.176,Tropical Indo Pacific,Coastal,Halodule,2013,,,,,18.9,,,,,,
-6.277,39.176,Tropical Indo Pacific,Coastal,Halodule,2013,,,,,5.5,,,,,,
-6.277,39.176,Tropical Indo Pacific,Coastal,Halodule,2013,,,,,2.8,,,,,,
-6.277,39.176,Tropical Indo Pacific,Coastal,Halophila,2013,,,,,3.8,,,,,,
-6.277,39.176,Tropical Indo Pacific,Coastal,Halophila,2013,,,,,3.1,,,,,,
-6.277,39.176,Tropical Indo Pacific,Coastal,Halophila,2013,,,,,3,,,,,,
-6.277,39.176,Tropical Indo Pacific,Coastal,Syringodium,2013,,,,,3.6,,,,,,
-6.277,39.176,Tropical Indo Pacific,Coastal,Syringodium,2013,,,,,5,,,,,,
-6.277,39.176,Tropical Indo Pacific,Coastal,Thalassia,2013,,,,,22.1,,,,,,
-6.277,39.176,Tropical Indo Pacific,Coastal,Thalassia,2013,,,,,16.2,,,,,,
-6.277,39.176,Tropical Indo Pacific,Coastal,Thalassia,2013,,,,,21.5,,,,,,
-6.277,39.176,Tropical Indo Pacific,Coastal,Cymodocea,2014,,,,,19.3,,,,,,
-6.277,39.176,Tropical Indo Pacific,Coastal,Cymodocea,2014,,,,,11.8,,,,,,
-6.277,39.176,Tropical Indo Pacific,Coastal,Cymodocea,2014,,,,,10.6,,,,,,
-6.277,39.176,Tropical Indo Pacific,Coastal,Cymodocea,2014,,,,,19.7,,,,,,
-6.277,39.176,Tropical Indo Pacific,Coastal,Cymodocea,2014,,,,,23.5,,,,,,
-6.277,39.176,Tropical Indo Pacific,Coastal,Halodule,2014,,,,,15,,,,,,
-6.277,39.176,Tropical Indo Pacific,Coastal,Halodule,2014,,,,,6.1,,,,,,
-6.277,39.176,Tropical Indo Pacific,Coastal,Halodule,2014,,,,,4.2,,,,,,
-6.277,39.176,Tropical Indo Pacific,Coastal,Halophila,2014,,,,,2.3,,,,,,
-6.277,39.176,Tropical Indo Pacific,Coastal,Halophila,2014,,,,,2.9,,,,,,
-6.277,39.176,Tropical Indo Pacific,Coastal,Halophila,2014,,,,,3.3,,,,,,
-6.277,39.176,Tropical Indo Pacific,Coastal,Syringodium,2014,,,,,3.5,,,,,,
-6.277,39.176,Tropical Indo Pacific,Coastal,Syringodium,2014,,,,,10.5,,,,,,
-6.277,39.176,Tropical Indo Pacific,Coastal,Thalassia,2014,,,,,16.4,,,,,,
-6.277,39.176,Tropical Indo Pacific,Coastal,Thalassia,2014,,,,,17.8,,,,,,
-6.277,39.176,Tropical Indo Pacific,Coastal,Thalassia,2014,,,,,18.4,,,,,,
-6.277,39.176,Tropical Indo Pacific,Coastal,Cymodocea,2015,,,,,20.1,,,,,,
-6.277,39.176,Tropical Indo Pacific,Coastal,Cymodocea,2015,,,,,14.9,,,,,,
-6.277,39.176,Tropical Indo Pacific,Coastal,Cymodocea,2015,,,,,13.5,,,,,,
-6.277,39.176,Tropical Indo Pacific,Coastal,Cymodocea,2015,,,,,21.6,,,,,,
-6.277,39.176,Tropical Indo Pacific,Coastal,Cymodocea,2015,,,,,27.6,,,,,,
-6.277,39.176,Tropical Indo Pacific,Coastal,Halodule,2015,,,,,14.8,,,,,,
-6.277,39.176,Tropical Indo Pacific,Coastal,Halodule,2015,,,,,5.6,,,,,,
-6.277,39.176,Tropical Indo Pacific,Coastal,Halodule,2015,,,,,3.6,,,,,,
-6.277,39.176,Tropical Indo Pacific,Coastal,Halophila,2015,,,,,2.6,,,,,,
-6.277,39.176,Tropical Indo Pacific,Coastal,Halophila,2015,,,,,2,,,,,,
-6.277,39.176,Tropical Indo Pacific,Coastal,Halophila,2015,,,,,3.9,,,,,,
-6.277,39.176,Tropical Indo Pacific,Coastal,Syringodium,2015,,,,,7,,,,,,
-6.277,39.176,Tropical Indo Pacific,Coastal,Syringodium,2015,,,,,8.3,,,,,,
-6.277,39.176,Tropical Indo Pacific,Coastal,Thalassia,2015,,,,,13.4,,,,,,
-6.277,39.176,Tropical Indo Pacific,Coastal,Thalassia,2015,,,,,16,,,,,,
-6.277,39.176,Tropical Indo Pacific,Coastal,Thalassia,2015,,,,,22.9,,,,,,
-6.277,39.176,Tropical Indo Pacific,Coastal,Cymodocea,2016,,,,,20.4,,,,,,
-6.277,39.176,Tropical Indo Pacific,Coastal,Cymodocea,2016,,,,,15.4,,,,,,
-6.277,39.176,Tropical Indo Pacific,Coastal,Cymodocea,2016,,,,,14,,,,,,
-6.277,39.176,Tropical Indo Pacific,Coastal,Cymodocea,2016,,,,,12.9,,,,,,
-6.277,39.176,Tropical Indo Pacific,Coastal,Cymodocea,2016,,,,,22.5,,,,,,
-6.277,39.176,Tropical Indo Pacific,Coastal,Halodule,2016,,,,,9.6,,,,,,
-6.277,39.176,Tropical Indo Pacific,Coastal,Halodule,2016,,,,,4.7,,,,,,
-6.277,39.176,Tropical Indo Pacific,Coastal,Halodule,2016,,,,,3.7,,,,,,
-6.277,39.176,Tropical Indo Pacific,Coastal,Halophila,2016,,,,,1.5,,,,,,
-6.277,39.176,Tropical Indo Pacific,Coastal,Halophila,2016,,,,,2.5,,,,,,
-6.277,39.176,Tropical Indo Pacific,Coastal,Halophila,2016,,,,,2.4,,,,,,
-6.277,39.176,Tropical Indo Pacific,Coastal,Syringodium,2016,,,,,3.9,,,,,,
-6.277,39.176,Tropical Indo Pacific,Coastal,Syringodium,2016,,,,,12.4,,,,,,
-6.277,39.176,Tropical Indo Pacific,Coastal,Thalassia,2016,,,,,16.1,,,,,,
-6.277,39.176,Tropical Indo Pacific,Coastal,Thalassia,2016,,,,,20.5,,,,,,
-6.277,39.176,Tropical Indo Pacific,Coastal,Thalassia,2016,,,,,24.8,,,,,,
40.824,24.317,Mediterranean,Coastal,Cymodocea,2017,,,,97.67,,,,,,,
40.843,24.308,Mediterranean,Coastal,Cymodocea,2017,,,,75.83,,,,,,,
40.912,24.571,Mediterranean,Coastal,Cymodocea,2017,,,,54.25,,,,,,,
40.949,24.487,Mediterranean,Coastal,Cymodocea,2017,,,,57.5,,,,,,,
30.374,-88.256,Tropical Atlantic,Estuarine,Ruppia,2005,,,,,,7539.4,,,,,
30.374,-88.256,Tropical Atlantic,Estuarine,Ruppia,2005,,,,,,12696.45,,,,,
30.374,-88.256,Tropical Atlantic,Estuarine,Ruppia,2005,7.19,6.35,13.53,,,7471.53,,,,,
30.374,-88.256,Tropical Atlantic,Estuarine,Ruppia,2005,18.88,21,39.88,,,15264.76,,,,,
30.374,-88.256,Tropical Atlantic,Estuarine,Ruppia,2005,7.01,7.96,14.96,,,4159.46,,,,,
30.374,-88.256,Tropical Atlantic,Estuarine,Ruppia,2005,9.44,15.1,24.54,,,5748.29,,,,,
30.374,-88.256,Tropical Atlantic,Estuarine,Ruppia,2005,4.95,3.19,8.14,,,3401.73,,,,,
30.374,-88.256,Tropical Atlantic,Estuarine,Ruppia,2005,2.38,0.37,2.75,,,1054.95,,,,,
30.374,-88.256,Tropical Atlantic,Estuarine,Ruppia,2005,11.09,16.76,27.85,,,7482.07,,,,,
30.374,-88.256,Tropical Atlantic,Estuarine,Ruppia,2005,7.08,6.84,13.92,,,3175.36,,,,,
30.374,-88.256,Tropical Atlantic,Estuarine,Ruppia,2005,1.43,0.37,1.8,,,1403.01,,,,,
30.374,-88.256,Tropical Atlantic,Estuarine,Ruppia,2005,,,,,,646.47,,,,,
30.374,-88.256,Tropical Atlantic,Estuarine,Ruppia,2005,12.51,26.67,39.17,,,3728.14,,,,,
30.374,-88.256,Tropical Atlantic,Estuarine,Ruppia,2005,,,,,,9072.34,,,,,
30.374,-88.256,Tropical Atlantic,Estuarine,Halodule,2005,,,,5098,,,,,,,
30.374,-88.256,Tropical Atlantic,Estuarine,Halodule,2005,,,,7565,,,,,,,
30.374,-88.256,Tropical Atlantic,Estuarine,Halodule,2005,,,,1973,,,,,,,
30.374,-88.256,Tropical Atlantic,Estuarine,Halodule,2005,,,,4029,,,,,,,
30.374,-88.256,Tropical Atlantic,Estuarine,Halodule,2005,,,,2220,,,,,,,
30.374,-88.256,Tropical Atlantic,Estuarine,Halodule,2005,,,,2384,,,,,,,
30.374,-88.256,Tropical Atlantic,Estuarine,Halodule,2005,,,,8305,,,,,,,
30.374,-88.256,Tropical Atlantic,Estuarine,Halodule,2005,,,,4194,,,,,,,
30.374,-88.256,Tropical Atlantic,Estuarine,Halodule,2005,,,,13569,,,,,,,
30.374,-88.256,Tropical Atlantic,Estuarine,Halodule,2005,,,,11759,,,,,,,
30.374,-88.256,Tropical Atlantic,Estuarine,Halodule,2005,,,,9786,,,,,,,
30.374,-88.256,Tropical Atlantic,Estuarine,Halodule,2005,,,,3207,,,,,,,
30.374,-88.256,Tropical Atlantic,Estuarine,Halodule,2005,10.8,13.8,24.6,,,,,,,,
30.374,-88.256,Tropical Atlantic,Estuarine,Halodule,2005,2,5.6,7.6,,,,,,,,
30.374,-88.256,Tropical Atlantic,Estuarine,Halodule,2005,5.9,12.2,18.1,,,,,,,,
30.374,-88.256,Tropical Atlantic,Estuarine,Halodule,2005,3.6,4.9,8.5,,,,,,,,
30.374,-88.256,Tropical Atlantic,Estuarine,Halodule,2005,9.5,25.1,34.6,,,,,,,,
30.374,-88.256,Tropical Atlantic,Estuarine,Halodule,2005,5.2,7.9,13.1,,,,,,,,
30.374,-88.256,Tropical Atlantic,Estuarine,Halodule,2005,21,43.8,64.8,,,,,,,,
30.374,-88.256,Tropical Atlantic,Estuarine,Halodule,2005,15.4,35.3,50.7,,,,,,,,
30.374,-88.256,Tropical Atlantic,Estuarine,Halodule,2005,13.1,48.5,61.6,,,,,,,,
30.374,-88.256,Tropical Atlantic,Estuarine,Halodule,2005,3.9,6.3,10.2,,,,,,,,
30.374,-88.256,Tropical Atlantic,Estuarine,Halodule,2006,,,,14967,,,,,,,
30.374,-88.256,Tropical Atlantic,Estuarine,Halodule,2006,,,,7236,,,,,,,
30.374,-88.256,Tropical Atlantic,Estuarine,Halodule,2006,,,,4687,,,,,,,
30.374,-88.256,Tropical Atlantic,Estuarine,Halodule,2006,,,,10608,,,,,,,
30.374,-88.256,Tropical Atlantic,Estuarine,Halodule,2006,19.3,28.7,48,,,,,,,,
30.374,-88.256,Tropical Atlantic,Estuarine,Halodule,2006,16.7,29.7,46.4,,,,,,,,
30.374,-88.256,Tropical Atlantic,Estuarine,Halodule,2006,10.5,24.1,34.6,,,,,,,,
30.374,-88.256,Tropical Atlantic,Estuarine,Halodule,2006,27.5,52.1,79.6,,,,,,,,
37.658,23.988,Mediterranean,Coastal,Posidonia,2006,345.24,398.34,743.6,453.3,,,,,,,1.814
37.658,23.988,Mediterranean,Coastal,Posidonia,2006,237.5,170.25,407.7,344,,,,,,,0.874
37.658,23.988,Mediterranean,Coastal,Posidonia,2006,89.88,789.45,879.3,285.3,,,,,,,0.683
37.658,23.988,Mediterranean,Coastal,Posidonia,2006,110.71,111.77,222.5,296,,,,,,,0.742
37.658,23.988,Mediterranean,Coastal,Posidonia,2007,172.02,145.08,317.1,286.7,,,,,,,0.757
37.658,23.988,Mediterranean,Coastal,Posidonia,2007,273.21,483.18,756.4,318.7,,,,,,,0.971
24.193,-97.753,Tropical Atlantic,Coastal,Halodule,2017,52.93,90.38,143.31,,,,,,,,
24.193,-97.753,Tropical Atlantic,Estuarine,Ruppia,2017,56.99,75.04,132.03,,,,,,,,
24.193,-97.753,Tropical Atlantic,Coastal,Syringodium,2017,51.58,94.89,146.47,,,,,,,,
24.193,-97.753,Tropical Atlantic,Coastal,Thalassia,2017,107.07,132.33,239.4,,,,,,,,
24.193,-97.753,Tropical Atlantic,Coastal,Halophila,2017,10.98,57.9,68.87,,,,,,,,
-26.001,32.901,Tropical Indo Pacific,Coastal,Thalassodendron,1992,310.9,523.7,834.6,,,,,,,,
-26.001,32.901,Tropical Indo Pacific,Coastal,Thalassodendron,1992,137.5,182.1,319.6,,,,,,,,
-26.033,32.881,Tropical Indo Pacific,Coastal,Thalassodendron,1993,646.4,1079.2,1725.6,,,,,,,,
-26.001,32.901,Tropical Indo Pacific,Coastal,Thalassodendron,1993,423,683.7,1106.7,,,,,,,,
-26.033,32.881,Tropical Indo Pacific,Coastal,Thalassodendron,1994,258,277.8,535.8,,,,,,,,
-26.001,32.901,Tropical Indo Pacific,Estuarine,Thalassodendron,1998,258,301,559,4561,,,,,,,0.6
-26.001,32.901,Tropical Indo Pacific,Estuarine,Thalassodendron,1998,124,183,307,888,,,,,,,1.3
28.919,-83.276,Tropical Atlantic,Coastal,Thalassia,2011,,,,982.39,,,,,,,
28.919,-83.276,Tropical Atlantic,Coastal,Thalassia,2012,,,,922.28,,,,,,,
28.919,-83.276,Tropical Atlantic,Coastal,Thalassia,2012,,,,884.5,,,,,,,
28.919,-83.276,Tropical Atlantic,Coastal,Thalassia,2012,,,,743.67,,,,,,,
28.919,-83.276,Tropical Atlantic,Coastal,Thalassia,2012,,,,668.1,,,,,,,
28.919,-83.276,Tropical Atlantic,Coastal,Thalassia,2012,,,,462.01,,,,,,,
28.919,-83.276,Tropical Atlantic,Coastal,Thalassia,2012,,,,449.99,,,,,,,
28.919,-83.276,Tropical Atlantic,Coastal,Thalassia,2012,,,,376.14,,,,,,,
28.919,-83.276,Tropical Atlantic,Coastal,Thalassia,2012,,,,417.36,,,,,,,
28.919,-83.276,Tropical Atlantic,Coastal,Thalassia,2012,,,,358.97,,,,,,,
28.919,-83.276,Tropical Atlantic,Coastal,Thalassia,2012,,,,348.66,,,,,,,
28.919,-83.276,Tropical Atlantic,Coastal,Thalassia,2012,,,,279.97,,,,,,,
28.919,-83.276,Tropical Atlantic,Coastal,Thalassia,2012,,,,927.44,,,,,,,
28.919,-83.276,Tropical Atlantic,Coastal,Thalassia,2012,,,,386.45,,,,,,,
28.919,-83.276,Tropical Atlantic,Coastal,Thalassia,2012,,,,49.83,,,,,,,
28.919,-83.276,Tropical Atlantic,Coastal,Thalassia,2012,,,,36.09,,,,,,,
28.919,-83.276,Tropical Atlantic,Coastal,Thalassia,2012,,,,832.98,,,,,,,
28.919,-83.276,Tropical Atlantic,Coastal,Thalassia,2012,,,,673.26,,,,,,,
28.919,-83.276,Tropical Atlantic,Coastal,Thalassia,2012,,,,724.78,,,,,,,
28.919,-83.276,Tropical Atlantic,Coastal,Thalassia,2012,,,,546.17,,,,,,,
28.919,-83.276,Tropical Atlantic,Coastal,Thalassia,2012,,,,218.14,,,,,,,
28.919,-83.276,Tropical Atlantic,Coastal,Thalassia,2012,,,,36.09,,,,,,,
28.919,-83.276,Tropical Atlantic,Coastal,Thalassia,2012,,,,85.9,,,,,,,
28.919,-83.276,Tropical Atlantic,Coastal,Thalassia,2012,,,,903.39,,,,,,,
28.919,-83.276,Tropical Atlantic,Coastal,Thalassia,2012,,,,659.52,,,,,,,
28.919,-83.276,Tropical Atlantic,Coastal,Thalassia,2012,,,,681.84,,,,,,,
28.919,-83.276,Tropical Atlantic,Coastal,Thalassia,2012,,,,537.58,,,,,,,
28.919,-83.276,Tropical Atlantic,Coastal,Thalassia,2012,,,,504.95,,,,,,,
28.919,-83.276,Tropical Atlantic,Coastal,Thalassia,2012,,,,496.36,,,,,,,
28.919,-83.276,Tropical Atlantic,Coastal,Thalassia,2012,,,,599.41,,,,,,,
28.919,-83.276,Tropical Atlantic,Coastal,Thalassia,2012,,,,386.45,,,,,,,
28.919,-83.276,Tropical Atlantic,Coastal,Thalassia,2012,,,,243.9,,,,,,,
28.919,-83.276,Tropical Atlantic,Coastal,Thalassia,2012,,,,307.44,,,,,,,
28.919,-83.276,Tropical Atlantic,Coastal,Thalassia,2012,,,,721.34,,,,,,,
28.919,-83.276,Tropical Atlantic,Coastal,Thalassia,2012,,,,362.4,,,,,,,
28.919,-83.276,Tropical Atlantic,Coastal,Thalassia,2012,,,,144.29,,,,,,,
28.919,-83.276,Tropical Atlantic,Coastal,Thalassia,2012,,,,27.5,,,,,,,
28.919,-83.276,Tropical Atlantic,Coastal,Thalassia,2012,,,,82.46,,,,,,,
28.919,-83.276,Tropical Atlantic,Coastal,Thalassia,2012,,,,51.55,,,,,,,
28.919,-83.276,Tropical Atlantic,Coastal,Thalassia,2012,,,,61.85,,,,,,,
28.779,-82.798,Tropical Atlantic,Coastal,Thalassia,2013,,,,757,,,,,,,
28.902,-83.015,Tropical Atlantic,Coastal,Thalassia,2013,,,,656,,,,,,,
29.368,-83.275,Tropical Atlantic,Coastal,Thalassia,2013,,,,296,,,,,,,
42.562,8.78,Mediterranean,Coastal,Posidonia,1975,350.5,,,407,,,,34,,,
42.562,8.78,Mediterranean,Coastal,Posidonia,1975,69.6,,,223,,,,13,,,
42.562,8.78,Mediterranean,Coastal,Posidonia,1975,,,,,,,,4,,,
42.562,8.78,Mediterranean,Coastal,Posidonia,1975,,,,,,,,2,,,
42.562,8.78,Mediterranean,Coastal,Posidonia,1976,472.5,,,,,,,,,,
42.562,8.78,Mediterranean,Coastal,Posidonia,1976,88.4,,,,,,,,,,
42.562,8.78,Mediterranean,Coastal,Posidonia,1977,,,,408,,,,,,,
42.562,8.78,Mediterranean,Coastal,Posidonia,1977,,,,349,,,,,,,
42.562,8.78,Mediterranean,Coastal,Posidonia,1977,,,,379,,,,,,,
42.562,8.78,Mediterranean,Coastal,Posidonia,1977,,,,199,,,,,,,
42.562,8.78,Mediterranean,Coastal,Posidonia,1977,,,,174,,,,,,,
42.562,8.78,Mediterranean,Coastal,Posidonia,1977,,,,133,,,,,,,
42.562,8.78,Mediterranean,Coastal,Posidonia,1977,,,,66,,,,,,,
44.886,-67.141,Temperate North Atlantic,Coastal,Zostera,1995,32.26,,,,,,,,,,0.967
44.886,-67.141,Temperate North Atlantic,Coastal,Zostera,1995,55.69,,,,,,,,,,1.033
44.886,-67.141,Temperate North Atlantic,Coastal,Zostera,1995,26.83,,,,,,,,,,1.486
44.886,-67.141,Temperate North Atlantic,Coastal,Zostera,1995,40.75,,,,,,,,,,1.189
44.886,-67.141,Temperate North Atlantic,Coastal,Zostera,1995,47.37,,,,,,,,,,0.664
44.886,-67.141,Temperate North Atlantic,Coastal,Zostera,1995,62.65,,,,,,,,,,1.078
44.886,-67.141,Temperate North Atlantic,Coastal,Zostera,1995,38.03,,,,,,,,,,0.867
44.822833,-67.155667,Temperate North Atlantic,Coastal,Zostera,1995,53.85,,,,,,,,,,1.222
44.822833,-67.155667,Temperate North Atlantic,Coastal,Zostera,1995,30.09,,,,,,,,,,0.847
44.822833,-67.155667,Temperate North Atlantic,Coastal,Zostera,1995,20,,,,,,,,,,0.457
44.822833,-67.155667,Temperate North Atlantic,Coastal,Zostera,1995,8.89,,,,,,,,,,0.173
44.8135,-67.138167,Temperate North Atlantic,Coastal,Zostera,1995,29.74,,,,,,,,,,
44.8135,-67.138167,Temperate North Atlantic,Coastal,Zostera,1995,41.03,,,,,,,,,,
44.8135,-67.138167,Temperate North Atlantic,Coastal,Zostera,1995,29.4,,,,,,,,,,
44.8135,-67.138167,Temperate North Atlantic,Coastal,Zostera,1995,31.28,,,,,,,,,,
44.886,-67.141,Temperate North Atlantic,Coastal,Zostera,1996,28.35,,,,,,,,,,0.197
44.886,-67.141,Temperate North Atlantic,Coastal,Zostera,1996,18.51,,,,,,,,,,0.189
44.886,-67.141,Temperate North Atlantic,Coastal,Zostera,1996,47.71,,,,,,,,,,0.936
44.886,-67.141,Temperate North Atlantic,Coastal,Zostera,1996,53.48,,,,,,,,,,1.486
44.886,-67.141,Temperate North Atlantic,Coastal,Zostera,1996,67.57,,,,,,,,,,1.456
44.886,-67.141,Temperate North Atlantic,Coastal,Zostera,1996,77.59,,,,,,,,,,1.419
44.822833,-67.155667,Temperate North Atlantic,Coastal,Zostera,1996,14.36,,,,,,,,,,0.098
44.822833,-67.155667,Temperate North Atlantic,Coastal,Zostera,1996,,,,,,,,,,,0.006
44.822833,-67.155667,Temperate North Atlantic,Coastal,Zostera,1996,20.85,,,,,,,,,,0.757
44.822833,-67.155667,Temperate North Atlantic,Coastal,Zostera,1996,29.57,,,,,,,,,,1.032
44.822833,-67.155667,Temperate North Atlantic,Coastal,Zostera,1996,24.96,,,,,,,,,,0.642
44.822833,-67.155667,Temperate North Atlantic,Coastal,Zostera,1996,35.38,,,,,,,,,,0.881
53.148,-9.129,Temperate North Atlantic,Coastal,Zostera,2015,48.6,,,,82,,,,,,
53.148,-9.129,Temperate North Atlantic,Coastal,Zostera,2015,92.1,209.6,301.7,,81,,,,,,
53.148,-9.129,Temperate North Atlantic,Coastal,Zostera,2015,70.8,,,,73,,,,,,
53.261,-9.642,Temperate North Atlantic,Coastal,Zostera,2015,,,,193.2,,,,,,,
53.261,-9.642,Temperate North Atlantic,Coastal,Zostera,2015,,,,236.1,,,,,,,
53.261,-9.642,Temperate North Atlantic,Coastal,Zostera,2015,,,,194.8,,,,,,,
53.299,-9.712,Temperate North Atlantic,Coastal,Zostera,2015,49.7,,,165.3,66,,,,,,
53.299,-9.714,Temperate North Atlantic,Coastal,Zostera,2015,33.4,,,62,18,,,,,,
53.299,-9.641,Temperate North Atlantic,Coastal,Zostera,2015,46.7,,,185.4,78,,,,,,
53.299,-9.712,Temperate North Atlantic,Coastal,Zostera,2015,116.8,244.1,360.9,269.3,97,,,,,,
53.299,-9.714,Temperate North Atlantic,Coastal,Zostera,2015,64.3,168.8,233.1,69.2,44,,,,,,
53.299,-9.641,Temperate North Atlantic,Coastal,Zostera,2015,128.5,,,248.2,91,,,,,,
53.299,-9.712,Temperate North Atlantic,Coastal,Zostera,2015,67.2,,,184,77,,,,,,
53.299,-9.714,Temperate North Atlantic,Coastal,Zostera,2015,63.5,,,78.6,35,,,,,,
53.299,-9.641,Temperate North Atlantic,Coastal,Zostera,2015,61.9,,,148.6,64,,,,,,
53.148,-9.129,Temperate North Atlantic,Coastal,Zostera,2016,40.2,129.1,169.3,,61,,,,,,
53.261,-9.642,Temperate North Atlantic,Coastal,Zostera,2016,,,,229.9,,,,,,,
53.299,-9.712,Temperate North Atlantic,Coastal,Zostera,2016,53.4,202.04,255.44,206.8,64,,,,,,
53.299,-9.714,Temperate North Atlantic,Coastal,Zostera,2016,21.3,187.8,209.1,64.1,27,,,,,,
53.299,-9.641,Temperate North Atlantic,Coastal,Zostera,2016,38.5,,,188.1,62,,,,,,
29.498,34.913,Mediterranean,Coastal,Halophila,2014,7,9,16,1225,7,2555,,,,,
29.498,34.913,Mediterranean,Coastal,Halophila,2014,33,53,86,3311,77,7200,,,,,
29.498,34.913,Mediterranean,Coastal,Halophila,2014,25,31,56,1391,79,3252,,,,,
29.498,34.913,Mediterranean,Coastal,Halophila,2014,17,34,51,1623,17,2941,,,,,
29.498,34.913,Mediterranean,Coastal,Halophila,2014,32,86,118,3311,81,7819,,,,,
29.498,34.913,Mediterranean,Coastal,Halophila,2014,30,54,84,2219,81,3329,,,,,
29.541,34.974,Mediterranean,Coastal,Halophila,2014,73,60,133,2114,55,5342,,,,,
29.541,34.974,Mediterranean,Coastal,Halophila,2014,44,70,114,1745,68,4103,,,,,
29.541,34.974,Mediterranean,Coastal,Halophila,2014,57,71,128,1644,61,4413,,,,,
29.541,34.974,Mediterranean,Coastal,Halophila,2014,107,115,222,3993,83,8748,,,,,
29.541,34.974,Mediterranean,Coastal,Halophila,2014,61,63,124,2483,76,6116,,,,,
29.541,34.974,Mediterranean,Coastal,Halophila,2014,43,40,83,1711,83,4181,,,,,
-6.158,39.192,Tropical Indo Pacific,Coastal,Cymodocea,2013,110.09,289.08,399.17,974,,,,,,,
-6.158,39.192,Tropical Indo Pacific,Coastal,Cymodocea,2013,73.39,157.6,231,654.94,,,,,,,
-6.158,39.192,Tropical Indo Pacific,Coastal,Cymodocea,2013,192.66,312.31,504.97,1095.38,,,,,,,
-6.158,39.192,Tropical Indo Pacific,Coastal,Thalassodendron,2013,1509.17,711.52,2220.69,1178.9,,,,,,,
-6.158,39.192,Tropical Indo Pacific,Coastal,Thalassodendron,2013,417.43,652.43,1069.86,700.21,,,,,,,
-6.158,39.192,Tropical Indo Pacific,Coastal,Thalassodendron,2013,4.59,,1.38,,,,,,,,
-6.158,39.192,Tropical Indo Pacific,Coastal,Halodule,2013,22.94,199.45,222.38,5245.95,,,,,,,
-6.158,39.192,Tropical Indo Pacific,Coastal,Halodule,2013,36.7,150.71,187.41,2078.59,,,,,,,
-6.158,39.192,Tropical Indo Pacific,Coastal,Halodule,2013,64.22,333,397.22,5683.58,,,,,,,
-6.158,39.192,Tropical Indo Pacific,Coastal,Thalassia,2013,45.87,270.12,315.99,672.97,,,,,,,
-6.158,39.192,Tropical Indo Pacific,Coastal,Thalassia,2013,32.11,242.09,274.2,702.21,,,,,,,
-6.158,39.192,Tropical Indo Pacific,Coastal,Thalassia,2013,137.62,376.11,513.72,2028.32,,,,,,,
-6.158,39.192,Tropical Indo Pacific,Coastal,Thalassia,2013,59.63,451.15,510.78,1099.98,,,,,,,
-6.158,39.192,Tropical Indo Pacific,Coastal,Thalassia,2013,59.63,398.96,458.59,1603.71,,,,,,,
-6.158,39.192,Tropical Indo Pacific,Coastal,Thalassia,2013,91.74,298.52,390.26,588.25,,,,,,,
37.262,-75.815,Temperate North Pacific,Coastal,Zostera,2007,,,,447.45,,,,,,,
37.262,-75.815,Temperate North Pacific,Coastal,Zostera,2011,,,,513.42,,,,,,,
37.262,-75.815,Temperate North Pacific,Coastal,Zostera,2011,,,,250.31,,,,,,,
37.262,-75.815,Temperate North Pacific,Coastal,Zostera,2012,,,,160.11,,,,,,,
37.262,-75.815,Temperate North Pacific,Coastal,Zostera,2012,,,,694.08,,,,,,,
37.262,-75.815,Temperate North Pacific,Coastal,Zostera,2012,,,,532.06,,,,,,,
37.262,-75.815,Temperate North Pacific,Coastal,Zostera,2012,,,,488.51,,,,,,,
37.262,-75.815,Temperate North Pacific,Coastal,Zostera,2014,,,,422.88,,,,,,,
37.262,-75.815,Temperate North Pacific,Coastal,Zostera,2014,,,,635.31,,,,,,,
37.262,-75.815,Temperate North Pacific,Coastal,Zostera,2014,,,,430.59,,,,,,,
37.262,-75.815,Temperate North Pacific,Coastal,Zostera,2014,,,,206.72,,,,,,,
37.262,-75.815,Temperate North Pacific,Coastal,Zostera,2015,,,,311.83,,,,,,,
37.262,-75.815,Temperate North Pacific,Coastal,Zostera,2015,,,,225.82,,,,,,,
37.262,-75.815,Temperate North Pacific,Coastal,Zostera,2015,,,,34.49,,,,,,,
37.262,-75.815,Temperate North Pacific,Coastal,Zostera,2015,,,,31.86,,,,,,,
37.262,-75.815,Temperate North Pacific,Coastal,Zostera,2015,,,,12.8,,,,,,,
37.262,-75.815,Temperate North Pacific,Coastal,Zostera,2016,,,,53.34,,,,,,,
37.262,-75.815,Temperate North Pacific,Coastal,Zostera,2016,,,,112.28,,,,,,,
37.262,-75.815,Temperate North Pacific,Coastal,Zostera,2016,,,,105.41,,,,,,,
37.262,-75.815,Temperate North Pacific,Coastal,Zostera,2016,,,,212.61,,,,,,,
37.262,-75.815,Temperate North Pacific,Coastal,Zostera,2016,,,,33.81,,,,,,,
37.262,-75.815,Temperate North Pacific,Coastal,Zostera,2017,,,,138.21,,,,,,,
37.262,-75.815,Temperate North Pacific,Coastal,Zostera,2017,,,,153.76,,,,,,,
37.262,-75.815,Temperate North Pacific,Coastal,Zostera,2017,,,,314.25,,,,,,,
37.262,-75.815,Temperate North Pacific,Coastal,Zostera,2017,,,,110.24,,,,,,,
37.262,-75.815,Temperate North Pacific,Coastal,Zostera,2017,,,,207.56,,,,,,,
37.262,-75.815,Temperate North Pacific,Coastal,Zostera,2018,,,,106.39,,,,,,,
37.262,-75.815,Temperate North Pacific,Coastal,Zostera,2018,,,,358.18,,,,,,,
37.262,-75.815,Temperate North Pacific,Coastal,Zostera,2018,,,,346.28,,,,,,,
37.262,-75.815,Temperate North Pacific,Coastal,Zostera,2018,,,,205.91,,,,,,,
-24.047,-46.453,Tropical Atlantic,Coastal,Halodule,2017,,,,764.33,,,,,,,
-23.134,-44.152,Tropical Atlantic,Coastal,Halodule,2017,,,3.74,,,,,,,,
-23.107,-44.216,Tropical Atlantic,Coastal,Halodule,2017,,,,1273.89,,,,,,,
-23.008,-43.931,Tropical Atlantic,Coastal,Halodule,2017,,,104.46,,,,,,,,
-22.746,-41.882,Tropical Atlantic,Coastal,Halodule,2017,,,91.78,16645.44,,,,,,,
-26.001,32.901,Tropical Indo Pacific,Estuarine,Cymodocea,1995,34.1,38.6,82,257,,,,,0.62,,
-26.001,32.901,Tropical Indo Pacific,Estuarine,Cymodocea,1995,17.6,27,43.1,148,,,,,0.2,,
-26.033,32.881,Tropical Indo Pacific,Estuarine,Halodule,1995,16,17.1,21.2,662,,,,,0.2,,
-26.001,32.901,Tropical Indo Pacific,Estuarine,Halodule,1995,6.9,18.1,22.9,424,,,,,0.08,,
-26.033,32.881,Tropical Indo Pacific,Estuarine,Zostera,1995,25.7,198.9,219.5,2992,,,,,0.18,,
-26.001,32.901,Tropical Indo Pacific,Estuarine,Zostera,1995,15.7,173.4,190,2540,,,,,0.18,,
60.35,19.7166667,Temperate North Atlantic,Estuarine,Zostera,1998,,,,113.06,,,,,,,
60.35,19.7166667,Temperate North Atlantic,Estuarine,Zostera,1998,,,,242.04,,,,,,,
60.35,19.7166667,Temperate North Atlantic,Estuarine,Zostera,1998,,,,253.18,,,,,,,
60.35,19.7166667,Temperate North Atlantic,Estuarine,Zostera,1998,,,,95.54,,,,,,,
60.35,19.7166667,Temperate North Atlantic,Estuarine,Zostera,1998,,,,97.13,,,,,,,
60.35,19.7166667,Temperate North Atlantic,Estuarine,Zostera,1998,,,,108.28,,,,,,,
60.35,19.7166667,Temperate North Atlantic,Estuarine,Zostera,1998,,,,132.17,,,,,,,
60.35,19.7166667,Temperate North Atlantic,Estuarine,Zostera,1998,,,,101.91,,,,,,,
60.35,19.7166667,Temperate North Atlantic,Estuarine,Zostera,1998,,,,108.28,,,,,,,
60.35,19.7166667,Temperate North Atlantic,Estuarine,Zostera,1998,,,,106.69,,,,,,,
60.35,19.7166667,Temperate North Atlantic,Estuarine,Zostera,1998,,,,106.69,,,,,,,
60.35,19.7166667,Temperate North Atlantic,Estuarine,Zostera,1998,,,,186.31,,,,,,,
60.35,19.7166667,Temperate North Atlantic,Estuarine,Zostera,1998,,,,74.84,,,,,,,
60.35,19.7166667,Temperate North Atlantic,Estuarine,Zostera,1998,,,,127.39,,,,,,,
60.35,19.7166667,Temperate North Atlantic,Estuarine,Zostera,1998,,,,101.91,,,,,,,
60.35,19.7166667,Temperate North Atlantic,Estuarine,Zostera,1998,,,,90.76,,,,,,,
60.35,19.7166667,Temperate North Atlantic,Estuarine,Zostera,1998,,,,178.34,,,,,,,
60.35,19.7166667,Temperate North Atlantic,Estuarine,Zostera,1998,,,,124.2,,,,,,,
60.35,19.7166667,Temperate North Atlantic,Estuarine,Zostera,1998,,,,93.95,,,,,,,
60.35,19.7166667,Temperate North Atlantic,Estuarine,Zostera,1998,,,,253.18,,,,,,,
60.35,19.7166667,Temperate North Atlantic,Estuarine,Zostera,1998,,,,170.38,,,,,,,
60.35,19.7166667,Temperate North Atlantic,Estuarine,Zostera,1998,,,,92.36,,,,,,,
60.35,19.7166667,Temperate North Atlantic,Estuarine,Zostera,1998,,,,275.48,,,,,,,
60.35,19.7166667,Temperate North Atlantic,Estuarine,Zostera,1998,,,,152.87,,,,,,,
60.15,19.5333333,Temperate North Atlantic,Estuarine,Zostera,1998,,,,200.64,,,,,,,
60.15,19.5333333,Temperate North Atlantic,Estuarine,Zostera,1998,,,,291.4,,,,,,,
60.15,19.5333333,Temperate North Atlantic,Estuarine,Zostera,1998,,,,358.28,,,,,,,
60.15,19.5333333,Temperate North Atlantic,Estuarine,Zostera,1998,,,,248.41,,,,,,,
60.15,19.5333333,Temperate North Atlantic,Estuarine,Zostera,1998,,,,345.54,,,,,,,
60.15,19.5333333,Temperate North Atlantic,Estuarine,Zostera,1998,,,,340.76,,,,,,,
60.15,19.5333333,Temperate North Atlantic,Estuarine,Zostera,1998,,,,299.36,,,,,,,
60.15,19.5333333,Temperate North Atlantic,Estuarine,Zostera,1998,,,,264.33,,,,,,,
60.15,19.5333333,Temperate North Atlantic,Estuarine,Zostera,1998,,,,218.15,,,,,,,
60.15,19.5333333,Temperate North Atlantic,Estuarine,Zostera,1998,,,,197.45,,,,,,,
60.15,19.5333333,Temperate North Atlantic,Estuarine,Zostera,1998,,,,171.97,,,,,,,
60.15,19.5333333,Temperate North Atlantic,Estuarine,Zostera,1998,,,,219.75,,,,,,,
60.15,19.5333333,Temperate North Atlantic,Estuarine,Zostera,1998,,,,135.35,,,,,,,
60.15,19.5333333,Temperate North Atlantic,Estuarine,Zostera,1998,,,,167.2,,,,,,,
60.15,19.5333333,Temperate North Atlantic,Estuarine,Zostera,1998,,,,210.19,,,,,,,
60.15,19.5333333,Temperate North Atlantic,Estuarine,Zostera,1998,,,,337.58,,,,,,,
60.15,19.5333333,Temperate North Atlantic,Estuarine,Zostera,1998,,,,277.07,,,,,,,
60.15,19.5333333,Temperate North Atlantic,Estuarine,Zostera,1998,,,,342.36,,,,,,,
60.15,19.5333333,Temperate North Atlantic,Estuarine,Zostera,1998,,,,259.55,,,,,,,
60.15,19.5333333,Temperate North Atlantic,Estuarine,Zostera,1998,,,,294.59,,,,,,,
60.15,19.5333333,Temperate North Atlantic,Estuarine,Zostera,1998,,,,417.2,,,,,,,
60.35,19.7166667,Temperate North Atlantic,Estuarine,Zostera,1998,6.3,,,,,,,,,,
60.35,19.7166667,Temperate North Atlantic,Estuarine,Zostera,1998,6.52,,,,,,,,,,
60.35,19.7166667,Temperate North Atlantic,Estuarine,Zostera,1998,4.35,,,,,,,,,,
60.35,19.7166667,Temperate North Atlantic,Estuarine,Zostera,1998,11.09,,,,,,,,,,
60.35,19.7166667,Temperate North Atlantic,Estuarine,Zostera,1998,8.8,,,,,,,,,,
60.35,19.7166667,Temperate North Atlantic,Estuarine,Zostera,1998,3.59,,,,,,,,,,
60.35,19.7166667,Temperate North Atlantic,Estuarine,Zostera,1998,9.46,,,,,,,,,,
60.35,19.7166667,Temperate North Atlantic,Estuarine,Zostera,1998,7.07,,,,,,,,,,
60.35,19.7166667,Temperate North Atlantic,Estuarine,Zostera,1998,3.7,,,,,,,,,,
60.35,19.7166667,Temperate North Atlantic,Estuarine,Zostera,1998,10.43,,,,,,,,,,
60.35,19.7166667,Temperate North Atlantic,Estuarine,Zostera,1998,7.93,,,,,,,,,,
60.35,19.7166667,Temperate North Atlantic,Estuarine,Zostera,1998,4.78,,,,,,,,,,
60.35,19.7166667,Temperate North Atlantic,Estuarine,Zostera,1998,13.8,,,,,,,,,,
60.35,19.7166667,Temperate North Atlantic,Estuarine,Zostera,1998,8.91,,,,,,,,,,
60.35,19.7166667,Temperate North Atlantic,Estuarine,Zostera,1998,5.22,,,,,,,,,,
60.35,19.7166667,Temperate North Atlantic,Estuarine,Zostera,1998,13.26,,,,,,,,,,
60.35,19.7166667,Temperate North Atlantic,Estuarine,Zostera,1998,8.7,,,,,,,,,,
60.35,19.7166667,Temperate North Atlantic,Estuarine,Zostera,1998,5.33,,,,,,,,,,
60.35,19.7166667,Temperate North Atlantic,Estuarine,Zostera,1998,16.41,,,,,,,,,,
60.35,19.7166667,Temperate North Atlantic,Estuarine,Zostera,1998,10.43,,,,,,,,,,
60.35,19.7166667,Temperate North Atlantic,Estuarine,Zostera,1998,5.43,,,,,,,,,,
60.35,19.7166667,Temperate North Atlantic,Estuarine,Zostera,1998,12.17,,,,,,,,,,
60.35,19.7166667,Temperate North Atlantic,Estuarine,Zostera,1998,7.93,,,,,,,,,,
60.35,19.7166667,Temperate North Atlantic,Estuarine,Zostera,1998,4.89,,,,,,,,,,
60.35,19.7166667,Temperate North Atlantic,Estuarine,Zostera,1998,12.17,,,,,,,,,,
60.35,19.7166667,Temperate North Atlantic,Estuarine,Zostera,1998,10.98,,,,,,,,,,
60.35,19.7166667,Temperate North Atlantic,Estuarine,Zostera,1998,4.57,,,,,,,,,,
60.35,19.7166667,Temperate North Atlantic,Estuarine,Zostera,1998,9.35,,,,,,,,,,
60.35,19.7166667,Temperate North Atlantic,Estuarine,Zostera,1998,6.41,,,,,,,,,,
60.35,19.7166667,Temperate North Atlantic,Estuarine,Zostera,1998,5.22,,,,,,,,,,
60.15,19.5333333,Temperate North Atlantic,Estuarine,Zostera,1998,9.46,,,,,,,,,,
60.15,19.5333333,Temperate North Atlantic,Estuarine,Zostera,1998,11.41,,,,,,,,,,
60.15,19.5333333,Temperate North Atlantic,Estuarine,Zostera,1998,18.15,,,,,,,,,,
60.15,19.5333333,Temperate North Atlantic,Estuarine,Zostera,1998,11.74,,,,,,,,,,
60.15,19.5333333,Temperate North Atlantic,Estuarine,Zostera,1998,8.48,,,,,,,,,,
60.15,19.5333333,Temperate North Atlantic,Estuarine,Zostera,1998,13.04,,,,,,,,,,
60.15,19.5333333,Temperate North Atlantic,Estuarine,Zostera,1998,10.43,,,,,,,,,,
60.15,19.5333333,Temperate North Atlantic,Estuarine,Zostera,1998,9.13,,,,,,,,,,
60.15,19.5333333,Temperate North Atlantic,Estuarine,Zostera,1998,13.91,,,,,,,,,,
60.15,19.5333333,Temperate North Atlantic,Estuarine,Zostera,1998,14.35,,,,,,,,,,
60.15,19.5333333,Temperate North Atlantic,Estuarine,Zostera,1998,13.15,,,,,,,,,,
60.15,19.5333333,Temperate North Atlantic,Estuarine,Zostera,1998,18.15,,,,,,,,,,
60.15,19.5333333,Temperate North Atlantic,Estuarine,Zostera,1998,16.63,,,,,,,,,,
60.15,19.5333333,Temperate North Atlantic,Estuarine,Zostera,1998,15.43,,,,,,,,,,
60.15,19.5333333,Temperate North Atlantic,Estuarine,Zostera,1998,22.39,,,,,,,,,,
60.15,19.5333333,Temperate North Atlantic,Estuarine,Zostera,1998,17.07,,,,,,,,,,
60.15,19.5333333,Temperate North Atlantic,Estuarine,Zostera,1998,18.91,,,,,,,,,,
60.15,19.5333333,Temperate North Atlantic,Estuarine,Zostera,1998,31.09,,,,,,,,,,
60.15,19.5333333,Temperate North Atlantic,Estuarine,Zostera,1998,34.02,,,,,,,,,,
60.15,19.5333333,Temperate North Atlantic,Estuarine,Zostera,1998,17.39,,,,,,,,,,
60.15,19.5333333,Temperate North Atlantic,Estuarine,Zostera,1998,27.17,,,,,,,,,,
60.15,19.5333333,Temperate North Atlantic,Estuarine,Zostera,1998,17.61,,,,,,,,,,
60.15,19.5333333,Temperate North Atlantic,Estuarine,Zostera,1998,14.57,,,,,,,,,,
60.15,19.5333333,Temperate North Atlantic,Estuarine,Zostera,1998,22.28,,,,,,,,,,
60.15,19.5333333,Temperate North Atlantic,Estuarine,Zostera,1998,16.96,,,,,,,,,,
60.15,19.5333333,Temperate North Atlantic,Estuarine,Zostera,1998,14.46,,,,,,,,,,
60.15,19.5333333,Temperate North Atlantic,Estuarine,Zostera,1998,26.3,,,,,,,,,,
60.15,19.5333333,Temperate North Atlantic,Estuarine,Zostera,1998,19.02,,,,,,,,,,
60.35,19.7166667,Temperate North Atlantic,Estuarine,Zostera,1998,,,,,,,,,,0.064,
60.35,19.7166667,Temperate North Atlantic,Estuarine,Zostera,1998,,,,,,,,,,0.051,
60.35,19.7166667,Temperate North Atlantic,Estuarine,Zostera,1998,,,,,,,,,,0.059,
60.35,19.7166667,Temperate North Atlantic,Estuarine,Zostera,1998,,,,,,,,,,0.15,
60.35,19.7166667,Temperate North Atlantic,Estuarine,Zostera,1998,,,,,,,,,,0.099,
60.35,19.7166667,Temperate North Atlantic,Estuarine,Zostera,1998,,,,,,,,,,0.053,
60.35,19.7166667,Temperate North Atlantic,Estuarine,Zostera,1998,,,,,,,,,,0.117,
60.35,19.7166667,Temperate North Atlantic,Estuarine,Zostera,1998,,,,,,,,,,0.07,
60.35,19.7166667,Temperate North Atlantic,Estuarine,Zostera,1998,,,,,,,,,,0.076,
60.35,19.7166667,Temperate North Atlantic,Estuarine,Zostera,1998,,,,,,,,,,0.123,
60.35,19.7166667,Temperate North Atlantic,Estuarine,Zostera,1998,,,,,,,,,,0.09,
60.35,19.7166667,Temperate North Atlantic,Estuarine,Zostera,1998,,,,,,,,,,0.092,
60.35,19.7166667,Temperate North Atlantic,Estuarine,Zostera,1998,,,,,,,,,,0.199,
60.35,19.7166667,Temperate North Atlantic,Estuarine,Zostera,1998,,,,,,,,,,0.117,
60.35,19.7166667,Temperate North Atlantic,Estuarine,Zostera,1998,,,,,,,,,,0.107,
60.35,19.7166667,Temperate North Atlantic,Estuarine,Zostera,1998,,,,,,,,,,0.176,
60.35,19.7166667,Temperate North Atlantic,Estuarine,Zostera,1998,,,,,,,,,,0.074,
60.35,19.7166667,Temperate North Atlantic,Estuarine,Zostera,1998,,,,,,,,,,0.107,
60.35,19.7166667,Temperate North Atlantic,Estuarine,Zostera,1998,,,,,,,,,,0.181,
60.35,19.7166667,Temperate North Atlantic,Estuarine,Zostera,1998,,,,,,,,,,0.129,
60.35,19.7166667,Temperate North Atlantic,Estuarine,Zostera,1998,,,,,,,,,,0.088,
60.35,19.7166667,Temperate North Atlantic,Estuarine,Zostera,1998,,,,,,,,,,0.127,
60.35,19.7166667,Temperate North Atlantic,Estuarine,Zostera,1998,,,,,,,,,,0.082,
60.35,19.7166667,Temperate North Atlantic,Estuarine,Zostera,1998,,,,,,,,,,0.064,
60.35,19.7166667,Temperate North Atlantic,Estuarine,Zostera,1998,,,,,,,,,,0.115,
60.35,19.7166667,Temperate North Atlantic,Estuarine,Zostera,1998,,,,,,,,,,0.09,
60.35,19.7166667,Temperate North Atlantic,Estuarine,Zostera,1998,,,,,,,,,,0.062,
60.35,19.7166667,Temperate North Atlantic,Estuarine,Zostera,1998,,,,,,,,,,0.074,
60.35,19.7166667,Temperate North Atlantic,Estuarine,Zostera,1998,,,,,,,,,,0.047,
60.35,19.7166667,Temperate North Atlantic,Estuarine,Zostera,1998,,,,,,,,,,0.064,
60.15,19.5333333,Temperate North Atlantic,Estuarine,Zostera,1998,,,,,,,,,,0.076,
60.15,19.5333333,Temperate North Atlantic,Estuarine,Zostera,1998,,,,,,,,,,0.125,
60.15,19.5333333,Temperate North Atlantic,Estuarine,Zostera,1998,,,,,,,,,,0.195,
60.15,19.5333333,Temperate North Atlantic,Estuarine,Zostera,1998,,,,,,,,,,0.211,
60.15,19.5333333,Temperate North Atlantic,Estuarine,Zostera,1998,,,,,,,,,,0.123,
60.15,19.5333333,Temperate North Atlantic,Estuarine,Zostera,1998,,,,,,,,,,0.193,
60.15,19.5333333,Temperate North Atlantic,Estuarine,Zostera,1998,,,,,,,,,,0.146,
60.15,19.5333333,Temperate North Atlantic,Estuarine,Zostera,1998,,,,,,,,,,0.123,
60.15,19.5333333,Temperate North Atlantic,Estuarine,Zostera,1998,,,,,,,,,,0.24,
60.15,19.5333333,Temperate North Atlantic,Estuarine,Zostera,1998,,,,,,,,,,0.357,
60.15,19.5333333,Temperate North Atlantic,Estuarine,Zostera,1998,,,,,,,,,,0.343,
60.15,19.5333333,Temperate North Atlantic,Estuarine,Zostera,1998,,,,,,,,,,0.47,
60.15,19.5333333,Temperate North Atlantic,Estuarine,Zostera,1998,,,,,,,,,,0.431,
60.15,19.5333333,Temperate North Atlantic,Estuarine,Zostera,1998,,,,,,,,,,0.413,
60.15,19.5333333,Temperate North Atlantic,Estuarine,Zostera,1998,,,,,,,,,,0.544,
60.15,19.5333333,Temperate North Atlantic,Estuarine,Zostera,1998,,,,,,,,,,0.277,
60.15,19.5333333,Temperate North Atlantic,Estuarine,Zostera,1998,,,,,,,,,,0.281,
60.15,19.5333333,Temperate North Atlantic,Estuarine,Zostera,1998,,,,,,,,,,0.513,
60.15,19.5333333,Temperate North Atlantic,Estuarine,Zostera,1998,,,,,,,,,,0.525,
60.15,19.5333333,Temperate North Atlantic,Estuarine,Zostera,1998,,,,,,,,,,0.234,
60.15,19.5333333,Temperate North Atlantic,Estuarine,Zostera,1998,,,,,,,,,,0.343,
60.15,19.5333333,Temperate North Atlantic,Estuarine,Zostera,1998,,,,,,,,,,0.22,
60.15,19.5333333,Temperate North Atlantic,Estuarine,Zostera,1998,,,,,,,,,,0.17,
60.15,19.5333333,Temperate North Atlantic,Estuarine,Zostera,1998,,,,,,,,,,0.232,
60.15,19.5333333,Temperate North Atlantic,Estuarine,Zostera,1998,,,,,,,,,,0.246,
60.15,19.5333333,Temperate North Atlantic,Estuarine,Zostera,1998,,,,,,,,,,0.236,
60.15,19.5333333,Temperate North Atlantic,Estuarine,Zostera,1998,,,,,,,,,,0.4,
60.15,19.5333333,Temperate North Atlantic,Estuarine,Zostera,1998,,,,,,,,,,0.172,
35.224,11.161,Mediterranean,Coastal,Cymodocea,2017,,,,414,,,,,,,
35.224,11.161,Mediterranean,Coastal,Cymodocea,2017,,,,396,,,,,,,
35.224,11.161,Mediterranean,Coastal,Cymodocea,2017,,,,451,,,,,,,
35.224,11.161,Mediterranean,Coastal,Cymodocea,2017,,,,440,,,,,,,
35.224,11.161,Mediterranean,Coastal,Cymodocea,2017,,,,650,,,,,,,
35.224,11.161,Mediterranean,Coastal,Cymodocea,2017,,,,1059,,,,,,,
35.224,11.161,Mediterranean,Coastal,Halophila,2017,,,,879,,,,,,,
35.224,11.161,Mediterranean,Coastal,Halophila,2017,,,,176,,,,,,,
35.224,11.161,Mediterranean,Coastal,Halophila,2017,,,,554,,,,,,,
35.224,11.161,Mediterranean,Coastal,Halophila,2017,,,,127,,,,,,,
35.224,11.161,Mediterranean,Coastal,Halophila,2017,,,,229,,,,,,,
35.224,11.161,Mediterranean,Coastal,Halophila,2017,,,,410,,,,,,,
-9.5342,147.2893,Tropical Indo Pacific,Coastal,Thalassia,1980,,,,2100,,,,,,,
-9.536,147.281,Tropical Indo Pacific,Coastal,Halodule,1980,79,480,559,11122.87,,,,,5.3,,4.2
-9.536,147.281,Tropical Indo Pacific,Coastal,Halodule,1980,72,500,572,10867.62,,,,,5.5,,4.4
-9.536,147.281,Tropical Indo Pacific,Coastal,Cymodocea,1980,86,,,1817.66,,,,,4.8,,3.5
-9.536,147.281,Tropical Indo Pacific,Coastal,Cymodocea,1980,122,,,,,,,,5.4,,4.1
-9.536,147.281,Tropical Indo Pacific,Coastal,Cymodocea,1980,57,,,1246.15,,,,0.97,3,,1.9
-9.536,147.281,Tropical Indo Pacific,Coastal,Halodule,1981,59,540,599,8114.33,,,,,4.7,,3.7
-9.536,147.281,Tropical Indo Pacific,Coastal,Halodule,1981,76,480,556,6882.76,,,,,3.9,,3
-9.536,147.281,Tropical Indo Pacific,Coastal,Halodule,1981,105,540,645,10816.19,,,,,5.2,,4.1
-9.536,147.281,Tropical Indo Pacific,Coastal,Halodule,1981,124,510,634,15998.64,,,,,7.8,,6.4
-9.536,147.281,Tropical Indo Pacific,Coastal,Halodule,1981,98,480,578,18134.71,,,,,6.5,,5
-9.536,147.281,Tropical Indo Pacific,Coastal,Halodule,1981,69,560,629,17719.33,,,,,4.1,,2.7
-9.536,147.281,Tropical Indo Pacific,Coastal,Halodule,1981,73,510,583,16322.79,,,,,5.3,,3.9
-9.536,147.281,Tropical Indo Pacific,Coastal,Halodule,1981,84,440,524,16795.42,,,,,8.5,,7.1
-9.536,147.281,Tropical Indo Pacific,Coastal,Halodule,1981,124,540,664,14258.54,,,,,8.8,,7.1
-9.536,147.281,Tropical Indo Pacific,Coastal,Cymodocea,1981,85,,,1655.43,,,,,4.4,,3.1
-9.536,147.281,Tropical Indo Pacific,Coastal,Cymodocea,1981,87,,,1604.94,,,,,4.4,,3.1
-9.536,147.281,Tropical Indo Pacific,Coastal,Cymodocea,1981,98,,,1507.18,,,,,4.8,,3.5
-9.536,147.281,Tropical Indo Pacific,Coastal,Cymodocea,1981,100,,,1681.75,,,,,4.8,,3.5
-9.536,147.281,Tropical Indo Pacific,Coastal,Cymodocea,1981,75,,,2102.48,,,,,4.5,,3.2
-9.536,147.281,Tropical Indo Pacific,Coastal,Cymodocea,1981,111,,,1941.98,,,,,5.3,,3.9
-9.536,147.281,Tropical Indo Pacific,Coastal,Cymodocea,1981,92,,,1977,,,,,5.5,,4.1
-9.536,147.281,Tropical Indo Pacific,Coastal,Cymodocea,1981,121,,,1910.75,,,,,4.9,,3.5
-9.536,147.281,Tropical Indo Pacific,Coastal,Cymodocea,1981,103,,,1692.31,,,,,5.1,,3.8
-9.536,147.281,Tropical Indo Pacific,Coastal,Cymodocea,1981,94,,,1769.23,,,,0.66,3.8,,2.9
-9.536,147.281,Tropical Indo Pacific,Coastal,Cymodocea,1981,83,,,1507.69,,,,0.42,3.4,,2.8
-9.536,147.281,Tropical Indo Pacific,Coastal,Cymodocea,1981,78,,,1435.9,,,,0.63,3.2,,2.3
-9.536,147.281,Tropical Indo Pacific,Coastal,Cymodocea,1981,65,,,1210.26,,,,0.19,2.9,,2.5
-9.536,147.281,Tropical Indo Pacific,Coastal,Cymodocea,1981,,,,1287.18,,,,,,,
-9.536,147.281,Tropical Indo Pacific,Coastal,Cymodocea,1981,51,,,1035.9,,,,0.47,2.7,,2
-9.536,147.281,Tropical Indo Pacific,Coastal,Cymodocea,1981,48,,,,,,,1.47,3.2,,1.5
-9.536,147.281,Tropical Indo Pacific,Coastal,Cymodocea,1981,38,,,1061.54,,,,0.97,2.4,,1.3
-9.536,147.281,Tropical Indo Pacific,Coastal,Cymodocea,1981,49,,,1379.49,,,,1.29,2.6,,1.2
-9.536,147.281,Tropical Indo Pacific,Coastal,Cymodocea,1981,59,,,1107.69,,,,0.95,2.6,,1.5
-9.536,147.281,Tropical Indo Pacific,Coastal,Halodule,1982,68,304,372,5034.94,,,,,4.1,,2.8
-9.536,147.281,Tropical Indo Pacific,Coastal,Halodule,1982,66,280,346,2933.81,,,,,4.6,,3.6
-9.536,147.281,Tropical Indo Pacific,Coastal,Halodule,1982,58,334,392,4908.77,,,,,3.6,,2.2
-9.536,147.281,Tropical Indo Pacific,Coastal,Halodule,1982,69,270,339,5471.66,,,,,4.2,,2.8
-9.536,147.281,Tropical Indo Pacific,Coastal,Halodule,1982,70,335,405,5018.44,,,,,4,,2.7
-9.536,147.281,Tropical Indo Pacific,Coastal,Halodule,1982,75,278,353,4781.64,,,,,3.8,,2.5
-9.536,147.281,Tropical Indo Pacific,Coastal,Halodule,1982,71,230,301,3876.17,,,,,3.9,,2.7
-9.536,147.281,Tropical Indo Pacific,Coastal,Syringodium,1982,331,205,536,7022.29,,,,4.3,10.7,,5.8
-9.536,147.281,Tropical Indo Pacific,Coastal,Syringodium,1982,289,246,535,6067.32,,,,2.8,8.3,,5
-9.536,147.281,Tropical Indo Pacific,Coastal,Syringodium,1982,339,226,565,5529.13,,,,3.1,9.8,,6
-9.536,147.281,Tropical Indo Pacific,Coastal,Syringodium,1982,347,213,560,7412.57,,,,2.5,9.2,,6.1
-9.536,147.281,Tropical Indo Pacific,Coastal,Syringodium,1982,317,253,570,6630.2,,,,1.6,6.9,,4.8
-9.536,147.281,Tropical Indo Pacific,Coastal,Syringodium,1982,324,211,535,6040.36,,,,3.3,9.3,,5.3
-35.0301,138.511,Temperate Southern,Coastal,Amphibolis,2007,,,,,,,,,,,
35.048,137.765,Temperate Southern,Coastal,Amphibolis,2007,393.59,,,665.74,,,,,,,
35.034,137.766,Temperate Southern,Coastal,Amphibolis,2007,346.36,,,852.98,,,,,,,
35.001,137.76,Temperate Southern,Coastal,Amphibolis,2007,587.76,,,977.81,,,,,,,
35.061,138.501,Temperate Southern,Coastal,Amphibolis,2007,1138.78,,,2013.87,,,,,,,
35.045,138.507,Temperate Southern,Coastal,Amphibolis,2007,1437.9,,,2608.88,,,,,,,
35.03,138.511,Temperate Southern,Coastal,Amphibolis,2007,955.1,,,2234.4,,,,,,,
35.048,137.765,Temperate Southern,Coastal,Amphibolis,2007,577.26,,,1119.28,,,,,,,
35.034,137.766,Temperate Southern,Coastal,Amphibolis,2007,325.36,,,840.5,,,,,,,
35.001,137.76,Temperate Southern,Coastal,Amphibolis,2007,666.47,,,1077.67,,,,,,,
35.061,138.501,Temperate Southern,Coastal,Amphibolis,2007,781.92,,,1735.09,,,,,,,
35.045,138.507,Temperate Southern,Coastal,Amphibolis,2007,871.14,,,2583.91,,,,,,,
35.03,138.511,Temperate Southern,Coastal,Amphibolis,2007,666.47,,,2159.5,,,,,,,
22.69,-84.377,Tropical Atlantic,Coastal,Halophila,1972,,,0.32,,,,,,,,
22.69,-84.377,Tropical Atlantic,Coastal,Halophila,1972,,,1.64,,,,,,,,
22.69,-84.377,Tropical Atlantic,Coastal,Halophila,1972,,,3.7,,,,,,,,
22.69,-84.377,Tropical Atlantic,Coastal,Halophila,1972,,,0.8,,,,,,,,
22.69,-84.377,Tropical Atlantic,Coastal,Halophila,1972,,,0.04,,,,,,,,
22.69,-84.377,Tropical Atlantic,Coastal,Halophila,1972,,,,,,,,,,,
22.69,-84.377,Tropical Atlantic,Coastal,Halophila,1972,,,,,,,,,,,
22.69,-84.377,Tropical Atlantic,Coastal,Halophila,1972,,,0.1,,,,,,,,
22.69,-84.377,Tropical Atlantic,Coastal,Halophila,1972,,,0.09,,,,,,,,
22.69,-84.377,Tropical Atlantic,Coastal,Halophila,1972,,,0.07,,,,,,,,
22.69,-84.377,Tropical Atlantic,Coastal,Halophila,1972,,,0.85,,,,,,,,
22.69,-84.377,Tropical Atlantic,Coastal,Halophila,1972,,,2.78,,,,,,,,
22.69,-84.377,Tropical Atlantic,Coastal,Halophila,1972,,,0.56,,,,,,,,
22.69,-84.377,Tropical Atlantic,Coastal,Halophila,1972,,,0.08,,,,,,,,
22.69,-84.377,Tropical Atlantic,Coastal,Halophila,1972,,,0.21,,,,,,,,
22.69,-84.377,Tropical Atlantic,Coastal,Halophila,1972,,,0.03,,,,,,,,
22.69,-84.377,Tropical Atlantic,Coastal,Halophila,1972,,,0.01,,,,,,,,
22.69,-84.377,Tropical Atlantic,Coastal,Halophila,1972,,,0.2,,,,,,,,
22.69,-84.377,Tropical Atlantic,Coastal,Halophila,1972,,,0.02,,,,,,,,
22.69,-84.377,Tropical Atlantic,Coastal,Syringodium,1972,,,4.3,,,,,,,,
22.69,-84.377,Tropical Atlantic,Coastal,Syringodium,1972,,,2.6,,,,,,,,
22.69,-84.377,Tropical Atlantic,Coastal,Syringodium,1972,,,4.5,,,,,,,,
22.69,-84.377,Tropical Atlantic,Coastal,Syringodium,1972,,,3.2,,,,,,,,
22.69,-84.377,Tropical Atlantic,Coastal,Syringodium,1972,,,4.5,,,,,,,,
22.69,-84.377,Tropical Atlantic,Coastal,Syringodium,1972,,,4.6,,,,,,,,
22.69,-84.377,Tropical Atlantic,Coastal,Syringodium,1972,,,8,,,,,,,,
22.69,-84.377,Tropical Atlantic,Coastal,Syringodium,1972,,,4.5,,,,,,,,
22.69,-84.377,Tropical Atlantic,Coastal,Syringodium,1972,,,1.9,,,,,,,,
22.69,-84.377,Tropical Atlantic,Coastal,Syringodium,1972,,,2.3,,,,,,,,
22.69,-84.377,Tropical Atlantic,Coastal,Syringodium,1972,,,5.2,,,,,,,,
22.69,-84.377,Tropical Atlantic,Coastal,Syringodium,1972,,,2.3,,,,,,,,
22.69,-84.377,Tropical Atlantic,Coastal,Thalassia,1972,,,249,,,,,,,,
22.69,-84.377,Tropical Atlantic,Coastal,Thalassia,1972,,,109.7,,,,,,,,
22.69,-84.377,Tropical Atlantic,Coastal,Thalassia,1972,,,78.7,,,,,,,,
22.69,-84.377,Tropical Atlantic,Coastal,Thalassia,1972,,,217.5,,,,,,,,
22.69,-84.377,Tropical Atlantic,Coastal,Thalassia,1972,,,261.3,,,,,,,,
22.69,-84.377,Tropical Atlantic,Coastal,Thalassia,1972,,,135,,,,,,,,
22.69,-84.377,Tropical Atlantic,Coastal,Thalassia,1972,,,94,,,,,,,,
22.69,-84.377,Tropical Atlantic,Coastal,Thalassia,1972,,,187.5,,,,,,,,
22.69,-84.377,Tropical Atlantic,Coastal,Thalassia,1972,,,231.7,,,,,,,,
22.69,-84.377,Tropical Atlantic,Coastal,Thalassia,1972,,,106.3,,,,,,,,
22.69,-84.377,Tropical Atlantic,Coastal,Thalassia,1972,,,80.5,,,,,,,,
22.69,-84.377,Tropical Atlantic,Coastal,Thalassia,1972,,,186.3,,,,,,,,
22.69,-84.377,Tropical Atlantic,Coastal,Halophila,1973,,,0.22,,,,,,,,
22.69,-84.377,Tropical Atlantic,Coastal,Halophila,1973,,,0.2,,,,,,,,
22.69,-84.377,Tropical Atlantic,Coastal,Halophila,1973,,,0.34,,,,,,,,
22.69,-84.377,Tropical Atlantic,Coastal,Halophila,1973,,,0.15,,,,,,,,
22.69,-84.377,Tropical Atlantic,Coastal,Syringodium,1973,,,6.6,,,,,,,,
22.69,-84.377,Tropical Atlantic,Coastal,Syringodium,1973,,,0.2,,,,,,,,
22.69,-84.377,Tropical Atlantic,Coastal,Syringodium,1973,,,9,,,,,,,,
22.69,-84.377,Tropical Atlantic,Coastal,Syringodium,1973,,,4.1,,,,,,,,
22.69,-84.377,Tropical Atlantic,Coastal,Thalassia,1973,,,201.3,,,,,,,,
22.69,-84.377,Tropical Atlantic,Coastal,Thalassia,1973,,,145.3,,,,,,,,
22.69,-84.377,Tropical Atlantic,Coastal,Thalassia,1973,,,77.5,,,,,,,,
22.69,-84.377,Tropical Atlantic,Coastal,Thalassia,1973,,,157.5,,,,,,,,
-38.353,145.519,Temperate Southern,Estuarine,Zostera,1978,158,,,,,,,,,,
-38.353,145.519,Temperate Southern,Estuarine,Zostera,1978,138,,,,,,1.26,,,,
-38.353,145.519,Temperate Southern,Estuarine,Zostera,1978,113,,,,,,0.55,,,,
-38.353,145.519,Temperate Southern,Estuarine,Zostera,1978,122,,,,,,0.37,,,,
-38.353,145.519,Temperate Southern,Estuarine,Zostera,1978,126,,,,,,0.6,,,,
-38.353,145.519,Temperate Southern,Estuarine,Zostera,1978,71,,,,,,0.64,,,,
-38.353,145.519,Temperate Southern,Estuarine,Zostera,1978,191,,,,,,1.11,,,,
-38.353,145.519,Temperate Southern,Estuarine,Zostera,1978,191,,,,,,2.13,,,,
-38.353,145.519,Temperate Southern,Estuarine,Zostera,1978,190,,,,,,3.62,,,,
-38.353,145.519,Temperate Southern,Estuarine,Zostera,1978,162,,,,,,3.24,,,,
-38.257,145.359,Temperate Southern,Estuarine,Zostera,1978,218,,,,,,2.32,,,,
-38.257,145.359,Temperate Southern,Estuarine,Zostera,1978,209,,,,,,1.26,,,,
-38.257,145.359,Temperate Southern,Estuarine,Zostera,1978,186,,,,,,1.34,,,,
-38.257,145.359,Temperate Southern,Estuarine,Zostera,1978,157,,,,,,0.58,,,,
-38.257,145.359,Temperate Southern,Estuarine,Zostera,1978,145,,,,,,0.52,,,,
-38.257,145.359,Temperate Southern,Estuarine,Zostera,1978,148,,,,,,0.58,,,,
-38.257,145.359,Temperate Southern,Estuarine,Zostera,1978,196,,,,,,0.38,,,,
-38.257,145.359,Temperate Southern,Estuarine,Zostera,1978,107,,,,,,1.18,,,,
-38.257,145.359,Temperate Southern,Estuarine,Zostera,1978,197,,,,,,2.65,,,,
-38.257,145.359,Temperate Southern,Estuarine,Zostera,1978,209,,,,,,3.58,,,,
-38.222,145.392,Temperate Southern,Estuarine,Zostera,1978,83,,,,,,2.52,,,,
-38.222,145.392,Temperate Southern,Estuarine,Zostera,1978,105,,,,,,1.29,,,,
-38.222,145.392,Temperate Southern,Estuarine,Zostera,1978,99,,,,,,0.95,,,,
-38.222,145.392,Temperate Southern,Estuarine,Zostera,1978,94,,,,,,0.62,,,,
-38.222,145.392,Temperate Southern,Estuarine,Zostera,1978,63,,,,,,0.57,,,,
-38.222,145.392,Temperate Southern,Estuarine,Zostera,1978,56,,,,,,0.6,,,,
-38.222,145.392,Temperate Southern,Estuarine,Zostera,1978,59,,,,,,0.57,,,,
-38.222,145.392,Temperate Southern,Estuarine,Zostera,1978,103,,,,,,0.89,,,,
-38.222,145.392,Temperate Southern,Estuarine,Zostera,1978,184,,,,,,2.04,,,,
-38.222,145.392,Temperate Southern,Estuarine,Zostera,1978,143,,,,,,1.27,,,,
-38.22,144.691,Temperate Southern,Estuarine,Zostera,1978,161,,,,,,3.52,,,,
-38.22,144.691,Temperate Southern,Estuarine,Zostera,1978,286,,,,,,2.61,,,,
-38.22,144.691,Temperate Southern,Estuarine,Zostera,1978,174,,,,,,1.02,,,,
-38.22,144.691,Temperate Southern,Estuarine,Zostera,1978,116,,,,,,0.77,,,,
-38.22,144.691,Temperate Southern,Estuarine,Zostera,1978,159,,,,,,1.27,,,,
-38.22,144.691,Temperate Southern,Estuarine,Zostera,1978,176,,,,,,1.36,,,,
-38.22,144.691,Temperate Southern,Estuarine,Zostera,1978,144,,,,,,1.48,,,,
-38.22,144.691,Temperate Southern,Estuarine,Zostera,1978,138,,,,,,1.53,,,,
-38.22,144.691,Temperate Southern,Estuarine,Zostera,1978,121,,,,,,2.09,,,,
-38.353,145.519,Temperate Southern,Estuarine,Zostera,1979,279,,,,,,3.67,,,,
-38.353,145.519,Temperate Southern,Estuarine,Zostera,1979,241,,,,,,2.51,,,,
-38.353,145.519,Temperate Southern,Estuarine,Zostera,1979,157,,,,,,2.04,,,,
-38.353,145.519,Temperate Southern,Estuarine,Zostera,1979,94,,,,,,0.56,,,,
-38.353,145.519,Temperate Southern,Estuarine,Zostera,1979,82,,,,,,0.64,,,,
-38.257,145.359,Temperate Southern,Estuarine,Zostera,1979,171,,,,,,2.41,,,,
-38.257,145.359,Temperate Southern,Estuarine,Zostera,1979,172,,,,,,,,,,
-38.257,145.359,Temperate Southern,Estuarine,Zostera,1979,189,,,,,,3.07,,,,
-38.257,145.359,Temperate Southern,Estuarine,Zostera,1979,195,,,,,,0.8,,,,
-38.257,145.359,Temperate Southern,Estuarine,Zostera,1979,163,,,,,,0.85,,,,
-38.222,145.392,Temperate Southern,Estuarine,Zostera,1979,226,,,,,,2.63,,,,
-38.222,145.392,Temperate Southern,Estuarine,Zostera,1979,157,,,,,,,,,,
-38.222,145.392,Temperate Southern,Estuarine,Zostera,1979,78,,,,,,0.65,,,,
-38.222,145.392,Temperate Southern,Estuarine,Zostera,1979,63,,,,,,0.34,,,,
-38.222,145.392,Temperate Southern,Estuarine,Zostera,1979,102,,,,,,1.1,,,,
-38.22,144.691,Temperate Southern,Estuarine,Zostera,1979,99,,,,,,1.91,,,,
-38.22,144.691,Temperate Southern,Estuarine,Zostera,1979,141,,,,,,,,,,
-38.22,144.691,Temperate Southern,Estuarine,Zostera,1979,177,,,,,,4.19,,,,
-38.22,144.691,Temperate Southern,Estuarine,Zostera,1979,200,,,,,,1.41,,,,
-38.22,144.691,Temperate Southern,Estuarine,Zostera,1979,105,,,,,,0.92,,,,
27.35,-97.367,Tropical Atlantic,Estuarine,Halodule,1989,23.17,339.6,362.76,,,,,,,,
27.35,-97.367,Tropical Atlantic,Estuarine,Halodule,1989,110.85,500.05,610.89,,,,,,,,
27.35,-97.367,Tropical Atlantic,Estuarine,Halodule,1989,97.16,285.09,382.25,,,,,,,,
27.35,-97.367,Tropical Atlantic,Estuarine,Halodule,1989,51.69,213.46,265.15,,,,,,,,
27.35,-97.367,Tropical Atlantic,Estuarine,Halodule,1989,71.97,143.96,215.93,,,,,,,,
27.35,-97.367,Tropical Atlantic,Estuarine,Halodule,1997,4.11,308.49,312.61,,,,,,,,
27.35,-97.367,Tropical Atlantic,Estuarine,Halodule,1997,133.83,387.68,521.51,,,,,,,,
27.35,-97.367,Tropical Atlantic,Estuarine,Halodule,1997,140.43,384.51,524.94,,,,,,,,
37.017,-7.833,Mediterranean,Estuarine,Zostera,1998,,,204.03,6375.95,,,,,,,
37.017,-7.833,Mediterranean,Estuarine,Zostera,1998,,,167.79,4272.27,,,,,,,
37.017,-7.833,Mediterranean,Estuarine,Zostera,1998,,,241.61,6372.79,,,,,,,
37.017,-7.833,Mediterranean,Estuarine,Zostera,1998,,,215.44,4891.85,,,,,,,
37.017,-7.833,Mediterranean,Estuarine,Zostera,1998,,,244.3,5580.42,,,,,,,
37.017,-7.833,Mediterranean,Estuarine,Zostera,1998,,,104.03,3873.14,,,,,,,
37.017,-7.833,Mediterranean,Estuarine,Zostera,1998,,,144.97,4628.12,,,,,,,
37.017,-7.833,Mediterranean,Estuarine,Zostera,1998,,,125.5,3736.5,,,,,,,
37.017,-7.833,Mediterranean,Estuarine,Zostera,1998,,,166.44,5115.07,,,,,,,
37.017,-7.833,Mediterranean,Estuarine,Zostera,1998,,,130.87,3314.7,,,,,,,
37.017,-7.833,Mediterranean,Estuarine,Zostera,1999,,,134.23,3803.18,,,,,,,
37.017,-7.833,Mediterranean,Estuarine,Zostera,1999,,,113.42,3282.46,,,,,,,
26.917,-113.167,Tropical Indo Pacific,Estuarine,Zostera,1999,,,28.42,1128.57,,,,,,,
26.917,-113.167,Tropical Indo Pacific,Estuarine,Zostera,1999,,,11.58,714.29,,,,,,,
26.917,-113.167,Tropical Indo Pacific,Estuarine,Zostera,1999,,,57.9,871.43,,,,,,,
26.917,-113.167,Tropical Indo Pacific,Estuarine,Zostera,1999,,,26.32,985.71,,,,,,,
26.917,-113.167,Tropical Indo Pacific,Estuarine,Zostera,1999,,,70.53,1185.71,,,,,,,
26.917,-113.167,Tropical Indo Pacific,Estuarine,Zostera,1999,,,64.21,985.71,,,,,,,
27.667,-114.001,Tropical Indo Pacific,Estuarine,Zostera,1999,,,4.27,242.86,,,,,,,
27.667,-114.001,Tropical Indo Pacific,Estuarine,Zostera,1999,,,55.18,1628.57,,,,,,,
27.667,-114.001,Tropical Indo Pacific,Estuarine,Zostera,1999,,,3.76,1314.29,,,,,,,
27.667,-114.001,Tropical Indo Pacific,Estuarine,Zostera,1999,,,26.64,1400,,,,,,,
27.667,-114.001,Tropical Indo Pacific,Estuarine,Zostera,1999,,,24.87,828.57,,,,,,,
30.417,-116,Tropical Indo Pacific,Estuarine,Zostera,1999,,,55.73,315.23,,,,,,,
30.417,-116,Tropical Indo Pacific,Estuarine,Zostera,1999,,,41.73,509.37,,,,,,,
30.417,-116,Tropical Indo Pacific,Estuarine,Zostera,1999,,,232.26,1346.17,,,,,,,
30.417,-116,Tropical Indo Pacific,Estuarine,Zostera,1999,,,126.7,1064.06,,,,,,,
30.417,-116,Tropical Indo Pacific,Estuarine,Zostera,1999,,,180.83,526.14,,,,,,,
30.417,-116,Tropical Indo Pacific,Estuarine,Zostera,1999,,,174.86,447.9,,,,,,,
30.417,-116,Tropical Indo Pacific,Estuarine,Zostera,1999,,,106.92,583.1,,,,,,,
26.917,-113.167,Tropical Indo Pacific,Estuarine,Zostera,2000,,,47.37,1157.14,,,,,,,
26.917,-113.167,Tropical Indo Pacific,Estuarine,Zostera,2000,,,,1500,,,,,,,
27.667,-114.001,Tropical Indo Pacific,Estuarine,Zostera,2000,,,9.77,957.14,,,,,,,
27.667,-114.001,Tropical Indo Pacific,Estuarine,Zostera,2000,,,,557.14,,,,,,,
30.417,-116,Tropical Indo Pacific,Estuarine,Zostera,2000,,,51.45,560.39,,,,,,,
30.417,-116,Tropical Indo Pacific,Estuarine,Zostera,2000,,,,671.07,,,,,,,
-32.289,115.692,Temperate Southern,Coastal,Posidonia,1995,,,,827,,,2.915,,,,
-32.307,115.694,Temperate Southern,Coastal,Posidonia,1995,,,,604,,,2.738,,,,
-32.289,115.692,Temperate Southern,Coastal,Posidonia,1995,,,,1857,,,2.155,,,,
-32.307,115.694,Temperate Southern,Coastal,Posidonia,1995,,,,1124,,,1.952,,,,
-32.274,115.707,Temperate Southern,Coastal,Posidonia,1995,,,,956,,,1.952,,,,
-32.257,115.745,Temperate Southern,Coastal,Posidonia,1995,,,,142,,,0.254,,,,
-32.263,115.699,Temperate Southern,Coastal,Posidonia,1995,,,,408,,,2.535,,,,
-32.274,115.707,Temperate Southern,Coastal,Posidonia,1995,,,,883,,,1.546,,,,
-32.289,115.692,Temperate Southern,Coastal,Posidonia,1995,193.32,,,,,,,,,,
-32.289,115.692,Temperate Southern,Coastal,Posidonia,1995,104.19,,,,,,,,,,
-32.289,115.692,Temperate Southern,Coastal,Posidonia,1995,177.56,,,,,,,,,,
-32.289,115.692,Temperate Southern,Coastal,Posidonia,1995,210.09,,,,,,,,,,
-32.289,115.692,Temperate Southern,Coastal,Posidonia,1995,271.09,,,,,,,,,,
-32.289,115.692,Temperate Southern,Coastal,Posidonia,1995,97.66,,,,,,,,,,
-32.289,115.692,Temperate Southern,Coastal,Posidonia,1995,173.72,,,,,,,,,,
-32.289,115.692,Temperate Southern,Coastal,Posidonia,1995,272.23,,,,,,,,,,
-32.289,115.692,Temperate Southern,Coastal,Posidonia,1995,379.97,,,,,,,,,,
-32.289,115.692,Temperate Southern,Coastal,Posidonia,1995,222.09,,,,,,,,,,
-32.289,115.692,Temperate Southern,Coastal,Posidonia,1995,170.31,,,,,,,,,,
-32.289,115.692,Temperate Southern,Coastal,Posidonia,1995,240.7,,,,,,,,,,
-32.307,115.694,Temperate Southern,Coastal,Posidonia,1995,216.37,,,,,,,,,,
-32.307,115.694,Temperate Southern,Coastal,Posidonia,1995,249.03,,,,,,,,,,
-32.307,115.694,Temperate Southern,Coastal,Posidonia,1995,320.24,,,,,,,,,,
-32.307,115.694,Temperate Southern,Coastal,Posidonia,1995,208.18,,,,,,,,,,
-32.307,115.694,Temperate Southern,Coastal,Posidonia,1995,291.82,,,,,,,,,,
-32.307,115.694,Temperate Southern,Coastal,Posidonia,1995,192.18,,,,,,,,,,
-32.307,115.694,Temperate Southern,Coastal,Posidonia,1995,244.22,,,,,,,,,,
-32.307,115.694,Temperate Southern,Coastal,Posidonia,1995,381.55,,,,,,,,,,
-32.307,115.694,Temperate Southern,Coastal,Posidonia,1995,221.97,,,,,,,,,,
-32.307,115.694,Temperate Southern,Coastal,Posidonia,1995,254.92,,,,,,,,,,
-32.307,115.694,Temperate Southern,Coastal,Posidonia,1995,247.02,,,,,,,,,,
-32.307,115.694,Temperate Southern,Coastal,Posidonia,1995,239.05,,,,,,,,,,
-32.289,115.692,Temperate Southern,Coastal,Posidonia,1995,280.17,,,,,,,,,,
-32.289,115.692,Temperate Southern,Coastal,Posidonia,1995,105.23,,,,,,,,,,
-32.289,115.692,Temperate Southern,Coastal,Posidonia,1995,178.6,,,,,,,,,,
-32.289,115.692,Temperate Southern,Coastal,Posidonia,1995,155.23,,,,,,,,,,
-32.289,115.692,Temperate Southern,Coastal,Posidonia,1995,222.07,,,,,,,,,,
-32.289,115.692,Temperate Southern,Coastal,Posidonia,1995,198.66,,,,,,,,,,
-32.289,115.692,Temperate Southern,Coastal,Posidonia,1995,191.46,,,,,,,,,,
-32.289,115.692,Temperate Southern,Coastal,Posidonia,1995,81.04,,,,,,,,,,
-32.289,115.692,Temperate Southern,Coastal,Posidonia,1995,402.79,,,,,,,,,,
-32.289,115.692,Temperate Southern,Coastal,Posidonia,1995,127.7,,,,,,,,,,
-32.289,115.692,Temperate Southern,Coastal,Posidonia,1995,71.28,,,,,,,,,,
-32.289,115.692,Temperate Southern,Coastal,Posidonia,1995,212.39,,,,,,,,,,
-32.307,115.694,Temperate Southern,Coastal,Posidonia,1995,261.11,,,,,,,,,,
-32.307,115.694,Temperate Southern,Coastal,Posidonia,1995,274.31,,,,,,,,,,
-32.307,115.694,Temperate Southern,Coastal,Posidonia,1995,328.74,,,,,,,,,,
-32.307,115.694,Temperate Southern,Coastal,Posidonia,1995,380.27,,,,,,,,,,
-32.307,115.694,Temperate Southern,Coastal,Posidonia,1995,312.92,,,,,,,,,,
-32.307,115.694,Temperate Southern,Coastal,Posidonia,1995,316.96,,,,,,,,,,
-32.307,115.694,Temperate Southern,Coastal,Posidonia,1995,431.16,,,,,,,,,,
-32.307,115.694,Temperate Southern,Coastal,Posidonia,1995,407.1,,,,,,,,,,
-32.307,115.694,Temperate Southern,Coastal,Posidonia,1995,264.8,,,,,,,,,,
-32.307,115.694,Temperate Southern,Coastal,Posidonia,1995,240.74,,,,,,,,,,
-32.307,115.694,Temperate Southern,Coastal,Posidonia,1995,320.58,,,,,,,,,,
-32.307,115.694,Temperate Southern,Coastal,Posidonia,1995,271.54,,,,,,,,,,
-32.274,115.707,Temperate Southern,Coastal,Posidonia,1995,143.72,,,,,,,,,,
-32.274,115.707,Temperate Southern,Coastal,Posidonia,1995,129.67,,,,,,,,,,
-32.274,115.707,Temperate Southern,Coastal,Posidonia,1995,199.5,,,,,,,,,,
-32.274,115.707,Temperate Southern,Coastal,Posidonia,1995,172.96,,,,,,,,,,
-32.274,115.707,Temperate Southern,Coastal,Posidonia,1995,158.27,,,,,,,,,,
-32.274,115.707,Temperate Southern,Coastal,Posidonia,1995,208.73,,,,,,,,,,
-32.274,115.707,Temperate Southern,Coastal,Posidonia,1995,295.03,,,,,,,,,,
-32.274,115.707,Temperate Southern,Coastal,Posidonia,1995,314.9,,,,,,,,,,
-32.274,115.707,Temperate Southern,Coastal,Posidonia,1995,273.39,,,,,,,,,,
-32.274,115.707,Temperate Southern,Coastal,Posidonia,1995,226.83,,,,,,,,,,
-32.274,115.707,Temperate Southern,Coastal,Posidonia,1995,216.11,,,,,,,,,,
-32.274,115.707,Temperate Southern,Coastal,Posidonia,1995,229.95,,,,,,,,,,
-32.257,115.745,Temperate Southern,Coastal,Posidonia,1995,18.02,,,,,,,,,,
-32.257,115.745,Temperate Southern,Coastal,Posidonia,1995,22.54,,,,,,,,,,
-32.257,115.745,Temperate Southern,Coastal,Posidonia,1995,46.09,,,,,,,,,,
-32.257,115.745,Temperate Southern,Coastal,Posidonia,1995,28.72,,,,,,,,,,
-32.257,115.745,Temperate Southern,Coastal,Posidonia,1995,39.77,,,,,,,,,,
-32.257,115.745,Temperate Southern,Coastal,Posidonia,1995,31.66,,,,,,,,,,
-32.257,115.745,Temperate Southern,Coastal,Posidonia,1995,61.52,,,,,,,,,,
-32.257,115.745,Temperate Southern,Coastal,Posidonia,1995,56.71,,,,,,,,,,
-32.257,115.745,Temperate Southern,Coastal,Posidonia,1995,48.82,,,,,,,,,,
-32.257,115.745,Temperate Southern,Coastal,Posidonia,1995,18.52,,,,,,,,,,
-32.257,115.745,Temperate Southern,Coastal,Posidonia,1995,16.87,,,,,,,,,,
-32.257,115.745,Temperate Southern,Coastal,Posidonia,1995,21.61,,,,,,,,,,
-32.263,115.699,Temperate Southern,Coastal,Posidonia,1995,238.67,,,,,,,,,,
-32.263,115.699,Temperate Southern,Coastal,Posidonia,1995,173.33,,,,,,,,,,
-32.263,115.699,Temperate Southern,Coastal,Posidonia,1995,221.01,,,,,,,,,,
-32.263,115.699,Temperate Southern,Coastal,Posidonia,1995,174.98,,,,,,,,,,
-32.263,115.699,Temperate Southern,Coastal,Posidonia,1995,238.71,,,,,,,,,,
-32.263,115.699,Temperate Southern,Coastal,Posidonia,1995,215.26,,,,,,,,,,
-32.263,115.699,Temperate Southern,Coastal,Posidonia,1995,282.22,,,,,,,,,,
-32.263,115.699,Temperate Southern,Coastal,Posidonia,1995,281.51,,,,,,,,,,
-32.263,115.699,Temperate Southern,Coastal,Posidonia,1995,345.08,,,,,,,,,,
-32.263,115.699,Temperate Southern,Coastal,Posidonia,1995,157.2,,,,,,,,,,
-32.263,115.699,Temperate Southern,Coastal,Posidonia,1995,165.97,,,,,,,,,,
-32.263,115.699,Temperate Southern,Coastal,Posidonia,1995,187.81,,,,,,,,,,
-32.274,115.707,Temperate Southern,Coastal,Posidonia,1995,121.73,,,,,,,,,,
-32.274,115.707,Temperate Southern,Coastal,Posidonia,1995,145.17,,,,,,,,,,
-32.274,115.707,Temperate Southern,Coastal,Posidonia,1995,146.73,,,,,,,,,,
-32.274,115.707,Temperate Southern,Coastal,Posidonia,1995,135.87,,,,,,,,,,
-32.274,115.707,Temperate Southern,Coastal,Posidonia,1995,249.57,,,,,,,,,,
-32.274,115.707,Temperate Southern,Coastal,Posidonia,1995,169.89,,,,,,,,,,
-32.274,115.707,Temperate Southern,Coastal,Posidonia,1995,277.7,,,,,,,,,,
-32.274,115.707,Temperate Southern,Coastal,Posidonia,1995,288.57,,,,,,,,,,
-32.274,115.707,Temperate Southern,Coastal,Posidonia,1995,186.86,,,,,,,,,,
-32.274,115.707,Temperate Southern,Coastal,Posidonia,1995,188.35,,,,,,,,,,
-32.274,115.707,Temperate Southern,Coastal,Posidonia,1995,164.92,,,,,,,,,,
-32.274,115.707,Temperate Southern,Coastal,Posidonia,1995,144.32,,,,,,,,,,
24.55,-81.75,Tropical Atlantic,Coastal,Thalassia,2009,,,,682,,,,,,,
24.55,-81.75,Tropical Atlantic,Coastal,Thalassia,2009,,,,399,,,,,,,
24.55,-81.75,Tropical Atlantic,Coastal,Thalassia,2009,,,,581,,,,,,,
24.55,-81.75,Tropical Atlantic,Coastal,Thalassia,2009,,,,658,,,,,,,
24.55,-81.75,Tropical Atlantic,Coastal,Thalassia,2009,,,,460,,,,,,,
40.744,13.948,Mediterranean,Coastal,Cymodocea,1988,139,724,863,1531,,,,,,,3.105
40.744,13.948,Mediterranean,Coastal,Cymodocea,1988,94,413,507,1647,,,,,,,2.127
40.744,13.948,Mediterranean,Coastal,Cymodocea,1988,60,443,503,1751,,,,,,,1.258
40.744,13.948,Mediterranean,Coastal,Cymodocea,1988,33,524,557,1125,,,,,,,0.499
40.744,13.948,Mediterranean,Coastal,Cymodocea,1988,33,529,562,1003,,,,,,,0.07
40.744,13.948,Mediterranean,Coastal,Cymodocea,1988,4,494,498,964,,,,,,,
40.744,13.948,Mediterranean,Coastal,Zostera,1988,,,,528,,,,,,,
40.744,13.948,Mediterranean,Coastal,Zostera,1988,,,,573,,,,,,,
40.744,13.948,Mediterranean,Coastal,Zostera,1988,,,,689,,,,,,,
40.744,13.948,Mediterranean,Coastal,Zostera,1988,,,,483,,,,,,,
40.744,13.948,Mediterranean,Coastal,Zostera,1988,,,,386,,,,,,,
40.744,13.948,Mediterranean,Coastal,Zostera,1988,,,,509,,,,,,,
40.744,13.948,Mediterranean,Coastal,Cymodocea,1989,20,600,620,1203,,,,,,,0.389
40.744,13.948,Mediterranean,Coastal,Cymodocea,1989,25,413,438,1107,,,,,,,0.289
40.744,13.948,Mediterranean,Coastal,Cymodocea,1989,61,392,453,1256,,,,,,,0.299
40.744,13.948,Mediterranean,Coastal,Cymodocea,1989,45,324,369,1230,,,,,,,0.739
40.744,13.948,Mediterranean,Coastal,Cymodocea,1989,61,359,420,1804,,,,,,,0.659
40.744,13.948,Mediterranean,Coastal,Cymodocea,1989,119,392,511,2030,,,,,,,1.008
40.744,13.948,Mediterranean,Coastal,Cymodocea,1989,53,451,504,1520,,,,,,,1.448
40.744,13.948,Mediterranean,Coastal,Cymodocea,1989,41,468,509,1139,,,,,,,1.348
40.744,13.948,Mediterranean,Coastal,Cymodocea,1989,,,,1062,,,,,,,1.657
40.744,13.948,Mediterranean,Coastal,Zostera,1989,,,,541,,,,,,,
40.744,13.948,Mediterranean,Coastal,Zostera,1989,,,,238,,,,,,,
40.744,13.948,Mediterranean,Coastal,Zostera,1989,,,,555,,,,,,,
40.744,13.948,Mediterranean,Coastal,Zostera,1989,,,,413,,,,,,,
40.744,13.948,Mediterranean,Coastal,Zostera,1989,,,,116,,,,,,,
40.744,13.948,Mediterranean,Coastal,Zostera,1989,,,,110,,,,,,,
40.744,13.948,Mediterranean,Coastal,Zostera,1989,,,,374,,,,,,,
40.744,13.948,Mediterranean,Coastal,Zostera,1989,,,,464,,,,,,,
29.45,34.967,Tropical Indo Pacific,Coastal,Halophila,2013,,,,1093,,8747,,,,,
54.853,9.832,Temperate North Atlantic,Coastal,Zostera,2009,,,148,,66,,,,,,
54.996,10.359,Temperate North Atlantic,Coastal,Zostera,2009,,,91,,93,,,,,,
55.155,10.057,Temperate North Atlantic,Coastal,Zostera,2009,,,176,,72,,,,,,
55.432,10.569,Temperate North Atlantic,Estuarine,Zostera,2009,,,122,,100,,,,,,
55.495,10.542,Temperate North Atlantic,Estuarine,Zostera,2009,,,128,,81,,,,,,
55.521,13.098,Temperate North Atlantic,Coastal,Zostera,2009,,,113,,45,,,,,,
55.771,12.73,Temperate North Atlantic,Coastal,Zostera,2009,,,155,,86,,,,,,
55.816,12.058,Temperate North Atlantic,Estuarine,Zostera,2009,,,113,,46,,,,,,
37.166,9.752,Mediterranean,Estuarine,Ruppia,1993,162.21,,,,,,,,,,
37.166,9.752,Mediterranean,Estuarine,Ruppia,1993,231.29,,,,,,,,,,
37.166,9.752,Mediterranean,Estuarine,Ruppia,1993,233.33,,,,,,,,,,
37.166,9.752,Mediterranean,Estuarine,Ruppia,1993,230.26,,,,,,,,,,
37.166,9.752,Mediterranean,Estuarine,Ruppia,1993,155.56,,,,,,,,,,
37.166,9.752,Mediterranean,Estuarine,Ruppia,1993,133.55,,,,,,,,,,
37.166,9.752,Mediterranean,Estuarine,Ruppia,1993,,138.8,368.7,,,,,,,,
37.166,9.752,Mediterranean,Estuarine,Ruppia,1994,81.36,,,,,,,,,,
37.166,9.752,Mediterranean,Estuarine,Ruppia,1994,12.28,,,,,,,,,,
37.166,9.752,Mediterranean,Estuarine,Ruppia,1994,25.07,,,,,,,,,,
37.166,9.752,Mediterranean,Estuarine,Ruppia,1994,39.91,,,,,,,,,,
-2.906,-41.407,Tropical Atlantic,Coastal,Halodule,2014,62.6,308.1,370.7,5.75,,,,,,,
-2.901,-41.409,Tropical Atlantic,Coastal,Halodule,2014,55.7,250.2,305.9,6.19,,,,,,,
-2.9,-41.407,Tropical Atlantic,Coastal,Halodule,2014,68.66,229.2,297.86,6.1,,,,,,,
43.008,6.382,Mediterranean,Coastal,Cymodocea,1982,,,,,,,,,,,
43.587,7.128,Mediterranean,Coastal,Cymodocea,1982,,,,,,,,,,,
43.008,6.382,Mediterranean,Coastal,Cymodocea,1983,,,,,,,,,,,
36.813,-2.566,Mediterranean,Coastal,Posidonia,1994,,,,,,,,0.5,2.8,,2.6
36.859,-1.938,Mediterranean,Coastal,Posidonia,1994,,,,,,,,0.7,3.7,,3.4
36.939,-1.934,Mediterranean,Coastal,Posidonia,1994,,,,,,,,0.4,1.2,,1
37.299,-1.633,Mediterranean,Coastal,Posidonia,1994,,,,,,,,0.7,3.5,,3.1
37.544,-1.265,Mediterranean,Coastal,Posidonia,1994,,,,,,,,1.1,4.2,,3.4
37.561,-1.308,Mediterranean,Coastal,Posidonia,1994,,,,,,,,0.4,3.1,,2.9
38.187,-0.494,Mediterranean,Coastal,Posidonia,1994,,,,,,,,0.4,1.6,,1.4
38.517,-0.065,Mediterranean,Coastal,Posidonia,1994,,,,,,,,1.1,4.6,,4
38.652,0.12,Mediterranean,Coastal,Posidonia,1994,,,,,,,,0.7,2.8,,2.5
38.663,0.133,Mediterranean,Coastal,Posidonia,1994,,,,,,,,0.5,3.2,,2.9
38.682,0.165,Mediterranean,Coastal,Posidonia,1994,,,,,,,,0.5,2.8,,2.6
38.713,0.235,Mediterranean,Coastal,Posidonia,1994,,,,,,,,0.1,0.4,,0.4
40.989,1.128,Mediterranean,Coastal,Posidonia,1994,,,,,,,,0.7,2.2,,1.9
41.843,3.113,Mediterranean,Coastal,Posidonia,1994,,,,,,,,1,3.2,,2.6
42.265,3.344,Mediterranean,Coastal,Posidonia,1994,,,,,,,,0.5,1.8,,1.5
42.304,3.302,Mediterranean,Coastal,Cymodocea,1991,24.2,,,,,,,,,,0.1
42.304,3.302,Mediterranean,Coastal,Zostera,1991,15.4,,,,,,,,,,0.6
42.304,3.302,Mediterranean,Coastal,Cymodocea,1992,14,,,,,,,,,,0.1
42.304,3.302,Mediterranean,Coastal,Cymodocea,1992,10.6,,,,,,,,,,
42.304,3.302,Mediterranean,Coastal,Cymodocea,1992,17.6,,,,,,,,,,0.2
42.304,3.302,Mediterranean,Coastal,Cymodocea,1992,28.8,,,,,,,,,,1
42.304,3.302,Mediterranean,Coastal,Cymodocea,1992,60.2,,,,,,,,,,2.1
42.304,3.302,Mediterranean,Coastal,Cymodocea,1992,87.6,,,,,,,,,,4.4
42.304,3.302,Mediterranean,Coastal,Cymodocea,1992,59.5,,,,,,,,,,2.2
42.304,3.302,Mediterranean,Coastal,Cymodocea,1992,20.2,,,,,,,,,,0.7
42.304,3.302,Mediterranean,Coastal,Cymodocea,1992,11.4,,,,,,,,,,0.7
42.304,3.302,Mediterranean,Coastal,Cymodocea,1992,12.8,,,,,,,,,,0.2
42.304,3.302,Mediterranean,Coastal,Posidonia,1992,184.7,,,,,,,,,,1.9
42.304,3.302,Mediterranean,Coastal,Posidonia,1992,214.3,,,,,,,,,,2.9
42.304,3.302,Mediterranean,Coastal,Posidonia,1992,266.3,,,,,,,,,,3.1
42.304,3.302,Mediterranean,Coastal,Posidonia,1992,292.9,,,,,,,,,,3.3
42.304,3.302,Mediterranean,Coastal,Posidonia,1992,287.8,,,,,,,,,,2.3
42.304,3.302,Mediterranean,Coastal,Posidonia,1992,267.3,,,,,,,,,,2.1
42.304,3.302,Mediterranean,Coastal,Posidonia,1992,200,,,,,,,,,,0.9
42.304,3.302,Mediterranean,Coastal,Posidonia,1992,189.8,,,,,,,,,,1.2
42.304,3.302,Mediterranean,Coastal,Zostera,1992,286,,,,,,,,,,4.2
42.304,3.302,Mediterranean,Coastal,Zostera,1992,561.3,,,,,,,,,,8.2
42.304,3.302,Mediterranean,Coastal,Zostera,1992,362.1,,,,,,,,,,3.9
42.304,3.302,Mediterranean,Coastal,Zostera,1992,33.3,,,,,,,,,,0.4
42.304,3.302,Mediterranean,Coastal,Zostera,1992,17,,,,,,,,,,0.1
42.304,3.302,Mediterranean,Coastal,Zostera,1992,13.2,,,,,,,,,,0.3
42.304,3.302,Mediterranean,Coastal,Zostera,1992,21.4,,,,,,,,,,0.3
42.304,3.302,Mediterranean,Coastal,Zostera,1992,9.8,,,,,,,,,,0.3
42.304,3.302,Mediterranean,Coastal,Zostera,1992,15.8,,,,,,,,,,0.4
42.304,3.302,Mediterranean,Coastal,Zostera,1992,0.7,,,,,,,,,,0.9
42.304,3.302,Mediterranean,Coastal,Zostera,1992,32.6,,,,,,,,,,1.6
42.304,3.302,Mediterranean,Coastal,Zostera,1992,16.1,,,,,,,,,,1.1
42.304,3.302,Mediterranean,Coastal,Zostera,1992,42.8,,,,,,,,,,1.1
42.304,3.302,Mediterranean,Coastal,Zostera,1992,40.4,,,,,,,,,,2.7
42.304,3.302,Mediterranean,Coastal,Zostera,1992,10.2,,,,,,,,,,0.4
42.304,3.302,Mediterranean,Coastal,Zostera,1992,2.1,,,,,,,,,,0.2
42.304,3.302,Mediterranean,Coastal,Cymodocea,1993,11.5,,,,,,,,,,0.1
42.304,3.302,Mediterranean,Coastal,Cymodocea,1993,24.7,,,,,,,,,,0.2
42.304,3.302,Mediterranean,Coastal,Cymodocea,1993,17.2,,,,,,,,,,0.1
42.304,3.302,Mediterranean,Coastal,Cymodocea,1993,29.1,,,,,,,,,,0.7
42.304,3.302,Mediterranean,Coastal,Posidonia,1993,182.7,,,,,,,,,,3.1
42.304,3.302,Mediterranean,Coastal,Posidonia,1993,194.9,,,,,,,,,,1.4
42.304,3.302,Mediterranean,Coastal,Posidonia,1993,205.1,,,,,,,,,,1.5
42.304,3.302,Mediterranean,Coastal,Zostera,1993,13.6,,,,,,,,,,0.5
42.304,3.302,Mediterranean,Coastal,Zostera,1993,34.8,,,,,,,,,,0.8
42.304,3.302,Mediterranean,Coastal,Zostera,1993,76.8,,,,,,,,,,1.4
42.304,3.302,Mediterranean,Coastal,Zostera,1993,119.3,,,,,,,,,,1.8
42.304,3.302,Mediterranean,Coastal,Zostera,1993,215.5,,,,,,,,,,4.5
42.304,3.302,Mediterranean,Coastal,Zostera,1993,141.2,,,,,,,,,,3.3
42.304,3.302,Mediterranean,Coastal,Zostera,1993,3.5,,,,,,,,,,0.1
42.304,3.302,Mediterranean,Coastal,Zostera,1993,29.5,,,,,,,,,,0.5
42.304,3.302,Mediterranean,Coastal,Zostera,1993,16.5,,,,,,,,,,0.6
42.304,3.302,Mediterranean,Coastal,Zostera,1993,8.1,,,,,,,,,,0.5
40.603,0.718,Mediterranean,Coastal,Cymodocea,1994,103.6,221.4,325,,,,,,,,2.8
37.876,12.438,Mediterranean,Coastal,Posidonia,2000,,,,340.32,,,,,,,
37.876,12.438,Mediterranean,Coastal,Posidonia,2000,,,,441.84,,,,,,,
37.876,12.438,Mediterranean,Coastal,Posidonia,2001,,,,341.69,,,,,,,
37.876,12.438,Mediterranean,Coastal,Posidonia,2001,,,,356.8,,,,,,,
37.876,12.438,Mediterranean,Coastal,Posidonia,2001,,,,378.78,,,,,,,
37.876,12.438,Mediterranean,Coastal,Posidonia,2001,,,,382.9,,,,,,,
37.876,12.438,Mediterranean,Coastal,Posidonia,2001,,,,389.77,,,,,,,
37.876,12.438,Mediterranean,Coastal,Posidonia,2001,,,,404.88,,,,,,,
37.876,12.438,Mediterranean,Coastal,Posidonia,2001,,,,437.84,,,,,,,
37.876,12.438,Mediterranean,Coastal,Posidonia,2001,,,,455.7,,,,,,,
37.876,12.438,Mediterranean,Coastal,Posidonia,2001,,,,469.44,,,,,,,
37.876,12.438,Mediterranean,Coastal,Posidonia,2001,,,,437.84,,,,,,,
37.876,12.438,Mediterranean,Coastal,Posidonia,2001,,,,433.04,,,,,,,
37.876,12.438,Mediterranean,Coastal,Posidonia,2001,,,,438.67,,,,,,,
37.876,12.438,Mediterranean,Coastal,Posidonia,2001,,,,437.39,,,,,,,
37.876,12.438,Mediterranean,Coastal,Posidonia,2001,,,,473.62,,,,,,,
37.876,12.438,Mediterranean,Coastal,Posidonia,2001,,,,478.07,,,,,,,
37.876,12.438,Mediterranean,Coastal,Posidonia,2001,,,,486.33,,,,,,,
37.876,12.438,Mediterranean,Coastal,Posidonia,2001,,,,490.15,,,,,,,
37.876,12.438,Mediterranean,Coastal,Posidonia,2001,,,,520.02,,,,,,,
37.876,12.438,Mediterranean,Coastal,Posidonia,2001,,,,528.28,,,,,,,
37.876,12.438,Mediterranean,Coastal,Posidonia,2001,,,,515.57,,,,,,,
37.876,12.438,Mediterranean,Coastal,Posidonia,2001,,,,522.56,,,,,,,
37.876,12.438,Mediterranean,Coastal,Posidonia,2001,,,,501.59,,,,,,,
21.95,120.733,Tropical Indo Pacific,Coastal,Thalassia,2008,,,,531.58,,,,,,,5.504
21.95,120.733,Tropical Indo Pacific,Coastal,Thalassia,2008,,,,652.91,,,,,,,7.456
21.95,120.733,Tropical Indo Pacific,Coastal,Thalassia,2008,,,,883.77,,,,,,,6.384
21.95,120.733,Tropical Indo Pacific,Coastal,Thalassia,2008,,,,608.92,,,,,,,4.916
21.95,120.733,Tropical Indo Pacific,Coastal,Thalassia,2009,,,,466.05,,,,,,,1.2
21.95,120.733,Tropical Indo Pacific,Coastal,Thalassia,2009,,,,535.21,,,,,,,2.032
21.95,120.733,Tropical Indo Pacific,Coastal,Thalassia,2009,,,,514.19,,,,,,,1.624
21.95,120.733,Tropical Indo Pacific,Coastal,Thalassia,2009,,,,375.3,,,,,,,0.967
30.386569,-88.406113,Tropical Atlantic,Coastal,Ruppia,2005,,,,,60.5,,,,,,
30.35973,-88.397873,Tropical Atlantic,Coastal,Ruppia,2005,,,,,43.2,,,,,,
30.35973,-88.397873,Tropical Atlantic,Coastal,Halodule,2005,,,,,15.4,,,,,,
30.354828,-88.410662,Tropical Atlantic,Coastal,Ruppia,2005,,,,,76.9,,,,,,
30.354828,-88.410662,Tropical Atlantic,Coastal,Halodule,2005,,,,,19.7,,,,,,
30.386569,-88.406113,Tropical Atlantic,Coastal,Ruppia,2006,,,,,96.2,,,,,,
30.386569,-88.406113,Tropical Atlantic,Coastal,Ruppia,2006,,,,,6.9,,,,,,
30.35973,-88.397873,Tropical Atlantic,Coastal,Ruppia,2006,,,,,76.4,,,,,,
30.35973,-88.397873,Tropical Atlantic,Coastal,Halodule,2006,,,,,20.3,,,,,,
30.354828,-88.410662,Tropical Atlantic,Coastal,Ruppia,2006,,,,,78.5,,,,,,
30.354828,-88.410662,Tropical Atlantic,Coastal,Halodule,2006,,,,,18.5,,,,,,
30.386569,-88.406113,Tropical Atlantic,Coastal,Ruppia,2007,,,,,55.2,,,,,,
30.386569,-88.406113,Tropical Atlantic,Coastal,Halodule,2007,,,,,14.2,,,,,,
30.35973,-88.397873,Tropical Atlantic,Coastal,Ruppia,2007,,,,,15.8,,,,,,
30.35973,-88.397873,Tropical Atlantic,Coastal,Halodule,2007,,,,,54.9,,,,,,
30.354828,-88.410662,Tropical Atlantic,Coastal,Ruppia,2007,,,,,33.1,,,,,,
30.354828,-88.410662,Tropical Atlantic,Coastal,Halodule,2007,,,,,23.9,,,,,,
30.386569,-88.406113,Tropical Atlantic,Coastal,Ruppia,2008,,,,,62.3,,,,,,
30.386569,-88.406113,Tropical Atlantic,Coastal,Halodule,2008,,,,,8.7,,,,,,
30.35973,-88.397873,Tropical Atlantic,Coastal,Ruppia,2008,,,,,41.2,,,,,,
30.35973,-88.397873,Tropical Atlantic,Coastal,Halodule,2008,,,,,64.7,,,,,,
30.354828,-88.410662,Tropical Atlantic,Coastal,Ruppia,2008,,,,,60.2,,,,,,
30.354828,-88.410662,Tropical Atlantic,Coastal,Halodule,2008,,,,,23.9,,,,,,
30.386569,-88.406113,Tropical Atlantic,Coastal,Ruppia,2009,,,,,2.8,,,,,,
30.386569,-88.406113,Tropical Atlantic,Coastal,Halodule,2009,,,,,21.9,,,,,,
30.35973,-88.397873,Tropical Atlantic,Coastal,Ruppia,2009,,,,,12.5,,,,,,
30.35973,-88.397873,Tropical Atlantic,Coastal,Halodule,2009,,,,,8.2,,,,,,
30.354828,-88.410662,Tropical Atlantic,Coastal,Ruppia,2009,,,,,32.1,,,,,,
30.354828,-88.410662,Tropical Atlantic,Coastal,Halodule,2009,,,,,7.6,,,,,,
30.386569,-88.406113,Tropical Atlantic,Coastal,Ruppia,2009,31.45,2.78,34.22,,,,,,,,
30.386569,-88.406113,Tropical Atlantic,Coastal,Ruppia,2009,21.58,2.78,24.36,,,,,,,,
30.386569,-88.406113,Tropical Atlantic,Coastal,Ruppia,2009,36.99,3.39,40.39,,,,,,,,
30.386569,-88.406113,Tropical Atlantic,Coastal,Ruppia,2009,50.56,4.93,55.49,,,,,,,,
30.386569,-88.406113,Tropical Atlantic,Coastal,Ruppia,2009,4.01,4.01,8.02,,,,,,,,
30.386569,-88.406113,Tropical Atlantic,Coastal,Ruppia,2009,3.08,2.16,5.24,,,,,,,,
30.386569,-88.406113,Tropical Atlantic,Coastal,Ruppia,2009,2.47,0.93,3.39,,,,,,,,
30.35973,-88.397873,Tropical Atlantic,Coastal,Ruppia,2009,14.65,14.36,29.01,,,,,,,,
30.35973,-88.397873,Tropical Atlantic,Coastal,Ruppia,2009,14.06,9.27,23.33,,,,,,,,
30.35973,-88.397873,Tropical Atlantic,Coastal,Ruppia,2009,74.77,5.98,80.75,,,,,,,,
30.35973,-88.397873,Tropical Atlantic,Coastal,Ruppia,2009,95.7,6.88,102.58,,,,,,,,
30.35973,-88.397873,Tropical Atlantic,Coastal,Ruppia,2009,2.99,4.79,7.78,,,,,,,,
30.35973,-88.397873,Tropical Atlantic,Coastal,Ruppia,2009,2.09,2.69,4.79,,,,,,,,
30.35973,-88.397873,Tropical Atlantic,Coastal,Ruppia,2009,2.39,1.5,3.89,,,,,,,,
30.354828,-88.410662,Tropical Atlantic,Coastal,Ruppia,2009,31.8,2.39,34.19,,,,,,,,
30.354828,-88.410662,Tropical Atlantic,Coastal,Ruppia,2009,31.45,3.76,35.21,,,,,,,,
30.354828,-88.410662,Tropical Atlantic,Coastal,Ruppia,2009,53.68,4.1,57.78,,,,,,,,
30.354828,-88.410662,Tropical Atlantic,Coastal,Ruppia,2009,50.94,6.15,57.09,,,,,,,,
30.354828,-88.410662,Tropical Atlantic,Coastal,Ruppia,2009,2.39,5.81,8.21,,,,,,,,
30.354828,-88.410662,Tropical Atlantic,Coastal,Ruppia,2009,1.71,4.1,5.81,,,,,,,,
30.354828,-88.410662,Tropical Atlantic,Coastal,Ruppia,2009,2.39,3.42,5.81,,,,,,,,
30.354828,-88.410662,Tropical Atlantic,Coastal,Ruppia,2009,0.68,1.03,1.71,,,,,,,,
30.386569,-88.406113,Tropical Atlantic,Coastal,Halodule,2009,0.59,1.48,2.07,,,,,,,,
30.386569,-88.406113,Tropical Atlantic,Coastal,Halodule,2009,1.78,2.07,3.85,,,,,,,,
30.386569,-88.406113,Tropical Atlantic,Coastal,Halodule,2009,10.07,1.19,11.26,,,,,,,,
30.386569,-88.406113,Tropical Atlantic,Coastal,Halodule,2009,15.41,1.78,17.19,,,,,,,,
30.386569,-88.406113,Tropical Atlantic,Coastal,Halodule,2009,1.78,1.19,2.96,,,,,,,,
30.386569,-88.406113,Tropical Atlantic,Coastal,Halodule,2009,1.48,1.19,2.67,,,,,,,,
30.386569,-88.406113,Tropical Atlantic,Coastal,Halodule,2009,1.48,0.89,2.37,,,,,,,,
30.35973,-88.397873,Tropical Atlantic,Coastal,Halodule,2009,25.46,16.36,41.82,,,,,,,,
30.35973,-88.397873,Tropical Atlantic,Coastal,Halodule,2009,25.76,20.3,46.06,,,,,,,,
30.35973,-88.397873,Tropical Atlantic,Coastal,Halodule,2009,38.49,3.03,41.52,,,,,,,,
30.35973,-88.397873,Tropical Atlantic,Coastal,Halodule,2009,42.73,3.03,45.76,,,,,,,,
30.35973,-88.397873,Tropical Atlantic,Coastal,Halodule,2009,1.82,2.12,3.94,,,,,,,,
30.35973,-88.397873,Tropical Atlantic,Coastal,Halodule,2009,1.21,1.82,3.03,,,,,,,,
30.35973,-88.397873,Tropical Atlantic,Coastal,Halodule,2009,1.82,0.91,2.73,,,,,,,,
30.35973,-88.397873,Tropical Atlantic,Coastal,Halodule,2009,0.3,0.91,1.21,,,,,,,,
30.354828,-88.410662,Tropical Atlantic,Coastal,Halodule,2009,10.73,1.01,11.74,,,,,,,,
30.354828,-88.410662,Tropical Atlantic,Coastal,Halodule,2009,13.08,2.68,15.77,,,,,,,,
30.354828,-88.410662,Tropical Atlantic,Coastal,Halodule,2009,23.82,1.68,25.49,,,,,,,,
30.354828,-88.410662,Tropical Atlantic,Coastal,Halodule,2009,22.14,2.68,24.82,,,,,,,,
30.354828,-88.410662,Tropical Atlantic,Coastal,Halodule,2009,1.01,3.35,4.36,,,,,,,,
30.354828,-88.410662,Tropical Atlantic,Coastal,Halodule,2009,1.34,2.35,3.69,,,,,,,,
30.354828,-88.410662,Tropical Atlantic,Coastal,Halodule,2009,2.01,2.01,4.03,,,,,,,,
30.354828,-88.410662,Tropical Atlantic,Coastal,Halodule,2009,0.67,1.01,1.68,,,,,,,,
30.386569,-88.406113,Tropical Atlantic,Coastal,Ruppia,2010,4.32,6.17,10.48,,,,,,,,
30.386569,-88.406113,Tropical Atlantic,Coastal,Ruppia,2010,24.36,18.5,42.85,,,,,,,,
30.35973,-88.397873,Tropical Atlantic,Coastal,Ruppia,2010,2.09,0.9,2.99,,,,,,,,
30.35973,-88.397873,Tropical Atlantic,Coastal,Ruppia,2010,12.86,8.67,21.53,,,,,,,,
30.35973,-88.397873,Tropical Atlantic,Coastal,Ruppia,2010,16.45,15.25,31.7,,,,,,,,
30.354828,-88.410662,Tropical Atlantic,Coastal,Ruppia,2010,0.68,0.68,1.37,,,,,,,,
30.354828,-88.410662,Tropical Atlantic,Coastal,Ruppia,2010,2.39,1.71,4.1,,,,,,,,
30.354828,-88.410662,Tropical Atlantic,Coastal,Ruppia,2010,14.36,14.7,29.06,,,,,,,,
30.35973,-88.397873,Tropical Atlantic,Coastal,Halodule,2010,0.91,0.61,1.52,,,,,,,,
30.35973,-88.397873,Tropical Atlantic,Coastal,Halodule,2010,2.42,0.91,3.33,,,,,,,,
30.35973,-88.397873,Tropical Atlantic,Coastal,Halodule,2010,16.06,10.61,26.67,,,,,,,,
30.35973,-88.397873,Tropical Atlantic,Coastal,Halodule,2010,30.3,16.67,46.97,,,,,,,,
30.354828,-88.410662,Tropical Atlantic,Coastal,Halodule,2010,0.67,0.67,1.34,,,,,,,,
30.354828,-88.410662,Tropical Atlantic,Coastal,Halodule,2010,1.34,0.34,1.68,,,,,,,,
30.354828,-88.410662,Tropical Atlantic,Coastal,Halodule,2010,0.67,0.67,1.34,,,,,,,,
30.354828,-88.410662,Tropical Atlantic,Coastal,Halodule,2010,15.43,28.18,43.61,,,,,,,,
30.386569,-88.406113,Tropical Atlantic,Coastal,Ruppia,2011,,,,,79.9,,,,,,
30.386569,-88.406113,Tropical Atlantic,Coastal,Halodule,2011,,,,,11.8,,,,,,
30.35973,-88.397873,Tropical Atlantic,Coastal,Ruppia,2011,,,,,11.3,,,,,,
30.35973,-88.397873,Tropical Atlantic,Coastal,Halodule,2011,,,,,64.1,,,,,,
30.354828,-88.410662,Tropical Atlantic,Coastal,Ruppia,2011,,,,,18.1,,,,,,
30.354828,-88.410662,Tropical Atlantic,Coastal,Halodule,2011,,,,,30.3,,,,,,
30.386569,-88.406113,Tropical Atlantic,Coastal,Ruppia,2011,65.36,6.17,71.52,,,,,,,,
30.35973,-88.397873,Tropical Atlantic,Coastal,Ruppia,2011,20.04,3.59,23.63,,,,,,,,
30.354828,-88.410662,Tropical Atlantic,Coastal,Ruppia,2011,27.01,2.05,29.06,,,,,,,,
30.386569,-88.406113,Tropical Atlantic,Coastal,Halodule,2011,0.59,0.89,1.48,,,,,,,,
30.35973,-88.397873,Tropical Atlantic,Coastal,Halodule,2011,20.61,46.97,67.58,,,,,,,,
30.354828,-88.410662,Tropical Atlantic,Coastal,Halodule,2011,8.72,12.08,20.8,,,,,,,,
30.35973,-88.397873,Tropical Atlantic,Coastal,Ruppia,2012,12.86,4.19,17.05,,,,,,,,
30.35973,-88.397873,Tropical Atlantic,Coastal,Ruppia,2012,13.76,18.54,32.3,,,,,,,,
30.354828,-88.410662,Tropical Atlantic,Coastal,Ruppia,2012,4.44,2.74,7.18,,,,,,,,
30.354828,-88.410662,Tropical Atlantic,Coastal,Ruppia,2012,19.49,4.79,24.27,,,,,,,,
30.386569,-88.406113,Tropical Atlantic,Coastal,Halodule,2012,1.78,6.22,8,,,,,,,,
30.386569,-88.406113,Tropical Atlantic,Coastal,Halodule,2012,5.33,10.37,15.7,,,,,,,,
30.35973,-88.397873,Tropical Atlantic,Coastal,Halodule,2012,6.36,11.82,18.18,,,,,,,,
30.35973,-88.397873,Tropical Atlantic,Coastal,Halodule,2012,12.12,19.09,31.21,,,,,,,,
30.354828,-88.410662,Tropical Atlantic,Coastal,Halodule,2012,9.39,9.73,19.12,,,,,,,,
30.354828,-88.410662,Tropical Atlantic,Coastal,Halodule,2012,1.68,1.34,3.02,,,,,,,,
30.386569,-88.406113,Tropical Atlantic,Coastal,Ruppia,2013,6.78,0.62,7.4,,,,,,,,
30.35973,-88.397873,Tropical Atlantic,Coastal,Ruppia,2013,4.49,3.59,8.08,,,,,,,,
30.35973,-88.397873,Tropical Atlantic,Coastal,Ruppia,2013,63.4,22.13,85.53,,,,,,,,
30.354828,-88.410662,Tropical Atlantic,Coastal,Ruppia,2013,1.37,1.03,2.39,,,,,,,,
30.354828,-88.410662,Tropical Atlantic,Coastal,Ruppia,2013,18.8,9.92,28.72,,,,,,,,
30.386569,-88.406113,Tropical Atlantic,Coastal,Halodule,2013,1.48,2.07,3.56,,,,,,,,
30.35973,-88.397873,Tropical Atlantic,Coastal,Halodule,2013,2.42,8.79,11.21,,,,,,,,
30.354828,-88.410662,Tropical Atlantic,Coastal,Halodule,2013,1.68,1.34,3.02,,,,,,,,
-31.999,115.777,Temperate Southern,Estuarine,Halophila,2009,,,,,,,,,16.068,,
-32.024,115.818,Temperate Southern,Estuarine,Halophila,2009,,,,,,,,,14.32,,
-32.013,115.784,Temperate Southern,Estuarine,Halophila,2009,,,,,,,,,14.612,,
-31.999,115.777,Temperate Southern,Estuarine,Halophila,2009,,,,,,,,,10.825,,
-32.024,115.818,Temperate Southern,Estuarine,Halophila,2009,,,,,,,,,15.485,,
-32.013,115.784,Temperate Southern,Estuarine,Halophila,2009,,,,,,,,,16.942,,
-31.999,115.777,Temperate Southern,Estuarine,Halophila,2009,,,,,,,,,6.602,,
-32.024,115.818,Temperate Southern,Estuarine,Halophila,2009,,,,,,,,,5.291,,
-32.024,115.816,Temperate Southern,Estuarine,Halophila,2009,,,,,,,,,5,,
-31.999,115.777,Temperate Southern,Estuarine,Halophila,2009,,,,,,,,,8.641,,
-32.024,115.818,Temperate Southern,Estuarine,Halophila,2009,,,,,,,,,12.282,,
-32.013,115.784,Temperate Southern,Estuarine,Halophila,2009,,,,,,,,,9.515,,
12.1,-68.23,Tropical Atlantic,Estuarine,Halophila,2011,,,,,6,,,,,,
12.1,-68.23,Tropical Atlantic,Estuarine,Syringodium,2011,,,,,4,,,,,,
12.1,-68.23,Tropical Atlantic,Estuarine,Thalassia,2011,,,,,51,,,,,,
12.1,-68.23,Tropical Atlantic,Estuarine,Halophila,2014,,,54.6,,,,,,,,
12.1,-68.23,Tropical Atlantic,Estuarine,Syringodium,2014,,,22.41,,,,,,,,
12.1,-68.23,Tropical Atlantic,Estuarine,Thalassia,2014,,,44.83,,,,,,,,
12.1,-68.23,Tropical Atlantic,Estuarine,Halophila,2017,,,,,26,,,,,,
12.1,-68.23,Tropical Atlantic,Estuarine,Syringodium,2017,,,,,3,,,,,,
12.1,-68.23,Tropical Atlantic,Estuarine,Thalassia,2017,,,,,34,,,,,,
40.662,-73.2,Temperate North Pacific,Coastal,Zostera,1975,,,,,,,,,,,
13.974,120.602,Tropical Indo Pacific,Coastal,Cymodocea,2010,0.05,0.15,0.2,,,,,,,,
13.972,120.621,Tropical Indo Pacific,Coastal,Cymodocea,2010,0.12,0.03,0.15,,,,,,,,
13.977,120.628,Tropical Indo Pacific,Coastal,Cymodocea,2010,0.38,0.29,0.67,,,,,,,,
13.984,120.631,Tropical Indo Pacific,Coastal,Cymodocea,2010,0.24,0.39,0.62,,,,,,,,
13.974,120.602,Tropical Indo Pacific,Coastal,Halodule,2010,0.07,0.16,0.23,,,,,,,,
13.972,120.621,Tropical Indo Pacific,Coastal,Halodule,2010,0.03,0.06,0.08,,,,,,,,
13.977,120.628,Tropical Indo Pacific,Coastal,Halodule,2010,0.04,0.13,0.17,,,,,,,,
13.984,120.631,Tropical Indo Pacific,Coastal,Halodule,2010,0.05,0.31,0.35,,,,,,,,
13.974,120.602,Tropical Indo Pacific,Coastal,Thalassia,2010,0.29,0.51,0.79,,,,,,,,
13.972,120.621,Tropical Indo Pacific,Coastal,Thalassia,2010,0.23,0.4,0.63,,,,,,,,
13.977,120.628,Tropical Indo Pacific,Coastal,Thalassia,2010,0.37,0.76,1.13,,,,,,,,
13.984,120.631,Tropical Indo Pacific,Coastal,Thalassia,2010,0.49,0.87,1.36,,,,,,,,
-38.377,145.256,Temperate Southern,Estuarine,Zostera,1980,,,623,,,,,,,,
-38.241,145.386,Temperate Southern,Estuarine,Zostera,1980,,,554,,,,,,,,
-38.403,145.517,Temperate Southern,Estuarine,Zostera,1980,,,139,,,,,,,,
-38.473,145.313,Temperate Southern,Estuarine,Zostera,1980,,,52,,,,,,,,
44.653,-1.128,Temperate North Atlantic,Estuarine,Zostera,2015,23.89,32.81,56.7,9414,60,,,,,,
44.662,-1.1,Temperate North Atlantic,Estuarine,Zostera,2015,27.07,53.91,80.98,8642,14,,,,,,
44.68,-1.111,Temperate North Atlantic,Estuarine,Zostera,2015,11.15,23.44,34.58,5556,15,,,,,,
44.683,-1.165,Temperate North Atlantic,Estuarine,Zostera,2015,23.89,50,73.89,6944,50,,,,,,
44.692,-1.043,Temperate North Atlantic,Estuarine,Zostera,2015,20.7,25.78,46.48,4321,30,,,,,,
44.71,-1.105,Temperate North Atlantic,Estuarine,Zostera,2015,4.78,28.12,32.9,4630,14,,,,,,
44.716,-1.199,Temperate North Atlantic,Estuarine,Zostera,2015,52.55,60.94,113.49,9414,60,,,,,,
44.727,-1.151,Temperate North Atlantic,Estuarine,Zostera,2015,42.99,103.13,146.12,13735,69,,,,,,
44.74,-1.113,Temperate North Atlantic,Estuarine,Zostera,2015,22.29,27.34,49.64,7562,60,,,,,,
44.653,-1.128,Temperate North Atlantic,Estuarine,Zostera,2016,22.29,32.03,54.32,8025,17,,,,,,
44.653,-1.128,Temperate North Atlantic,Estuarine,Zostera,2016,25.48,35.16,60.63,10494,27,,,,,,
44.653,-1.128,Temperate North Atlantic,Estuarine,Zostera,2016,19.11,24.22,43.33,8642,27,,,,,,
44.653,-1.128,Temperate North Atlantic,Estuarine,Zostera,2016,28.66,23.44,52.1,11111,18,,,,,,
44.653,-1.128,Temperate North Atlantic,Estuarine,Zostera,2016,36.62,40.63,77.25,18673,37,,,,,,
44.653,-1.128,Temperate North Atlantic,Estuarine,Zostera,2016,108.28,64.84,173.12,22685,90,,,,,,
44.653,-1.128,Temperate North Atlantic,Estuarine,Zostera,2016,73.25,34.37,107.62,15895,95,,,,,,
44.653,-1.128,Temperate North Atlantic,Estuarine,Zostera,2016,60.51,50.78,111.29,14043,95,,,,,,
44.653,-1.128,Temperate North Atlantic,Estuarine,Zostera,2016,52.55,42.97,95.52,12037,55,,,,,,
44.653,-1.128,Temperate North Atlantic,Estuarine,Zostera,2016,36.62,28.12,64.75,8796,54,,,,,,
44.653,-1.128,Temperate North Atlantic,Estuarine,Zostera,2016,58.92,42.97,101.89,12963,44,,,,,,
44.662,-1.1,Temperate North Atlantic,Estuarine,Zostera,2016,12.74,32.81,45.55,5093,12,,,,,,
44.662,-1.1,Temperate North Atlantic,Estuarine,Zostera,2016,14.33,28.12,42.46,4630,12,,,,,,
44.662,-1.1,Temperate North Atlantic,Estuarine,Zostera,2016,9.55,9.37,18.93,3704,12,,,,,,
44.662,-1.1,Temperate North Atlantic,Estuarine,Zostera,2016,19.11,21.87,40.98,6790,12,,,,,,
44.662,-1.1,Temperate North Atlantic,Estuarine,Zostera,2016,60.51,43.75,104.26,12191,37,,,,,,
44.662,-1.1,Temperate North Atlantic,Estuarine,Zostera,2016,136.94,63.28,200.22,18673,93,,,,,,
44.662,-1.1,Temperate North Atlantic,Estuarine,Zostera,2016,125.8,69.53,195.33,18210,99,,,,,,
44.662,-1.1,Temperate North Atlantic,Estuarine,Zostera,2016,135.35,82.03,217.38,17593,99,,,,,,
44.662,-1.1,Temperate North Atlantic,Estuarine,Zostera,2016,144.9,85.16,230.06,18827,100,,,,,,
44.662,-1.1,Temperate North Atlantic,Estuarine,Zostera,2016,171.97,85.94,257.91,16667,95,,,,,,
44.662,-1.1,Temperate North Atlantic,Estuarine,Zostera,2016,114.65,98.44,213.09,15278,90,,,,,,
44.68,-1.111,Temperate North Atlantic,Estuarine,Zostera,2016,9.55,22.66,32.21,6173,13,,,,,,
44.68,-1.111,Temperate North Atlantic,Estuarine,Zostera,2016,11.15,28.12,39.27,6019,13,,,,,,
44.68,-1.111,Temperate North Atlantic,Estuarine,Zostera,2016,4.78,10.94,15.71,2623,13,,,,,,
44.68,-1.111,Temperate North Atlantic,Estuarine,Zostera,2016,11.15,10.16,21.3,3704,13,,,,,,
44.68,-1.111,Temperate North Atlantic,Estuarine,Zostera,2016,28.66,17.97,46.63,10648,18,,,,,,
44.68,-1.111,Temperate North Atlantic,Estuarine,Zostera,2016,60.51,32.03,92.54,14352,18,,,,,,
44.68,-1.111,Temperate North Atlantic,Estuarine,Zostera,2016,44.59,33.59,78.18,9568,13,,,,,,
44.68,-1.111,Temperate North Atlantic,Estuarine,Zostera,2016,52.55,25.78,78.33,8796,13,,,,,,
44.68,-1.111,Temperate North Atlantic,Estuarine,Zostera,2016,66.88,25.78,92.66,8796,28,,,,,,
44.68,-1.111,Temperate North Atlantic,Estuarine,Zostera,2016,44.59,20.31,64.9,7253,22,,,,,,
44.68,-1.111,Temperate North Atlantic,Estuarine,Zostera,2016,41.4,24.22,65.62,7870,18,,,,,,
44.683,-1.165,Temperate North Atlantic,Estuarine,Zostera,2016,4.78,29.69,34.46,2932,13,,,,,,
44.683,-1.165,Temperate North Atlantic,Estuarine,Zostera,2016,9.55,37.5,47.05,5556,13,,,,,,
44.683,-1.165,Temperate North Atlantic,Estuarine,Zostera,2016,7.96,53.91,61.87,4938,13,,,,,,
44.683,-1.165,Temperate North Atlantic,Estuarine,Zostera,2016,11.15,18.75,29.9,4630,13,,,,,,
44.683,-1.165,Temperate North Atlantic,Estuarine,Zostera,2016,25.48,50,75.48,8179,13,,,,,,
44.683,-1.165,Temperate North Atlantic,Estuarine,Zostera,2016,58.92,46.87,105.79,14198,57,,,,,,
44.683,-1.165,Temperate North Atlantic,Estuarine,Zostera,2016,119.43,68.75,188.18,16667,93,,,,,,
44.683,-1.165,Temperate North Atlantic,Estuarine,Zostera,2016,90.76,64.84,155.61,14815,100,,,,,,
44.683,-1.165,Temperate North Atlantic,Estuarine,Zostera,2016,76.43,67.19,143.62,12654,90,,,,,,
44.683,-1.165,Temperate North Atlantic,Estuarine,Zostera,2016,106.69,67.19,173.88,14198,95,,,,,,
44.683,-1.165,Temperate North Atlantic,Estuarine,Zostera,2016,57.32,67.97,125.29,10340,55,,,,,,
44.692,-1.043,Temperate North Atlantic,Estuarine,Zostera,2016,33.44,38.28,71.72,6790,12,,,,,,
44.692,-1.043,Temperate North Atlantic,Estuarine,Zostera,2016,41.4,46.87,88.28,6481,22,,,,,,
44.692,-1.043,Temperate North Atlantic,Estuarine,Zostera,2016,55.73,35.16,90.89,9105,31,,,,,,
44.692,-1.043,Temperate North Atlantic,Estuarine,Zostera,2016,87.58,43.75,131.33,12963,35,,,,,,
44.692,-1.043,Temperate North Atlantic,Estuarine,Zostera,2016,121.02,40.63,161.64,22994,93,,,,,,
44.692,-1.043,Temperate North Atlantic,Estuarine,Zostera,2016,234.08,65.62,299.7,19753,100,,,,,,
44.692,-1.043,Temperate North Atlantic,Estuarine,Zostera,2016,216.56,55.47,272.03,12191,100,,,,,,
44.692,-1.043,Temperate North Atlantic,Estuarine,Zostera,2016,243.63,68.75,312.38,15432,100,,,,,,
44.692,-1.043,Temperate North Atlantic,Estuarine,Zostera,2016,203.82,87.5,291.32,14198,95,,,,,,
44.692,-1.043,Temperate North Atlantic,Estuarine,Zostera,2016,124.2,57.81,182.02,12346,97,,,,,,
44.692,-1.043,Temperate North Atlantic,Estuarine,Zostera,2016,103.5,53.12,156.63,11420,90,,,,,,
44.71,-1.105,Temperate North Atlantic,Estuarine,Zostera,2016,7.96,54.69,62.65,4012,12,,,,,,
44.71,-1.105,Temperate North Atlantic,Estuarine,Zostera,2016,7.96,62.5,70.46,4321,12,,,,,,
44.71,-1.105,Temperate North Atlantic,Estuarine,Zostera,2016,6.37,51.56,57.93,3704,12,,,,,,
44.71,-1.105,Temperate North Atlantic,Estuarine,Zostera,2016,12.74,30.47,43.21,4784,12,,,,,,
44.71,-1.105,Temperate North Atlantic,Estuarine,Zostera,2016,39.81,51.56,91.37,9105,27,,,,,,
44.71,-1.105,Temperate North Atlantic,Estuarine,Zostera,2016,162.42,71.88,234.3,20370,34,,,,,,
44.71,-1.105,Temperate North Atlantic,Estuarine,Zostera,2016,132.17,80.47,212.63,17130,69,,,,,,
44.71,-1.105,Temperate North Atlantic,Estuarine,Zostera,2016,121.02,64.84,185.86,15741,78,,,,,,
44.71,-1.105,Temperate North Atlantic,Estuarine,Zostera,2016,87.58,48.44,136.02,10802,66,,,,,,
44.71,-1.105,Temperate North Atlantic,Estuarine,Zostera,2016,68.47,82.03,150.5,10185,31,,,,,,
44.71,-1.105,Temperate North Atlantic,Estuarine,Zostera,2016,42.99,48.44,91.43,10648,12,,,,,,
44.716,-1.199,Temperate North Atlantic,Estuarine,Zostera,2016,25.48,66.41,91.88,8951,22,,,,,,
44.716,-1.199,Temperate North Atlantic,Estuarine,Zostera,2016,15.92,31.25,47.17,5401,22,,,,,,
44.716,-1.199,Temperate North Atlantic,Estuarine,Zostera,2016,22.29,44.53,66.82,6944,17,,,,,,
44.716,-1.199,Temperate North Atlantic,Estuarine,Zostera,2016,22.29,39.06,61.36,7253,22,,,,,,
44.716,-1.199,Temperate North Atlantic,Estuarine,Zostera,2016,63.69,65.62,129.32,13580,36,,,,,,
44.716,-1.199,Temperate North Atlantic,Estuarine,Zostera,2016,114.65,63.28,177.93,16821,77,,,,,,
44.716,-1.199,Temperate North Atlantic,Estuarine,Zostera,2016,79.62,40.63,120.24,11883,87,,,,,,
44.716,-1.199,Temperate North Atlantic,Estuarine,Zostera,2016,68.47,87.5,155.97,11265,90,,,,,,
44.716,-1.199,Temperate North Atlantic,Estuarine,Zostera,2016,57.32,42.19,99.51,10957,76,,,,,,
44.716,-1.199,Temperate North Atlantic,Estuarine,Zostera,2016,58.92,41.41,100.32,10031,76,,,,,,
44.716,-1.199,Temperate North Atlantic,Estuarine,Zostera,2016,52.55,55.47,108.02,9877,36,,,,,,
44.727,-1.151,Temperate North Atlantic,Estuarine,Zostera,2016,12.74,64.06,76.8,7716,18,,,,,,
44.727,-1.151,Temperate North Atlantic,Estuarine,Zostera,2016,14.33,61.72,76.05,9259,22,,,,,,
44.727,-1.151,Temperate North Atlantic,Estuarine,Zostera,2016,14.33,61.72,76.05,8179,12,,,,,,
44.727,-1.151,Temperate North Atlantic,Estuarine,Zostera,2016,35.03,38.28,73.31,10957,27,,,,,,
44.727,-1.151,Temperate North Atlantic,Estuarine,Zostera,2016,71.66,80.47,152.12,22685,34,,,,,,
44.727,-1.151,Temperate North Atlantic,Estuarine,Zostera,2016,73.25,106.25,179.5,13735,65,,,,,,
44.727,-1.151,Temperate North Atlantic,Estuarine,Zostera,2016,87.58,81.25,168.83,14198,84,,,,,,
44.727,-1.151,Temperate North Atlantic,Estuarine,Zostera,2016,39.81,68.75,108.56,9105,97,,,,,,
44.727,-1.151,Temperate North Atlantic,Estuarine,Zostera,2016,68.47,52.34,120.82,9722,100,,,,,,
44.727,-1.151,Temperate North Atlantic,Estuarine,Zostera,2016,52.55,40.63,93.17,8796,87,,,,,,
44.727,-1.151,Temperate North Atlantic,Estuarine,Zostera,2016,41.4,37.5,78.9,7870,31,,,,,,
44.74,-1.113,Temperate North Atlantic,Estuarine,Zostera,2016,14.33,24.22,38.55,6790,32,,,,,,
44.74,-1.113,Temperate North Atlantic,Estuarine,Zostera,2016,14.33,32.03,46.36,9105,32,,,,,,
44.74,-1.113,Temperate North Atlantic,Estuarine,Zostera,2016,17.52,14.06,31.58,8025,27,,,,,,
44.74,-1.113,Temperate North Atlantic,Estuarine,Zostera,2016,28.66,24.22,52.88,9722,17,,,,,,
44.74,-1.113,Temperate North Atlantic,Estuarine,Zostera,2016,30.25,22.66,52.91,18210,37,,,,,,
44.74,-1.113,Temperate North Atlantic,Estuarine,Zostera,2016,38.22,27.34,65.56,13889,54,,,,,,
44.74,-1.113,Temperate North Atlantic,Estuarine,Zostera,2016,39.81,28.91,68.72,12037,87,,,,,,
44.74,-1.113,Temperate North Atlantic,Estuarine,Zostera,2016,46.18,37.5,83.68,14043,87,,,,,,
44.74,-1.113,Temperate North Atlantic,Estuarine,Zostera,2016,50.96,40.63,91.58,11265,87,,,,,,
44.74,-1.113,Temperate North Atlantic,Estuarine,Zostera,2016,41.4,22.66,64.06,10185,65,,,,,,
44.74,-1.113,Temperate North Atlantic,Estuarine,Zostera,2016,39.81,35.16,74.97,9105,54,,,,,,
-27.492167,153.4015,Tropical Indo Pacific,Coastal,Zostera,2015,,,39.26,,,,,,,,
-27.492167,153.4015,Tropical Indo Pacific,Coastal,Halodule,2015,,,139.73,,,,,,,,
-27.492167,153.4015,Tropical Indo Pacific,Coastal,Halophila,2015,,,3.99,,,,,,,,
-27.492167,153.4015,Tropical Indo Pacific,Coastal,Cymodocea,2015,,,118.44,,,,,,,,
-27.492167,153.4015,Tropical Indo Pacific,Coastal,Zostera,2015,,,11.4,,,,,,,,
-27.492167,153.4015,Tropical Indo Pacific,Coastal,Halodule,2015,,,34.2,,,,,,,,
-27.492167,153.4015,Tropical Indo Pacific,Coastal,Halophila,2015,,,4.69,,,,,,,,
-27.492167,153.4015,Tropical Indo Pacific,Coastal,Cymodocea,2015,,,27.49,,,,,,,,
-16.754833,145.973,Tropical Indo Pacific,Coastal,Syringodium,2015,,,8.72,,,,,,,,
-16.754833,145.973,Tropical Indo Pacific,Coastal,Halodule,2015,,,118.68,,,,,,,,
-16.754833,145.973,Tropical Indo Pacific,Coastal,Halophila,2015,,,2.01,,,,,,,,
-16.754833,145.973,Tropical Indo Pacific,Coastal,Cymodocea,2015,,,18.1,,,,,,,,
-16.754833,145.973,Tropical Indo Pacific,Coastal,Cymodocea,2015,,,28.16,,,,,,,,
-27.59,153.31,Tropical Indo Pacific,Coastal,Zostera,1989,,,,,,,,,,,
-27.59,153.31,Tropical Indo Pacific,Coastal,Zostera,1989,,,,,,,,,,,
-27.59,153.31,Tropical Indo Pacific,Coastal,Zostera,1989,,,,,,,,,,,
-27.59,153.31,Tropical Indo Pacific,Coastal,Zostera,1989,,,,,,,,,,,
-27.58,153.32,Tropical Indo Pacific,Coastal,Zostera,1989,,,,,,,,,,,
-27.58,153.32,Tropical Indo Pacific,Coastal,Zostera,1989,,,,,,,,,,,
-27.583,153.317,Tropical Indo Pacific,Coastal,Zostera,1990,37.42,,,1164,,,,,,,
-27.583,153.317,Tropical Indo Pacific,Coastal,Zostera,1990,80.37,,,5037,,,,,,,
-27.583,153.317,Tropical Indo Pacific,Coastal,Zostera,1990,62.58,,,1135,,,,,,,
-27.583,153.317,Tropical Indo Pacific,Coastal,Zostera,1990,36.2,,,,,,,,,,
-27.583,153.317,Tropical Indo Pacific,Coastal,Zostera,1990,42.94,,,,,,,,,,
-27.583,153.317,Tropical Indo Pacific,Coastal,Zostera,1990,39.26,,,,,,,,,,
-27.583,153.317,Tropical Indo Pacific,Coastal,Zostera,1990,39.88,,,,,,,,,,
-27.583,153.317,Tropical Indo Pacific,Coastal,Zostera,1990,34.36,,,,,,,,,,
-27.583,153.317,Tropical Indo Pacific,Coastal,Zostera,1990,23.93,,,,,,,,,,
-27.583,153.317,Tropical Indo Pacific,Coastal,Zostera,1990,24.54,,,,,,,,,,
-27.583,153.317,Tropical Indo Pacific,Coastal,Zostera,1990,24.54,,,,,,,,,,
-27.583,153.317,Tropical Indo Pacific,Coastal,Zostera,1990,26.99,,,,,,,,,,
-27.583,153.317,Tropical Indo Pacific,Coastal,Zostera,1990,37.42,,,,,,,,,,
-27.583,153.317,Tropical Indo Pacific,Coastal,Zostera,1990,25.15,,,,,,,,,,
-27.583,153.317,Tropical Indo Pacific,Coastal,Zostera,1990,72.39,,,,,,,,,,
-27.583,153.317,Tropical Indo Pacific,Coastal,Zostera,1990,82.82,,,,,,,,,,
-27.583,153.317,Tropical Indo Pacific,Coastal,Zostera,1990,49.08,,,,,,,,,,
-27.583,153.317,Tropical Indo Pacific,Coastal,Zostera,1990,36.81,,,,,,,,,,
-27.583,153.317,Tropical Indo Pacific,Coastal,Zostera,1990,38.65,,,,,,,,,,
-27.583,153.317,Tropical Indo Pacific,Coastal,Zostera,1990,22.7,,,,,,,,,,
-27.583,153.317,Tropical Indo Pacific,Coastal,Zostera,1990,28.22,,,,,,,,,,
-27.583,153.317,Tropical Indo Pacific,Coastal,Zostera,1990,12.27,,,,,,,,,,
-27.583,153.317,Tropical Indo Pacific,Coastal,Zostera,1990,19.02,,,,,,,,,,
-27.583,153.317,Tropical Indo Pacific,Coastal,Zostera,1990,28.22,,,,,,,,,,
-27.583,153.317,Tropical Indo Pacific,Coastal,Zostera,1990,28.83,,,,,,,,,,
-27.583,153.317,Tropical Indo Pacific,Coastal,Zostera,1990,30.67,,,,,,,,,,
-27.583,153.317,Tropical Indo Pacific,Coastal,Zostera,1990,85.89,,,,,,,,,,
-27.583,153.317,Tropical Indo Pacific,Coastal,Zostera,1990,176.69,,,,,,,,,,
-27.583,153.317,Tropical Indo Pacific,Coastal,Zostera,1990,127.61,,,,,,,,,,
-27.583,153.317,Tropical Indo Pacific,Coastal,Zostera,1990,74.85,,,,,,,,,,
-27.583,153.317,Tropical Indo Pacific,Coastal,Zostera,1990,80.37,,,,,,,,,,
-27.583,153.317,Tropical Indo Pacific,Coastal,Zostera,1990,39.88,,,,,,,,,,
-27.583,153.317,Tropical Indo Pacific,Coastal,Zostera,1990,39.26,,,,,,,,,,
-27.583,153.317,Tropical Indo Pacific,Coastal,Zostera,1990,25.77,,,,,,,,,,
-27.583,153.317,Tropical Indo Pacific,Coastal,Zostera,1990,17.79,,,,,,,,,,
-27.583,153.317,Tropical Indo Pacific,Coastal,Zostera,1990,25.77,,,,,,,,,,
-27.583,153.317,Tropical Indo Pacific,Coastal,Zostera,1990,44.79,,,,,,,,,,
-27.583,153.317,Tropical Indo Pacific,Coastal,Zostera,1990,29.45,,,,,,,,,,
-27.583,153.317,Tropical Indo Pacific,Coastal,Zostera,1990,69.33,,,,,,,,,,
-27.583,153.317,Tropical Indo Pacific,Coastal,Zostera,1991,31.9,,,,,,,,,,
-27.583,153.317,Tropical Indo Pacific,Coastal,Zostera,1991,30.67,,,,,,,,,,
-27.583,153.317,Tropical Indo Pacific,Coastal,Zostera,1991,71.78,,,,,,,,,,
-27.583,153.317,Tropical Indo Pacific,Coastal,Zostera,1991,31.9,,,,,,,,,,
-27.583,153.317,Tropical Indo Pacific,Coastal,Zostera,1991,49.08,,,,,,,,,,
-27.583,153.317,Tropical Indo Pacific,Coastal,Zostera,1991,31.9,,,,,,,,,,
-27.583,153.317,Tropical Indo Pacific,Coastal,Zostera,1991,53.37,,,,,,,,,,
-27.583,153.317,Tropical Indo Pacific,Coastal,Zostera,1991,47.24,,,,,,,,,,
-27.583,153.317,Tropical Indo Pacific,Coastal,Zostera,1991,49.69,,,,,,,,,,
-27.583,153.317,Tropical Indo Pacific,Coastal,Zostera,1991,49.69,,,,,,,,,,
-27.583,153.317,Tropical Indo Pacific,Coastal,Zostera,1991,93.25,,,,,,,,,,
-27.583,153.317,Tropical Indo Pacific,Coastal,Zostera,1991,60.74,,,,,,,,,,
-27.583,153.317,Tropical Indo Pacific,Coastal,Zostera,1991,66.87,,,,,,,,,,
-27.583,153.317,Tropical Indo Pacific,Coastal,Zostera,1991,90.8,,,,,,,,,,
-27.583,153.317,Tropical Indo Pacific,Coastal,Zostera,1991,100,,,,,,,,,,
27.858,-97.152,Tropical Atlantic,Estuarine,Thalassia,2016,82.53,,,,20,,,,,,
27.858,-97.152,Tropical Atlantic,Estuarine,Thalassia,2016,105.36,,,,20,,,,,,
27.858,-97.152,Tropical Atlantic,Estuarine,Thalassia,2016,111.59,,,,20,,,,,,
27.858,-97.152,Tropical Atlantic,Estuarine,Thalassia,2016,115.22,,,,40,,,,,,
27.858,-97.152,Tropical Atlantic,Estuarine,Thalassia,2016,173.36,,,,40,,,,,,
27.858,-97.152,Tropical Atlantic,Estuarine,Thalassia,2016,158.3,,,,60,,,,,,
27.858,-97.152,Tropical Atlantic,Estuarine,Thalassia,2016,142.73,,,,60,,,,,,
27.858,-97.152,Tropical Atlantic,Estuarine,Thalassia,2016,122.49,,,,60,,,,,,
27.858,-97.152,Tropical Atlantic,Estuarine,Thalassia,2016,186.85,,,,80,,,,,,
27.858,-97.152,Tropical Atlantic,Estuarine,Thalassia,2016,167.65,,,,80,,,,,,
27.858,-97.152,Tropical Atlantic,Estuarine,Thalassia,2016,155.71,,,,80,,,,,,
27.858,-97.152,Tropical Atlantic,Estuarine,Thalassia,2016,207.61,,,,100,,,,,,
27.858,-97.152,Tropical Atlantic,Estuarine,Thalassia,2016,191,,,,100,,,,,,
27.858,-97.152,Tropical Atlantic,Estuarine,Thalassia,2016,,734.78,,,20,,,,,,
27.858,-97.152,Tropical Atlantic,Estuarine,Thalassia,2016,,371.74,,,20,,,,,,
27.858,-97.152,Tropical Atlantic,Estuarine,Thalassia,2016,,341.3,,,20,,,,,,
27.858,-97.152,Tropical Atlantic,Estuarine,Thalassia,2016,,367.39,,,40,,,,,,
27.858,-97.152,Tropical Atlantic,Estuarine,Thalassia,2016,,658.7,,,40,,,,,,
27.858,-97.152,Tropical Atlantic,Estuarine,Thalassia,2016,,806.52,,,40,,,,,,
27.858,-97.152,Tropical Atlantic,Estuarine,Thalassia,2016,,639.13,,,60,,,,,,
27.858,-97.152,Tropical Atlantic,Estuarine,Thalassia,2016,,439.13,,,60,,,,,,
27.858,-97.152,Tropical Atlantic,Estuarine,Thalassia,2016,,376.09,,,60,,,,,,
27.858,-97.152,Tropical Atlantic,Estuarine,Thalassia,2016,,404.35,,,80,,,,,,
27.858,-97.152,Tropical Atlantic,Estuarine,Thalassia,2016,,628.26,,,80,,,,,,
27.858,-97.152,Tropical Atlantic,Estuarine,Thalassia,2016,,663.04,,,80,,,,,,
27.858,-97.152,Tropical Atlantic,Estuarine,Thalassia,2016,,950,,,100,,,,,,
27.858,-97.152,Tropical Atlantic,Estuarine,Thalassia,2016,,1006.52,,,100,,,,,,
27.858,-97.152,Tropical Atlantic,Estuarine,Thalassia,2016,,1052.17,,,100,,,,,,
27.811,-97.111,Tropical Atlantic,Estuarine,Halodule,2016,17.71,,,,20,,,,,,
27.811,-97.111,Tropical Atlantic,Estuarine,Halodule,2016,45.31,,,,20,,,,,,
27.811,-97.111,Tropical Atlantic,Estuarine,Halodule,2016,19.27,,,,40,,,,,,
27.811,-97.111,Tropical Atlantic,Estuarine,Halodule,2016,53.13,,,,40,,,,,,
27.811,-97.111,Tropical Atlantic,Estuarine,Halodule,2016,58.33,,,,60,,,,,,
27.811,-97.111,Tropical Atlantic,Estuarine,Halodule,2016,70.31,,,,60,,,,,,
27.811,-97.111,Tropical Atlantic,Estuarine,Halodule,2016,88.54,,,,60,,,,,,
27.811,-97.111,Tropical Atlantic,Estuarine,Halodule,2016,66.15,,,,80,,,,,,
27.811,-97.111,Tropical Atlantic,Estuarine,Halodule,2016,79.17,,,,80,,,,,,
27.811,-97.111,Tropical Atlantic,Estuarine,Halodule,2016,103.13,,,,100,,,,,,
27.811,-97.111,Tropical Atlantic,Estuarine,Halodule,2016,116.67,,,,100,,,,,,
27.811,-97.111,Tropical Atlantic,Estuarine,Halodule,2016,183.85,,,,100,,,,,,
27.811,-97.111,Tropical Atlantic,Estuarine,Halodule,2016,,60.29,,,20,,,,,,
27.811,-97.111,Tropical Atlantic,Estuarine,Halodule,2016,,131.28,,,20,,,,,,
27.811,-97.111,Tropical Atlantic,Estuarine,Halodule,2016,,143.92,,,20,,,,,,
27.811,-97.111,Tropical Atlantic,Estuarine,Halodule,2016,,60.29,,,40,,,,,,
27.811,-97.111,Tropical Atlantic,Estuarine,Halodule,2016,,140.03,,,40,,,,,,
27.811,-97.111,Tropical Atlantic,Estuarine,Halodule,2016,,175.04,,,40,,,,,,
27.811,-97.111,Tropical Atlantic,Estuarine,Halodule,2016,,99.19,,,60,,,,,,
27.811,-97.111,Tropical Atlantic,Estuarine,Halodule,2016,,152.67,,,60,,,,,,
27.811,-97.111,Tropical Atlantic,Estuarine,Halodule,2016,,182.82,,,80,,,,,,
27.811,-97.111,Tropical Atlantic,Estuarine,Halodule,2016,,195.46,,,80,,,,,,
27.811,-97.111,Tropical Atlantic,Estuarine,Halodule,2016,,310.21,,,80,,,,,,
27.811,-97.111,Tropical Atlantic,Estuarine,Halodule,2016,,92.38,,,100,,,,,,
27.811,-97.111,Tropical Atlantic,Estuarine,Halodule,2016,,188.65,,,100,,,,,,
27.811,-97.111,Tropical Atlantic,Estuarine,Halodule,2016,,198.38,,,100,,,,,,
27.665,-97.231,Tropical Atlantic,Estuarine,Syringodium,2016,79.71,,,,20,,,,,,
27.665,-97.231,Tropical Atlantic,Estuarine,Syringodium,2016,81.87,,,,40,,,,,,
27.665,-97.231,Tropical Atlantic,Estuarine,Syringodium,2016,105.57,,,,40,,,,,,
27.665,-97.231,Tropical Atlantic,Estuarine,Syringodium,2016,66.79,,,,60,,,,,,
27.665,-97.231,Tropical Atlantic,Estuarine,Syringodium,2016,144.34,,,,60,,,,,,
27.665,-97.231,Tropical Atlantic,Estuarine,Syringodium,2016,168.04,,,,60,,,,,,
27.665,-97.231,Tropical Atlantic,Estuarine,Syringodium,2016,112.03,,,,80,,,,,,
27.665,-97.231,Tropical Atlantic,Estuarine,Syringodium,2016,165.89,,,,80,,,,,,
27.665,-97.231,Tropical Atlantic,Estuarine,Syringodium,2016,253.14,,,,100,,,,,,
27.665,-97.231,Tropical Atlantic,Estuarine,Syringodium,2016,266.07,,,,100,,,,,,
27.665,-97.231,Tropical Atlantic,Estuarine,Syringodium,2016,475.04,,,,100,,,,,,
27.665,-97.231,Tropical Atlantic,Estuarine,Syringodium,2016,,45.37,,,20,,,,,,
27.665,-97.231,Tropical Atlantic,Estuarine,Syringodium,2016,,97.54,,,20,,,,,,
27.665,-97.231,Tropical Atlantic,Estuarine,Syringodium,2016,,110.02,,,40,,,,,,
27.665,-97.231,Tropical Atlantic,Estuarine,Syringodium,2016,,157.66,,,40,,,,,,
27.665,-97.231,Tropical Atlantic,Estuarine,Syringodium,2016,,82.8,,,60,,,,,,
27.665,-97.231,Tropical Atlantic,Estuarine,Syringodium,2016,,125.9,,,60,,,,,,
27.665,-97.231,Tropical Atlantic,Estuarine,Syringodium,2016,,186.01,,,60,,,,,,
27.665,-97.231,Tropical Atlantic,Estuarine,Syringodium,2016,,120.23,,,80,,,,,,
27.665,-97.231,Tropical Atlantic,Estuarine,Syringodium,2016,,193.95,,,80,,,,,,
27.665,-97.231,Tropical Atlantic,Estuarine,Syringodium,2016,,272.21,,,100,,,,,,
27.665,-97.231,Tropical Atlantic,Estuarine,Syringodium,2016,,286.96,,,100,,,,,,
27.665,-97.231,Tropical Atlantic,Estuarine,Syringodium,2016,,402.65,,,100,,,,,,
43.693,7.309,Mediterranean,Coastal,Posidonia,2014,,,,281.73,30.4,,,,,,
43.693,7.309,Mediterranean,Coastal,Posidonia,2014,,,,331.85,28.5,,,,,,
43.693,7.309,Mediterranean,Coastal,Posidonia,2014,,,,334.55,,,,,,,
43.693,7.309,Mediterranean,Coastal,Posidonia,2014,,,,365.71,,,,,,,
43.693,7.309,Mediterranean,Coastal,Posidonia,2014,,,,382.64,,,,,,,
43.693,7.309,Mediterranean,Coastal,Posidonia,2014,,,,348.78,,,,,,,
43.693,7.309,Mediterranean,Coastal,Posidonia,2014,,,,450.36,,,,,,,
43.693,7.309,Mediterranean,Coastal,Posidonia,2014,,,,451.72,,,,,,,
43.693,7.309,Mediterranean,Coastal,Posidonia,2014,,,,434.11,,,,,,,
44.44,-62.47,Temperate North Atlantic,Coastal,Zostera,2013,205,308,513,148,,,,,,,
46.37,-64.62,Temperate North Atlantic,Coastal,Zostera,2013,110,205,315,120,,,,,,,
48.22,-53.51,Temperate North Atlantic,Coastal,Zostera,2014,98,145,243,128,,,,,,,
43.915,-64.812,Temperate North Atlantic,Coastal,Zostera,2015,95,120,215,75,55,,,,,,
43.915,-64.812,Temperate North Atlantic,Coastal,Zostera,2015,75,110,185,95,55,,,,,,
43.915,-64.812,Temperate North Atlantic,Coastal,Zostera,2015,150,290,440,135,65,,,,,,
43.915,-64.812,Temperate North Atlantic,Coastal,Zostera,2015,260,310,570,115,72,,,,,,
36.979,-7.886,Temperate North Atlantic,Estuarine,Cymodocea,1993,241.71,462.9,704.58,1005,,,,,,,
36.979,-7.886,Temperate North Atlantic,Estuarine,Cymodocea,1993,358.61,507.1,865.72,1162,,,,,,,
36.979,-7.886,Temperate North Atlantic,Estuarine,Cymodocea,1993,150.08,595.6,745.66,950,,,,,,,
36.979,-7.886,Temperate North Atlantic,Estuarine,Cymodocea,1993,470.77,473.9,944.71,1752,,,,,,,
36.979,-7.886,Temperate North Atlantic,Estuarine,Cymodocea,1993,208.53,161.1,369.67,1311,,,,,,,
45.241,12.241,Mediterranean,Coastal,Zostera,1994,,,,4021,,,,,,,
45.329,12.238,Mediterranean,Coastal,Zostera,1994,,,,1227,,,,,,,
45.404,12.324,Mediterranean,Coastal,Zostera,1994,,,,5400,,,,,,,
45.228,12.263,Mediterranean,Coastal,Zostera,1995,,,,348,,,,,,,
45.228,12.263,Mediterranean,Coastal,Zostera,1995,,,,604,,,,,,,
45.228,12.263,Mediterranean,Coastal,Zostera,1995,,,,512,,,,,,,
45.228,12.263,Mediterranean,Coastal,Zostera,1995,,,,414,,,,,,,
45.228,12.263,Mediterranean,Coastal,Zostera,1995,,,,391,,,,,,,
45.228,12.263,Mediterranean,Coastal,Zostera,1995,,,,302,,,,,,,
26.685,-97.422,Tropical Atlantic,Estuarine,Thalassia,2012,0.27,,,,,,,,,,
26.685,-97.422,Tropical Atlantic,Estuarine,Thalassia,2012,0.1,,,,,,,,,,
27.596,-82.756,Tropical Atlantic,Coastal,Thalassia,1991,86,386,472,,,,,,,,
28.133,-82.85,Tropical Atlantic,Coastal,Thalassia,1991,41,153,194,,,,,,,,
27.596,-82.756,Tropical Atlantic,Coastal,Thalassia,1992,266,702,968,,,,,,,,
28.133,-82.85,Tropical Atlantic,Coastal,Thalassia,1992,15,61,76,,,,,,,,
27.596,-82.756,Tropical Atlantic,Coastal,Thalassia,1995,143,1417,1560,,,,,,,,
28.133,-82.85,Tropical Atlantic,Coastal,Thalassia,1995,117,746,863,,,,,,,,
-26.065,32.932,Temperate Southern,Coastal,Zostera,1997,15.7,173.4,190,2540,,,,,0.18,,
-26.065,32.932,Temperate Southern,Coastal,Zostera,1997,25.7,198.9,219.5,2992,,,,,0.18,,
-26.065,32.932,Temperate Southern,Coastal,Cymodocea,1997,34.1,38.6,82,257,,,,,0.62,,
-26.065,32.932,Temperate Southern,Coastal,Cymodocea,1997,17.6,27,43.1,148,,,,,0.2,,
-26.065,32.932,Temperate Southern,Coastal,Halodule,1997,16,17.1,21.2,662,,,,,0.2,,
-26.065,32.932,Temperate Southern,Coastal,Halodule,1997,6.9,18.1,22.9,424,,,,,0.08,,
-3.581,128.327,Tropical Indo Pacific,Estuarine,Halodule,1990,8.82,91.46,100.28,,,,,,,,
-3.581,128.327,Tropical Indo Pacific,Estuarine,Halodule,1991,10,64.63,74.63,,,,,,,,
-3.581,128.327,Tropical Indo Pacific,Estuarine,Halodule,1991,10.45,64.63,75.09,,,,,,,,
-3.581,128.327,Tropical Indo Pacific,Estuarine,Halodule,1991,13.18,63.41,76.6,,,,,,,,
-3.581,128.327,Tropical Indo Pacific,Estuarine,Halodule,1991,12.45,57.93,70.38,,,,,,,,
-3.581,128.327,Tropical Indo Pacific,Estuarine,Halodule,1991,14.82,74.39,89.21,,,,,,,,
-3.581,128.327,Tropical Indo Pacific,Estuarine,Halodule,1991,20.55,76.83,97.37,,,,,,,,
-3.581,128.327,Tropical Indo Pacific,Estuarine,Halodule,1991,20.82,147.56,168.38,,,,,,,,
-3.581,128.327,Tropical Indo Pacific,Estuarine,Halodule,1991,11.82,123.17,134.99,,,,,,,,
-3.581,128.327,Tropical Indo Pacific,Estuarine,Halodule,1991,10.27,140.85,151.13,,,,,,,,
-3.581,128.327,Tropical Indo Pacific,Estuarine,Halodule,1991,7.36,145.12,152.49,,,,,,,,
-3.581,128.327,Tropical Indo Pacific,Estuarine,Halodule,1991,4.82,105.49,110.31,,,,,,,,
-3.581,128.327,Tropical Indo Pacific,Estuarine,Halodule,1991,6.64,79.88,86.51,,,,,,,,
-3.581,128.327,Tropical Indo Pacific,Estuarine,Halodule,1991,8.18,93.9,102.08,,,,,,,,
-3.581,128.327,Tropical Indo Pacific,Estuarine,Halodule,1991,9.45,102.44,111.89,,,,,,,,
37.453,23.071,Mediterranean,Coastal,Cymodocea,2017,37.5,147.69,185.19,2569.19,,,,,0.002,,
37.454,23.074,Mediterranean,Coastal,Cymodocea,2017,36.75,126.42,163.17,1822.2,,,,,0.004,,
37.453,23.071,Mediterranean,Coastal,Cymodocea,2018,10.33,71.22,56.55,1032.77,,,,,,,
37.454,23.074,Mediterranean,Coastal,Cymodocea,2018,13,176.16,106.84,1369.48,,,,,,,
40.048,4.139,Mediterranean,Coastal,Posidonia,1994,317,3076,3393,181,,,,,,,
40.048,4.139,Mediterranean,Coastal,Posidonia,1994,10.39,2982.08,,4.55,,,,,,,
40.048,4.139,Mediterranean,Coastal,Posidonia,1994,335.32,2984.52,,89.15,,,,,,,
40.048,4.139,Mediterranean,Coastal,Posidonia,1994,311.27,2443.67,,183.59,,,,,,,
-34.997,150.73,Temperate Southern,Coastal,Posidonia,2010,,,,,55,,,,,,
-34.997,150.73,Temperate Southern,Coastal,Posidonia,2010,,,,,57,,,,,,
-34.997,150.73,Temperate Southern,Coastal,Posidonia,2010,,,,,57,,,,,,
-34.997,150.73,Temperate Southern,Coastal,Posidonia,2010,,,,,52,,,,,,
-34.997,150.73,Temperate Southern,Coastal,Posidonia,2010,,,,,50,,,,,,
-34.997,150.73,Temperate Southern,Coastal,Posidonia,2010,,,,,62,,,,,,
-35.054,150.779,Temperate Southern,Coastal,Posidonia,2010,,,,,93,,,,,,
-35.054,150.779,Temperate Southern,Coastal,Posidonia,2010,,,,,93,,,,,,
-35.054,150.779,Temperate Southern,Coastal,Posidonia,2010,,,,,98,,,,,,
-35.054,150.779,Temperate Southern,Coastal,Posidonia,2010,,,,,100,,,,,,
-35.054,150.779,Temperate Southern,Coastal,Posidonia,2010,,,,,100,,,,,,
-35.054,150.779,Temperate Southern,Coastal,Posidonia,2010,,,,,98,,,,,,
-7.062,113.955,Tropical Indo Pacific,Coastal,Cymodocea,2016,,,,5.87,,,,,,,
-7.062,113.955,Tropical Indo Pacific,Coastal,Cymodocea,2016,,,,4.98,,,,,,,
-7.062,113.955,Tropical Indo Pacific,Coastal,Enhalus,2016,,,,12.05,,,,,,,
-7.062,113.955,Tropical Indo Pacific,Coastal,Enhalus,2016,,,,10.95,,,,,,,
-7.062,113.955,Tropical Indo Pacific,Coastal,Halophila,2016,,,,21.05,,,,,,,
-7.062,113.955,Tropical Indo Pacific,Coastal,Halophila,2016,,,,24.03,,,,,,,
24.74306,-81.803742,Tropical Atlantic,Coastal,Thalassia,2005,,,,900.6,,,,,,,
24.74306,-81.803742,Tropical Atlantic,Coastal,Thalassia,2005,,,,807.5,,,,,,,
24.74306,-81.803742,Tropical Atlantic,Coastal,Thalassia,2005,,,,869.6,,,,,,,
24.74306,-81.803742,Tropical Atlantic,Coastal,Syringodium,2005,,,,170.8,,,,,,,
24.74306,-81.803742,Tropical Atlantic,Coastal,Syringodium,2005,,,,279.5,,,,,,,
24.74306,-81.803742,Tropical Atlantic,Coastal,Syringodium,2005,,,,93.2,,,,,,,
24.74306,-81.803742,Tropical Atlantic,Coastal,Thalassia,2006,,,,419.3,,,,,,,
24.74306,-81.803742,Tropical Atlantic,Coastal,Thalassia,2006,,,,854,,,,,,,
24.74306,-81.803742,Tropical Atlantic,Coastal,Thalassia,2006,,,,683.2,,,,,,,
24.74306,-81.803742,Tropical Atlantic,Coastal,Thalassia,2006,,,,403.7,,,,,,,
24.74306,-81.803742,Tropical Atlantic,Coastal,Thalassia,2006,,,,559,,,,,,,
24.74306,-81.803742,Tropical Atlantic,Coastal,Thalassia,2006,,,,1102.5,,,,,,,
24.74306,-81.803742,Tropical Atlantic,Coastal,Thalassia,2006,,,,372.7,,,,,,,
24.74306,-81.803742,Tropical Atlantic,Coastal,Syringodium,2006,,,,1040.4,,,,,,,
24.74306,-81.803742,Tropical Atlantic,Coastal,Syringodium,2006,,,,201.9,,,,,,,
24.74306,-81.803742,Tropical Atlantic,Coastal,Syringodium,2006,,,,3695.7,,,,,,,
24.74306,-81.803742,Tropical Atlantic,Coastal,Syringodium,2006,,,,139.8,,,,,,,
24.74306,-81.803742,Tropical Atlantic,Coastal,Syringodium,2006,,,,1941,,,,,,,
24.74306,-81.803742,Tropical Atlantic,Coastal,Halodule,2006,,,,357.1,,,,,,,
24.74306,-81.803742,Tropical Atlantic,Coastal,Halodule,2006,,,,791.9,,,,,,,
37.66,12.52,Mediterranean,Coastal,Posidonia,2001,1042.4,1356,2398.4,,,,,,,,
37.66,12.52,Mediterranean,Coastal,Posidonia,2001,741.5,547.91,1289.4,,,,,,,,
24.901,-78.479,Tropical Atlantic,Coastal,Thalassia,2004,,,,2636.3,,,,,,,
24.901,-78.479,Tropical Atlantic,Coastal,Thalassia,2004,,,,896.79,,,,,,,
24.901,-78.479,Tropical Atlantic,Coastal,Thalassia,2004,,,,916.8,,,,,,,
24.901,-78.479,Tropical Atlantic,Coastal,Thalassia,2004,,,,726.01,,,,,,,
24.901,-78.479,Tropical Atlantic,Coastal,Thalassia,2004,,,,617.73,,,,,,,
24.901,-78.479,Tropical Atlantic,Coastal,Thalassia,2004,,,,819.6,,,,,,,
24.901,-78.479,Tropical Atlantic,Coastal,Thalassia,2004,,,,332.45,,,,,,,
24.901,-78.479,Tropical Atlantic,Coastal,Thalassia,2004,,,,326.16,,,,,,,
24.901,-78.479,Tropical Atlantic,Coastal,Thalassia,2004,,,,353.61,,,,,,,
24.901,-78.479,Tropical Atlantic,Coastal,Thalassia,2004,,,,345.03,,,,,,,
24.901,-78.479,Tropical Atlantic,Coastal,Thalassia,2004,,,,442.21,,,,,,,
24.901,-78.479,Tropical Atlantic,Coastal,Thalassia,2004,,,,330.35,,,,,,,
24.901,-78.479,Tropical Atlantic,Coastal,Thalassia,2004,,,,276.21,,,,,,,
24.901,-78.479,Tropical Atlantic,Coastal,Thalassia,2004,,,,164.62,,,,,,,
24.901,-78.479,Tropical Atlantic,Coastal,Thalassia,2004,,,,103.49,,,,,,,
24.901,-78.479,Tropical Atlantic,Coastal,Thalassia,2004,,,,52.84,,,,,,,
24.901,-78.479,Tropical Atlantic,Coastal,Thalassia,2004,,,,41.98,,,,,,,
24.901,-78.479,Tropical Atlantic,Coastal,Thalassia,2004,,,,10.68,,,,,,,
-37.643,176.045,Temperate Southern,Estuarine,Zostera,2014,,,,,70,,,,,,
-37.643,176.045,Temperate Southern,Estuarine,Zostera,2014,,,,,10,,,,,,
-37.643,176.045,Temperate Southern,Estuarine,Zostera,2014,,,,,5,,,,,,
-37.643,176.045,Temperate Southern,Estuarine,Zostera,2014,,,,,10,,,,,,
-37.643,176.045,Temperate Southern,Estuarine,Zostera,2014,,,,,15,,,,,,
-37.643,176.045,Temperate Southern,Estuarine,Zostera,2014,,,,,10,,,,,,
-37.643,176.045,Temperate Southern,Estuarine,Zostera,2014,,,,,10,,,,,,
-37.643,176.045,Temperate Southern,Estuarine,Zostera,2014,,,,,15,,,,,,
-37.643,176.045,Temperate Southern,Estuarine,Zostera,2014,,,,,20,,,,,,
-37.643,176.045,Temperate Southern,Estuarine,Zostera,2014,228,701,929,,70,,,,,,
-37.643,176.045,Temperate Southern,Estuarine,Zostera,2014,59,367,426,,15,,,,,,
-37.643,176.045,Temperate Southern,Estuarine,Zostera,2014,99,414,513,,20,,,,,,
-37.459856,175.947088,Temperate Southern,Estuarine,Zostera,2009,,,,,71.8,,,,,,
-37.459856,175.947088,Temperate Southern,Estuarine,Zostera,2009,,,,,92.2,,,,,,
-37.459856,175.947088,Temperate Southern,Estuarine,Zostera,2009,,,,,57.5,,,,,,
-37.459856,175.947088,Temperate Southern,Estuarine,Zostera,2009,,,,,36.5,,,,,,
-37.459856,175.947088,Temperate Southern,Estuarine,Zostera,2009,,,,,38,,,,,,
-37.459856,175.947088,Temperate Southern,Estuarine,Zostera,2009,,,,,34.7,,,,,,
-37.459856,175.947088,Temperate Southern,Estuarine,Zostera,2009,,,,,33.8,,,,,,
-37.459856,175.947088,Temperate Southern,Estuarine,Zostera,2009,,,,,25.4,,,,,,
-37.459856,175.947088,Temperate Southern,Estuarine,Zostera,2009,,,,,26.6,,,,,,
-37.459856,175.947088,Temperate Southern,Estuarine,Zostera,2009,,,,,36.5,,,,,,
-37.459856,175.947088,Temperate Southern,Estuarine,Zostera,2009,,,,,28.1,,,,,,
-37.459856,175.947088,Temperate Southern,Estuarine,Zostera,2009,,,,,64.6,,,,,,
-37.459856,175.947088,Temperate Southern,Estuarine,Zostera,2009,,,,,93.4,,,,,,
-37.459856,175.947088,Temperate Southern,Estuarine,Zostera,2009,,,,,48.5,,,,,,
-37.459856,175.947088,Temperate Southern,Estuarine,Zostera,2009,,,,,48.5,,,,,,
-37.459856,175.947088,Temperate Southern,Estuarine,Zostera,2009,,,,,49.1,,,,,,
-37.459856,175.947088,Temperate Southern,Estuarine,Zostera,2009,,,,,45.8,,,,,,
-37.459856,175.947088,Temperate Southern,Estuarine,Zostera,2009,,,,,35,,,,,,
-37.459856,175.947088,Temperate Southern,Estuarine,Zostera,2009,,,,,23,,,,,,
-37.459856,175.947088,Temperate Southern,Estuarine,Zostera,2009,,,,,34.1,,,,,,
-37.459856,175.947088,Temperate Southern,Estuarine,Zostera,2009,,,,,39.5,,,,,,
-37.459856,175.947088,Temperate Southern,Estuarine,Zostera,2009,,,,,35.9,,,,,,
-37.459856,175.947088,Temperate Southern,Estuarine,Zostera,2009,,,,,73,,,,,,
-37.459856,175.947088,Temperate Southern,Estuarine,Zostera,2009,,,,,79.3,,,,,,
-37.459856,175.947088,Temperate Southern,Estuarine,Zostera,2009,,,,,45.8,,,,,,
-37.459856,175.947088,Temperate Southern,Estuarine,Zostera,2009,,,,,31.7,,,,,,
-37.459856,175.947088,Temperate Southern,Estuarine,Zostera,2009,,,,,31.1,,,,,,
-37.459856,175.947088,Temperate Southern,Estuarine,Zostera,2009,,,,,28.1,,,,,,
-37.459856,175.947088,Temperate Southern,Estuarine,Zostera,2009,,,,,26.3,,,,,,
-37.459856,175.947088,Temperate Southern,Estuarine,Zostera,2009,,,,,11.4,,,,,,
-37.459856,175.947088,Temperate Southern,Estuarine,Zostera,2009,,,,,18.6,,,,,,
-37.459856,175.947088,Temperate Southern,Estuarine,Zostera,2009,,,,,31.1,,,,,,
-37.459856,175.947088,Temperate Southern,Estuarine,Zostera,2009,,,,,23.9,,,,,,
-37.637911,176.048546,Temperate Southern,Estuarine,Zostera,2009,,,,,88.4,,,,,,
-37.637911,176.048546,Temperate Southern,Estuarine,Zostera,2009,,,,,97.5,,,,,,
-37.637911,176.048546,Temperate Southern,Estuarine,Zostera,2009,,,,,45.2,,,,,,
-37.637911,176.048546,Temperate Southern,Estuarine,Zostera,2009,,,,,36.4,,,,,,
-37.637911,176.048546,Temperate Southern,Estuarine,Zostera,2009,,,,,36.4,,,,,,
-37.637911,176.048546,Temperate Southern,Estuarine,Zostera,2009,,,,,34.3,,,,,,
-37.637911,176.048546,Temperate Southern,Estuarine,Zostera,2009,,,,,32.8,,,,,,
-37.637911,176.048546,Temperate Southern,Estuarine,Zostera,2009,,,,,40.2,,,,,,
-37.637911,176.048546,Temperate Southern,Estuarine,Zostera,2009,,,,,28.7,,,,,,
-37.637911,176.048546,Temperate Southern,Estuarine,Zostera,2009,,,,,35.2,,,,,,
-37.637911,176.048546,Temperate Southern,Estuarine,Zostera,2009,,,,,33.1,,,,,,
-37.637911,176.048546,Temperate Southern,Estuarine,Zostera,2009,,,,,88.4,,,,,,
-37.637911,176.048546,Temperate Southern,Estuarine,Zostera,2009,,,,,97.5,,,,,,
-37.637911,176.048546,Temperate Southern,Estuarine,Zostera,2009,,,,,45.5,,,,,,
-37.637911,176.048546,Temperate Southern,Estuarine,Zostera,2009,,,,,36.7,,,,,,
-37.637911,176.048546,Temperate Southern,Estuarine,Zostera,2009,,,,,37.5,,,,,,
-37.637911,176.048546,Temperate Southern,Estuarine,Zostera,2009,,,,,31.9,,,,,,
-37.637911,176.048546,Temperate Southern,Estuarine,Zostera,2009,,,,,37.8,,,,,,
-37.637911,176.048546,Temperate Southern,Estuarine,Zostera,2009,,,,,48.5,,,,,,
-37.637911,176.048546,Temperate Southern,Estuarine,Zostera,2009,,,,,38.1,,,,,,
-37.637911,176.048546,Temperate Southern,Estuarine,Zostera,2009,,,,,54.7,,,,,,
-37.637911,176.048546,Temperate Southern,Estuarine,Zostera,2009,,,,,46.7,,,,,,
-37.637911,176.048546,Temperate Southern,Estuarine,Zostera,2009,,,,,88.4,,,,,,
-37.637911,176.048546,Temperate Southern,Estuarine,Zostera,2009,,,,,95.2,,,,,,
-37.637911,176.048546,Temperate Southern,Estuarine,Zostera,2009,,,,,38.7,,,,,,
-37.637911,176.048546,Temperate Southern,Estuarine,Zostera,2009,,,,,41.1,,,,,,
-37.637911,176.048546,Temperate Southern,Estuarine,Zostera,2009,,,,,43.2,,,,,,
-37.637911,176.048546,Temperate Southern,Estuarine,Zostera,2009,,,,,31,,,,,,
-37.637911,176.048546,Temperate Southern,Estuarine,Zostera,2009,,,,,21.9,,,,,,
-37.637911,176.048546,Temperate Southern,Estuarine,Zostera,2009,,,,,24.8,,,,,,
-37.637911,176.048546,Temperate Southern,Estuarine,Zostera,2009,,,,,29.6,,,,,,
-37.637911,176.048546,Temperate Southern,Estuarine,Zostera,2009,,,,,41.4,,,,,,
-37.637911,176.048546,Temperate Southern,Estuarine,Zostera,2009,,,,,45.2,,,,,,
-37.549299,175.953448,Temperate Southern,Estuarine,Zostera,2009,,,,,92.3,,,,,,
-37.549299,175.953448,Temperate Southern,Estuarine,Zostera,2009,,,,,86.2,,,,,,
-37.549299,175.953448,Temperate Southern,Estuarine,Zostera,2009,,,,,85.9,,,,,,
-37.549299,175.953448,Temperate Southern,Estuarine,Zostera,2009,,,,,95,,,,,,
-37.549299,175.953448,Temperate Southern,Estuarine,Zostera,2009,,,,,97.8,,,,,,
-37.549299,175.953448,Temperate Southern,Estuarine,Zostera,2009,,,,,95,,,,,,
-37.549299,175.953448,Temperate Southern,Estuarine,Zostera,2009,,,,,90.2,,,,,,
-37.549299,175.953448,Temperate Southern,Estuarine,Zostera,2009,,,,,76.8,,,,,,
-37.549299,175.953448,Temperate Southern,Estuarine,Zostera,2009,,,,,85,,,,,,
-37.549299,175.953448,Temperate Southern,Estuarine,Zostera,2009,,,,,82.8,,,,,,
-37.549299,175.953448,Temperate Southern,Estuarine,Zostera,2009,,,,,87.4,,,,,,
-37.549299,175.953448,Temperate Southern,Estuarine,Zostera,2009,,,,,97.2,,,,,,
-37.549299,175.953448,Temperate Southern,Estuarine,Zostera,2009,,,,,86.5,,,,,,
-37.549299,175.953448,Temperate Southern,Estuarine,Zostera,2009,,,,,75.2,,,,,,
-37.549299,175.953448,Temperate Southern,Estuarine,Zostera,2009,,,,,85.9,,,,,,
-37.549299,175.953448,Temperate Southern,Estuarine,Zostera,2009,,,,,85.9,,,,,,
-37.549299,175.953448,Temperate Southern,Estuarine,Zostera,2009,,,,,88.3,,,,,,
-37.549299,175.953448,Temperate Southern,Estuarine,Zostera,2009,,,,,81.6,,,,,,
-37.549299,175.953448,Temperate Southern,Estuarine,Zostera,2009,,,,,65.2,,,,,,
-37.549299,175.953448,Temperate Southern,Estuarine,Zostera,2009,,,,,85.3,,,,,,
-37.549299,175.953448,Temperate Southern,Estuarine,Zostera,2009,,,,,73.4,,,,,,
-37.549299,175.953448,Temperate Southern,Estuarine,Zostera,2009,,,,,79.5,,,,,,
-37.549299,175.953448,Temperate Southern,Estuarine,Zostera,2009,,,,,93.8,,,,,,
-37.549299,175.953448,Temperate Southern,Estuarine,Zostera,2009,,,,,83.5,,,,,,
-37.549299,175.953448,Temperate Southern,Estuarine,Zostera,2009,,,,,72.8,,,,,,
-37.549299,175.953448,Temperate Southern,Estuarine,Zostera,2009,,,,,98.1,,,,,,
-37.549299,175.953448,Temperate Southern,Estuarine,Zostera,2009,,,,,98.1,,,,,,
-37.549299,175.953448,Temperate Southern,Estuarine,Zostera,2009,,,,,95,,,,,,
-37.549299,175.953448,Temperate Southern,Estuarine,Zostera,2009,,,,,86.5,,,,,,
-37.549299,175.953448,Temperate Southern,Estuarine,Zostera,2009,,,,,66.1,,,,,,
-37.549299,175.953448,Temperate Southern,Estuarine,Zostera,2009,,,,,88,,,,,,
-37.549299,175.953448,Temperate Southern,Estuarine,Zostera,2009,,,,,93.2,,,,,,
-37.549299,175.953448,Temperate Southern,Estuarine,Zostera,2009,,,,,77.1,,,,,,
-37.693005,176.169249,Temperate Southern,Estuarine,Zostera,2009,,,,,95.3,,,,,,
-37.693005,176.169249,Temperate Southern,Estuarine,Zostera,2009,,,,,97.1,,,,,,
-37.693005,176.169249,Temperate Southern,Estuarine,Zostera,2009,,,,,92.1,,,,,,
-37.693005,176.169249,Temperate Southern,Estuarine,Zostera,2009,,,,,92.7,,,,,,
-37.693005,176.169249,Temperate Southern,Estuarine,Zostera,2009,,,,,92.1,,,,,,
-37.693005,176.169249,Temperate Southern,Estuarine,Zostera,2009,,,,,93.7,,,,,,
-37.693005,176.169249,Temperate Southern,Estuarine,Zostera,2009,,,,,87.1,,,,,,
-37.693005,176.169249,Temperate Southern,Estuarine,Zostera,2009,,,,,71.4,,,,,,
-37.693005,176.169249,Temperate Southern,Estuarine,Zostera,2009,,,,,82.4,,,,,,
-37.693005,176.169249,Temperate Southern,Estuarine,Zostera,2009,,,,,77.4,,,,,,
-37.693005,176.169249,Temperate Southern,Estuarine,Zostera,2009,,,,,79,,,,,,
-37.693005,176.169249,Temperate Southern,Estuarine,Zostera,2009,,,,,96.5,,,,,,
-37.693005,176.169249,Temperate Southern,Estuarine,Zostera,2009,,,,,90.2,,,,,,
-37.693005,176.169249,Temperate Southern,Estuarine,Zostera,2009,,,,,84.9,,,,,,
-37.693005,176.169249,Temperate Southern,Estuarine,Zostera,2009,,,,,96.2,,,,,,
-37.693005,176.169249,Temperate Southern,Estuarine,Zostera,2009,,,,,90.9,,,,,,
-37.693005,176.169249,Temperate Southern,Estuarine,Zostera,2009,,,,,93.4,,,,,,
-37.693005,176.169249,Temperate Southern,Estuarine,Zostera,2009,,,,,83.3,,,,,,
-37.693005,176.169249,Temperate Southern,Estuarine,Zostera,2009,,,,,70.8,,,,,,
-37.693005,176.169249,Temperate Southern,Estuarine,Zostera,2009,,,,,48.6,,,,,,
-37.693005,176.169249,Temperate Southern,Estuarine,Zostera,2009,,,,,47.9,,,,,,
-37.693005,176.169249,Temperate Southern,Estuarine,Zostera,2009,,,,,53.9,,,,,,
-37.693005,176.169249,Temperate Southern,Estuarine,Zostera,2009,,,,,95.6,,,,,,
-37.693005,176.169249,Temperate Southern,Estuarine,Zostera,2009,,,,,88.4,,,,,,
-37.693005,176.169249,Temperate Southern,Estuarine,Zostera,2009,,,,,81.2,,,,,,
-37.693005,176.169249,Temperate Southern,Estuarine,Zostera,2009,,,,,96.5,,,,,,
-37.693005,176.169249,Temperate Southern,Estuarine,Zostera,2009,,,,,90.9,,,,,,
-37.693005,176.169249,Temperate Southern,Estuarine,Zostera,2009,,,,,92.7,,,,,,
-37.693005,176.169249,Temperate Southern,Estuarine,Zostera,2009,,,,,77.4,,,,,,
-37.693005,176.169249,Temperate Southern,Estuarine,Zostera,2009,,,,,67.1,,,,,,
-37.693005,176.169249,Temperate Southern,Estuarine,Zostera,2009,,,,,73.6,,,,,,
-37.693005,176.169249,Temperate Southern,Estuarine,Zostera,2009,,,,,72.7,,,,,,
-37.693005,176.169249,Temperate Southern,Estuarine,Zostera,2009,,,,,85.9,,,,,,
-37.459856,175.947088,Temperate Southern,Estuarine,Zostera,2009,35.41,86.19,121.6,,,,,,,,
-37.637911,176.048546,Temperate Southern,Estuarine,Zostera,2009,42.09,71.49,113.59,,,,,,,,
-37.549299,175.953448,Temperate Southern,Estuarine,Zostera,2009,32.74,163.7,196.44,,,,,,,,
-37.693005,176.169249,Temperate Southern,Estuarine,Zostera,2009,74.16,88.86,163.03,,,,,,,,
-37.459856,175.947088,Temperate Southern,Estuarine,Zostera,2010,,,,,35.3,,,,,,
-37.459856,175.947088,Temperate Southern,Estuarine,Zostera,2010,,,,,34.4,,,,,,
-37.459856,175.947088,Temperate Southern,Estuarine,Zostera,2010,,,,,34.4,,,,,,
-37.459856,175.947088,Temperate Southern,Estuarine,Zostera,2010,,,,,41.9,,,,,,
-37.459856,175.947088,Temperate Southern,Estuarine,Zostera,2010,,,,,30.8,,,,,,
-37.459856,175.947088,Temperate Southern,Estuarine,Zostera,2010,,,,,34.4,,,,,,
-37.637911,176.048546,Temperate Southern,Estuarine,Zostera,2010,,,,,45.2,,,,,,
-37.637911,176.048546,Temperate Southern,Estuarine,Zostera,2010,,,,,50.5,,,,,,
-37.637911,176.048546,Temperate Southern,Estuarine,Zostera,2010,,,,,34.3,,,,,,
-37.637911,176.048546,Temperate Southern,Estuarine,Zostera,2010,,,,,39.3,,,,,,
-37.637911,176.048546,Temperate Southern,Estuarine,Zostera,2010,,,,,56.2,,,,,,
-37.637911,176.048546,Temperate Southern,Estuarine,Zostera,2010,,,,,70.3,,,,,,
-37.549299,175.953448,Temperate Southern,Estuarine,Zostera,2010,,,,,90.8,,,,,,
-37.549299,175.953448,Temperate Southern,Estuarine,Zostera,2010,,,,,95.9,,,,,,
-37.549299,175.953448,Temperate Southern,Estuarine,Zostera,2010,,,,,77.4,,,,,,
-37.549299,175.953448,Temperate Southern,Estuarine,Zostera,2010,,,,,82.5,,,,,,
-37.549299,175.953448,Temperate Southern,Estuarine,Zostera,2010,,,,,85.9,,,,,,
-37.549299,175.953448,Temperate Southern,Estuarine,Zostera,2010,,,,,97.2,,,,,,
-37.693005,176.169249,Temperate Southern,Estuarine,Zostera,2010,,,,,87.4,,,,,,
-37.693005,176.169249,Temperate Southern,Estuarine,Zostera,2010,,,,,90.9,,,,,,
-37.693005,176.169249,Temperate Southern,Estuarine,Zostera,2010,,,,,56.1,,,,,,
-37.693005,176.169249,Temperate Southern,Estuarine,Zostera,2010,,,,,60.8,,,,,,
-37.693005,176.169249,Temperate Southern,Estuarine,Zostera,2010,,,,,87.4,,,,,,
-37.693005,176.169249,Temperate Southern,Estuarine,Zostera,2010,,,,,95.3,,,,,,
-37.708,176.168,Temperate Southern,Coastal,Zostera,2008,,,,,,,,,,,
-37.643,176.046,Temperate Southern,Coastal,Zostera,2008,,,,,,,,,,,
-37.553,175.954,Temperate Southern,Coastal,Zostera,2008,,,,,,,,,,,
16.47,119.928,Tropical Indo Pacific,Coastal,Cymodocea,1992,,,,171,,,,,,,0.545
16.47,119.928,Tropical Indo Pacific,Coastal,Enhalus,1992,,,,21,,,,,,,0.381
16.47,119.928,Tropical Indo Pacific,Coastal,Thalassia,1992,,,,548,,,,,,,4.14
16.444,119.926,Tropical Indo Pacific,Coastal,Cymodocea,1995,,,,87,,,,,,,
16.444,119.926,Tropical Indo Pacific,Coastal,Halodule,1995,,,,107,,,,,,,
16.444,119.926,Tropical Indo Pacific,Coastal,Cymodocea,1995,,,,45,,,,,,,
16.444,119.926,Tropical Indo Pacific,Coastal,Enhalus,1995,,,,8,,,,,,,
16.444,119.926,Tropical Indo Pacific,Coastal,Halophila,1995,,,,4,,,,,,,
16.444,119.926,Tropical Indo Pacific,Coastal,Syringodium,1995,,,,50,,,,,,,
16.444,119.926,Tropical Indo Pacific,Coastal,Thalassia,1995,,,,242,,,,,,,
16.419,119.904,Tropical Indo Pacific,Coastal,Cymodocea,1993,,59.7,,,,,,,,,
16.419,119.904,Tropical Indo Pacific,Coastal,Halodule,1993,,6.7,,,,,,,,,
20.848,-86.873,Tropical Atlantic,Estuarine,Halodule,1993,,30.4,,,,,,,,,
16.419,119.904,Tropical Indo Pacific,Coastal,Enhalus,1993,,152.2,,,,,,,,,
16.419,119.904,Tropical Indo Pacific,Coastal,Halophila,1993,,0.9,,,,,,,,,
20.848,-86.873,Tropical Atlantic,Estuarine,Syringodium,1993,,6.05,,,,,,,,,
16.419,119.904,Tropical Indo Pacific,Coastal,Syringodium,1993,,2.1,,,,,,,,,
16.419,119.904,Tropical Indo Pacific,Coastal,Thalassia,1993,,303.3,,,,,,,,,
20.848,-86.873,Tropical Atlantic,Estuarine,Thalassia,1993,,289.3,,,,,,,,,
-4.445,39.537,Tropical Indo Pacific,Estuarine,Thalassodendron,1993,,243.4,,,,,,,,,
42.307,3.303,Mediterranean,Coastal,Zostera,1993,,191.9,,,,,,,,,
42.307,3.303,Mediterranean,Coastal,Cymodocea,1993,,228,,,,,,,,,
63.594,9.545,Temperate North Atlantic,Estuarine,Zostera,1998,149.7,,,2727.3,,,,,,,
63.594,9.545,Temperate North Atlantic,Estuarine,Zostera,1998,142.3,,,4267.8,,,,,,,
27.817,-97.117,Tropical Atlantic,Estuarine,Halodule,1987,23.95,204.86,228.8,,,,,,,,
27.854,-97.35,Tropical Atlantic,Estuarine,Halodule,1987,44.08,123.04,167.1,,,,,,,,
27.854,-97.35,Tropical Atlantic,Estuarine,Halodule,1987,33.92,110.99,144.9,,,,,,,,
27.854,-97.35,Tropical Atlantic,Estuarine,Ruppia,1987,175,84.8,259.8,,,,,,,,
28.251,-96.781,Tropical Atlantic,Estuarine,Ruppia,1987,9.57,14.6,24.2,,,,,,,,
28.251,-96.781,Tropical Atlantic,Estuarine,Ruppia,1987,25,9.6,34.6,,,,,,,,
28.251,-96.781,Tropical Atlantic,Estuarine,Ruppia,1987,50.53,18.8,69.3,,,,,,,,
28.251,-96.781,Tropical Atlantic,Estuarine,Ruppia,1987,1.6,2.1,3.7,,,,,,,,
28.251,-96.781,Tropical Atlantic,Estuarine,Ruppia,1987,218.62,108.6,327.3,,,,,,,,
28.4,-96.717,Tropical Atlantic,Estuarine,Ruppia,1987,4.26,15,19.3,,,,,,,,
28.4,-96.717,Tropical Atlantic,Estuarine,Ruppia,1987,4.26,9.2,13.4,,,,,,,,
28.4,-96.717,Tropical Atlantic,Estuarine,Ruppia,1987,6.38,1.7,8.1,,,,,,,,
28.4,-96.717,Tropical Atlantic,Estuarine,Ruppia,1987,9.04,2.5,11.5,,,,,,,,
28.4,-96.717,Tropical Atlantic,Estuarine,Ruppia,1987,108.51,51,159.5,,,,,,,,
27.817,-97.117,Tropical Atlantic,Estuarine,Halodule,1988,7.62,72.3,79.9,,,,,,,,
27.817,-97.117,Tropical Atlantic,Estuarine,Halodule,1988,55.33,52.01,107.3,,,,,,,,
27.817,-97.117,Tropical Atlantic,Estuarine,Halodule,1988,68.57,88.79,157.4,,,,,,,,
27.854,-97.35,Tropical Atlantic,Estuarine,Halodule,1988,41.72,135.1,176.8,,,,,,,,
27.854,-97.35,Tropical Atlantic,Estuarine,Halodule,1988,50.25,49.47,99.7,,,,,,,,
27.854,-97.35,Tropical Atlantic,Estuarine,Halodule,1988,47.71,81.82,129.5,,,,,,,,
27.854,-97.35,Tropical Atlantic,Estuarine,Halodule,1988,24.67,98.94,123.6,,,,,,,,
27.854,-97.35,Tropical Atlantic,Estuarine,Halodule,1988,30.11,65.33,95.4,,,,,,,,
27.854,-97.35,Tropical Atlantic,Estuarine,Halodule,1988,35.56,208.03,243.6,,,,,,,,
27.854,-97.35,Tropical Atlantic,Estuarine,Ruppia,1988,72.9,99.9,172.7,,,,,,,,
27.854,-97.35,Tropical Atlantic,Estuarine,Ruppia,1988,26.1,20.9,47,,,,,,,,
27.854,-97.35,Tropical Atlantic,Estuarine,Ruppia,1988,31.4,8.4,39.7,,,,,,,,
28.251,-96.781,Tropical Atlantic,Estuarine,Ruppia,1988,11.7,53.9,65.6,,,,,,,,
28.251,-96.781,Tropical Atlantic,Estuarine,Ruppia,1988,19.68,20.9,40.6,,,,,,,,
28.251,-96.781,Tropical Atlantic,Estuarine,Ruppia,1988,21.81,25.9,47.7,,,,,,,,
28.4,-96.717,Tropical Atlantic,Estuarine,Ruppia,1988,2.66,4.2,6.8,,,,,,,,
28.4,-96.717,Tropical Atlantic,Estuarine,Ruppia,1988,1.6,0.8,2.4,,,,,,,,
28.4,-96.717,Tropical Atlantic,Estuarine,Ruppia,1988,18.62,85.7,104.3,,,,,,,,
27.854,-97.35,Tropical Atlantic,Estuarine,Halodule,1989,21.77,196.62,218.4,,,,,,,,
27.854,-97.35,Tropical Atlantic,Estuarine,Halodule,1989,17.05,138.27,155.3,,,,,,,,
27.854,-97.35,Tropical Atlantic,Estuarine,Ruppia,1989,18.1,15.5,33.5,,,,,,,,
27.854,-97.35,Tropical Atlantic,Estuarine,Ruppia,1989,30.9,26.3,57.2,,,,,,,,
27.854,-97.35,Tropical Atlantic,Estuarine,Ruppia,1989,81.4,33.8,115.2,,,,,,,,
27.854,-97.35,Tropical Atlantic,Estuarine,Ruppia,1989,185.1,13.4,198.5,,,,,,,,
27.854,-97.35,Tropical Atlantic,Estuarine,Ruppia,1989,98.9,28.8,127.8,,,,,,,,
28.4,-96.717,Tropical Atlantic,Estuarine,Ruppia,1989,1.6,0.4,2,,,,,,,,
28.4,-96.717,Tropical Atlantic,Estuarine,Ruppia,1989,2.66,0.8,3.5,,,,,,,,
28.4,-96.717,Tropical Atlantic,Estuarine,Ruppia,1989,7.45,3.8,11.2,,,,,,,,
28.4,-96.717,Tropical Atlantic,Estuarine,Ruppia,1989,79.26,99.4,178.7,,,,,,,,
28.4,-96.717,Tropical Atlantic,Estuarine,Ruppia,1989,113.83,50.6,164.4,,,,,,,,
27.817,-97.133,Tropical Atlantic,Estuarine,Halodule,1989,25.71,338.46,364.17,6728.57,,,,,,,
27.817,-97.133,Tropical Atlantic,Estuarine,Halodule,1989,111.43,507.69,619.12,6642.86,,,,,,,
27.817,-97.133,Tropical Atlantic,Estuarine,Halodule,1989,98.57,292.31,390.88,7028.57,,,,,,,
27.817,-97.133,Tropical Atlantic,Estuarine,Halodule,1989,51.43,215.38,266.81,6685.71,,,,,,,
27.817,-97.133,Tropical Atlantic,Estuarine,Halodule,1989,72.86,146.15,219.01,6942.86,,,,,,,
27.817,-97.133,Tropical Atlantic,Estuarine,Halodule,1989,55.71,307.69,363.4,7242.86,,,,,,,
27.817,-97.133,Tropical Atlantic,Estuarine,Halodule,1989,47.14,123.08,170.22,6642.86,,,,,,,
27.817,-97.133,Tropical Atlantic,Estuarine,Halodule,1990,38.57,176.92,215.49,6771.43,,,,,,,
27.817,-97.133,Tropical Atlantic,Estuarine,Halodule,1990,120,200,320,7157.14,,,,,,,
27.817,-97.133,Tropical Atlantic,Estuarine,Halodule,1990,171.43,353.85,525.28,6171.43,,,,,,,
27.817,-97.133,Tropical Atlantic,Estuarine,Halodule,1990,210,292.31,502.31,7457.14,,,,,,,
27.817,-97.133,Tropical Atlantic,Estuarine,Halodule,1990,55.71,115.38,171.09,7328.57,,,,,,,
27.817,-97.133,Tropical Atlantic,Estuarine,Halodule,1990,47.14,184.62,231.76,6471.43,,,,,,,
27.817,-97.133,Tropical Atlantic,Estuarine,Halodule,1990,64.29,76.92,141.21,7028.57,,,,,,,
27.817,-97.133,Tropical Atlantic,Estuarine,Halodule,1990,68.57,92.31,160.88,6685.71,,,,,,,
27.817,-97.133,Tropical Atlantic,Estuarine,Halodule,1990,68.57,153.85,222.42,6942.86,,,,,,,
27.817,-97.133,Tropical Atlantic,Estuarine,Halodule,1990,115.71,100,215.71,7242.86,,,,,,,
27.817,-97.133,Tropical Atlantic,Estuarine,Halodule,1990,252.86,223.08,475.94,6771.43,,,,,,,
27.817,-97.133,Tropical Atlantic,Estuarine,Halodule,1990,98.57,169.23,267.8,7157.14,,,,,,,
27.817,-97.133,Tropical Atlantic,Estuarine,Halodule,1990,25.71,23.08,48.79,7757.14,,,,,,,
27.817,-97.133,Tropical Atlantic,Estuarine,Halodule,1990,17.14,15.38,32.52,7971.43,,,,,,,
27.817,-97.133,Tropical Atlantic,Estuarine,Halodule,1990,21.43,30.77,52.2,8100,,,,,,,
27.817,-97.133,Tropical Atlantic,Estuarine,Halodule,1990,30,38.46,68.46,7757.14,,,,,,,
27.817,-97.133,Tropical Atlantic,Estuarine,Halodule,1990,12.86,46.15,59.01,7671.43,,,,,,,
27.817,-97.133,Tropical Atlantic,Estuarine,Halodule,1991,132.86,261.54,394.4,6771.43,,,,,,,
27.817,-97.133,Tropical Atlantic,Estuarine,Halodule,1991,214.29,200,414.29,7585.71,,,,,,,
27.817,-97.133,Tropical Atlantic,Estuarine,Halodule,1991,81.43,146.15,227.58,6342.86,,,,,,,
27.817,-97.133,Tropical Atlantic,Estuarine,Halodule,1991,231.43,300,531.43,7414.29,,,,,,,
27.817,-97.133,Tropical Atlantic,Estuarine,Halodule,1991,60,184.62,244.62,6985.71,,,,,,,
27.817,-97.133,Tropical Atlantic,Estuarine,Halodule,1991,72.86,184.62,257.48,6557.14,,,,,,,
27.817,-97.133,Tropical Atlantic,Estuarine,Halodule,1991,90,200,290,6171.43,,,,,,,
27.817,-97.133,Tropical Atlantic,Estuarine,Halodule,1991,81.43,253.85,335.28,7457.14,,,,,,,
27.817,-97.133,Tropical Atlantic,Estuarine,Halodule,1991,94.29,176.92,271.21,7328.57,,,,,,,
27.817,-97.133,Tropical Atlantic,Estuarine,Halodule,1991,85.71,153.85,239.56,6471.43,,,,,,,
27.817,-97.133,Tropical Atlantic,Estuarine,Halodule,1991,51.43,61.54,112.97,6771.43,,,,,,,
27.817,-97.133,Tropical Atlantic,Estuarine,Halodule,1991,72.86,76.92,149.78,7585.71,,,,,,,
27.817,-97.133,Tropical Atlantic,Estuarine,Halodule,1991,8.57,23.08,31.65,7757.14,,,,,,,
27.817,-97.133,Tropical Atlantic,Estuarine,Halodule,1991,12.86,7.69,20.55,7928.57,,,,,,,
27.817,-97.133,Tropical Atlantic,Estuarine,Halodule,1991,42.86,30.77,73.63,8014.29,,,,,,,
27.817,-97.133,Tropical Atlantic,Estuarine,Halodule,1991,21.43,15.38,36.81,8014.29,,,,,,,
27.817,-97.133,Tropical Atlantic,Estuarine,Halodule,1991,107.14,76.92,184.06,7800,,,,,,,
27.817,-97.133,Tropical Atlantic,Estuarine,Halodule,1991,72.86,46.15,119.01,7200,,,,,,,
27.817,-97.133,Tropical Atlantic,Estuarine,Halodule,1992,102.86,176.92,279.78,6471.43,,,,,,,
27.817,-97.133,Tropical Atlantic,Estuarine,Halodule,1992,128.57,161.54,290.11,6128.57,,,,,,,
27.817,-97.133,Tropical Atlantic,Estuarine,Halodule,1992,124.29,184.62,308.91,6557.14,,,,,,,
27.817,-97.133,Tropical Atlantic,Estuarine,Halodule,1992,107.14,123.08,230.22,7114.29,,,,,,,
27.817,-97.133,Tropical Atlantic,Estuarine,Halodule,1992,72.86,146.15,219.01,6685.71,,,,,,,
27.817,-97.133,Tropical Atlantic,Estuarine,Halodule,1992,72.86,161.54,234.4,7071.43,,,,,,,
27.817,-97.133,Tropical Atlantic,Estuarine,Halodule,1992,90,107.69,197.69,6342.86,,,,,,,
27.817,-97.133,Tropical Atlantic,Estuarine,Halodule,1992,98.57,161.54,260.11,7414.29,,,,,,,
27.817,-97.133,Tropical Atlantic,Estuarine,Halodule,1992,107.14,223.08,330.22,6985.71,,,,,,,
27.817,-97.133,Tropical Atlantic,Estuarine,Halodule,1992,158.57,223.08,381.65,6557.14,,,,,,,
27.817,-97.133,Tropical Atlantic,Estuarine,Halodule,1992,132.86,230.77,363.63,6471.43,,,,,,,
27.817,-97.133,Tropical Atlantic,Estuarine,Halodule,1992,261.43,269.23,530.66,6128.57,,,,,,,
27.817,-97.133,Tropical Atlantic,Estuarine,Halodule,1992,17.14,61.54,78.68,7328.57,,,,,,,
27.817,-97.133,Tropical Atlantic,Estuarine,Halodule,1992,51.43,15.38,66.81,7500,,,,,,,
27.817,-97.133,Tropical Atlantic,Estuarine,Halodule,1992,8.57,15.38,23.95,6685.71,,,,,,,
27.817,-97.133,Tropical Atlantic,Estuarine,Halodule,1992,21.43,23.08,44.51,8014.29,,,,,,,
27.817,-97.133,Tropical Atlantic,Estuarine,Halodule,1992,12.86,7.69,20.55,7757.14,,,,,,,
27.817,-97.133,Tropical Atlantic,Estuarine,Halodule,1992,4.29,,4.29,7971.43,,,,,,,
27.817,-97.133,Tropical Atlantic,Estuarine,Halodule,1993,60,123.08,183.08,6985.71,,,,,,,
27.817,-97.133,Tropical Atlantic,Estuarine,Halodule,1993,85.71,169.23,254.94,7157.14,,,,,,,
27.817,-97.133,Tropical Atlantic,Estuarine,Halodule,1993,94.29,100,194.29,7542.86,,,,,,,
27.817,-97.133,Tropical Atlantic,Estuarine,Halodule,1993,38.57,61.54,100.11,7371.43,,,,,,,
27.817,-97.133,Tropical Atlantic,Estuarine,Halodule,1993,107.14,261.54,368.68,6557.14,,,,,,,
27.817,-97.133,Tropical Atlantic,Estuarine,Halodule,1993,60,230.77,290.77,7114.29,,,,,,,
27.817,-97.133,Tropical Atlantic,Estuarine,Halodule,1993,68.57,223.08,291.65,6685.71,,,,,,,
27.817,-97.133,Tropical Atlantic,Estuarine,Halodule,1993,90,200,290,7071.43,,,,,,,
27.817,-97.133,Tropical Atlantic,Estuarine,Halodule,1993,210,153.85,363.85,6985.71,,,,,,,
27.817,-97.133,Tropical Atlantic,Estuarine,Halodule,1993,34.29,123.08,157.37,7157.14,,,,,,,
27.817,-97.133,Tropical Atlantic,Estuarine,Halodule,1993,12.86,30.77,43.63,8100,,,,,,,
27.817,-97.133,Tropical Atlantic,Estuarine,Halodule,1993,21.43,15.38,36.81,7714.29,,,,,,,
27.817,-97.133,Tropical Atlantic,Estuarine,Halodule,1993,90,61.54,151.54,7757.14,,,,,,,
27.817,-97.133,Tropical Atlantic,Estuarine,Halodule,1993,4.29,30.77,35.06,5785.71,,,,,,,
27.817,-97.133,Tropical Atlantic,Estuarine,Halodule,1994,38.57,92.31,130.88,7842.86,,,,,,,
27.817,-97.133,Tropical Atlantic,Estuarine,Halodule,1994,12.86,46.15,59.01,7585.71,,,,,,,
27.817,-97.133,Tropical Atlantic,Estuarine,Halodule,1994,81.43,30.77,112.2,7757.14,,,,,,,
27.817,-97.133,Tropical Atlantic,Estuarine,Halodule,1994,30,46.15,76.15,6728.57,,,,,,,
27.817,-97.133,Tropical Atlantic,Estuarine,Halodule,1994,38.57,100,138.57,7542.86,,,,,,,
27.817,-97.133,Tropical Atlantic,Estuarine,Halodule,1994,154.29,123.08,277.37,7371.43,,,,,,,
27.817,-97.133,Tropical Atlantic,Estuarine,Halodule,1994,51.43,107.69,159.12,7842.86,,,,,,,
27.817,-97.133,Tropical Atlantic,Estuarine,Halodule,1994,64.29,169.23,233.52,7585.71,,,,,,,
27.817,-97.133,Tropical Atlantic,Estuarine,Halodule,1994,4.29,15.38,19.67,7714.29,,,,,,,
27.817,-97.133,Tropical Atlantic,Estuarine,Halodule,1994,25.71,23.08,48.79,7971.43,,,,,,,
27.817,-97.133,Tropical Atlantic,Estuarine,Halodule,1994,72.86,107.69,180.55,7585.71,,,,,,,
27.817,-97.133,Tropical Atlantic,Estuarine,Halodule,1994,12.86,23.08,35.94,7071.43,,,,,,,
-32.003,115.82,Temperate Southern,Estuarine,Halophila,2006,12.7,48.7,61.4,,92.3,,1.5,1.6,3.1,,
19.765,-16.393,Tropical Atlantic,Coastal,Zostera,2013,,,,,94,,,,,,
19.765,-16.393,Tropical Atlantic,Coastal,Zostera,2013,,,,,75.8,,,,,,
19.765,-16.393,Tropical Atlantic,Coastal,Zostera,2013,,,,,49.6,,,,,,
19.765,-16.393,Tropical Atlantic,Coastal,Zostera,2015,,,,,82.1,,,,,,
19.765,-16.393,Tropical Atlantic,Coastal,Zostera,2015,,,,,61.2,,,,,,
19.765,-16.393,Tropical Atlantic,Coastal,Zostera,2015,,,,,61.6,,,,,,
20.903,-86.847,Tropical Atlantic,Estuarine,Thalassia,2000,,,,561,,,,,,,
20.899,-86.847,Tropical Atlantic,Estuarine,Thalassia,2000,,,,574,,,,,,,
20.866,-86.867,Tropical Atlantic,Estuarine,Thalassia,2000,,,,808,,,,,,,
20.867,-86.862,Tropical Atlantic,Estuarine,Thalassia,2000,,,,322,,,,,,,
20.864,-86.858,Tropical Atlantic,Estuarine,Thalassia,2000,,,,733,,,,,,,
20.861,-86.869,Tropical Atlantic,Estuarine,Thalassia,2000,,,,1519,,,,,,,
20.857,-86.87,Tropical Atlantic,Estuarine,Thalassia,2000,,,,1682,,,,,,,
20.857,-86.87,Tropical Atlantic,Estuarine,Thalassia,2000,,,,764,,,,,,,
20.856,-86.869,Tropical Atlantic,Estuarine,Thalassia,2000,,,,155,,,,,,,
20.85,-86.867,Tropical Atlantic,Estuarine,Thalassia,2004,290.1,2846.4,3136.5,1678.9,,,,,,,
20.85,-86.867,Tropical Atlantic,Estuarine,Thalassia,2004,259.8,1300.8,1560.6,767.3,,,,,,,
20.85,-86.867,Tropical Atlantic,Estuarine,Thalassia,2004,332.2,747.4,1079.6,440.6,,,,,,,
20.85,-86.867,Tropical Atlantic,Estuarine,Thalassia,2004,81.7,373.4,455.1,204.2,,,,,,,
20.85,-86.867,Tropical Atlantic,Estuarine,Thalassia,2004,74.9,494.2,569.1,244.6,,,,,,,
20.85,-86.867,Tropical Atlantic,Estuarine,Thalassia,2004,48.9,288.7,337.6,170.3,,,,,,,
5.016,119.1,Tropical Indo Pacific,Coastal,Halophila,1991,,,10.93,1099,,,,0.88,,,
-5.064,119.459,Tropical Indo Pacific,Coastal,Enhalus,1990,,,,39,,,,,,,
-5.047,119.327,Tropical Indo Pacific,Coastal,Enhalus,1990,,,,24,,,,,,,
-6.679,72.066,Tropical Indo Pacific,Coastal,Thalassodendron,2016,,,,,60,,,,,,
-6.59,72.319,Tropical Indo Pacific,Coastal,Thalassodendron,2016,,,,,63,,,,,,
-6.458,71.241,Tropical Indo Pacific,Coastal,Thalassodendron,2016,,,,,90,,,,,,
37.35,122.567,Temperate North Pacific,Estuarine,Zostera,2015,5.87,11.97,17.84,249.32,,1171.2,,,,,
37.35,122.567,Temperate North Pacific,Estuarine,Zostera,2015,9.54,12.23,21.77,350.68,,1639.6,,,,,
37.35,122.567,Temperate North Pacific,Estuarine,Zostera,2015,29.36,22.87,52.23,654.79,,4036,,,,,
37.35,122.567,Temperate North Pacific,Estuarine,Zostera,2015,71.93,37.77,109.7,706.85,,4450.5,,,,,
37.35,122.567,Temperate North Pacific,Estuarine,Zostera,2015,86.61,42.29,128.9,723.29,,3171.2,,,,,
37.35,122.567,Temperate North Pacific,Estuarine,Zostera,2015,168.07,67.55,235.62,895.89,,3693.7,,,,,
37.35,122.567,Temperate North Pacific,Estuarine,Zostera,2015,268.62,118.09,386.71,1060.27,,5405.4,,,,,
37.35,122.567,Temperate North Pacific,Estuarine,Zostera,2015,204.04,94.41,298.45,939.73,,4252.3,,,,,
37.35,122.567,Temperate North Pacific,Estuarine,Zostera,2015,171.01,74.2,245.21,865.75,,3369.4,,,,,
37.35,122.567,Temperate North Pacific,Estuarine,Zostera,2015,308.26,103.46,411.72,504.11,,2738.7,,,,,
37.35,122.567,Temperate North Pacific,Estuarine,Zostera,2015,201.83,76.86,278.69,482.19,,3315.3,,,,,
37.35,122.567,Temperate North Pacific,Estuarine,Zostera,2015,184.95,86.44,271.39,572.6,,2991,,,,,
37.35,122.567,Temperate North Pacific,Estuarine,Zostera,2015,176.15,82.18,258.33,493.15,,3351.4,,,,,
37.35,122.567,Temperate North Pacific,Estuarine,Zostera,2015,133.58,81.65,215.23,438.36,,4306.3,,,,,
37.35,122.567,Temperate North Pacific,Estuarine,Zostera,2015,90.28,49.47,139.75,430.14,,4450.5,,,,,
-33.294,151.502,Temperate Southern,Estuarine,Zostera,2011,150.72,158.12,306.03,1379.31,,,,,,,
-33.294,151.502,Temperate Southern,Estuarine,Zostera,2011,168.12,226.5,379.31,1185.34,,,,,,,
-33.294,151.502,Temperate Southern,Estuarine,Zostera,2011,86.96,123.93,198.28,797.41,,,,,,,
-33.093,151.589,Temperate Southern,Estuarine,Zostera,2011,100.48,500,586.21,2974.14,,,,,,,
-33.093,151.589,Temperate Southern,Estuarine,Zostera,2011,90.82,350.43,422.41,1875,,,,,,,
-33.093,151.589,Temperate Southern,Estuarine,Zostera,2011,67.63,200.85,258.62,905.17,,,,,,,
-35.043,150.734,Temperate Southern,Coastal,Posidonia,1990,,,,328.92,,,,,,,
-35.043,150.734,Temperate Southern,Coastal,Posidonia,1990,,,,329.04,,,,,,,
-35.043,150.734,Temperate Southern,Coastal,Posidonia,1991,,,,321.75,,,,,,,
-35.043,150.734,Temperate Southern,Coastal,Posidonia,1991,,,,313.97,,,,,,,
-35.043,150.734,Temperate Southern,Coastal,Posidonia,1991,,,,271.71,,,,,,,
-35.043,150.734,Temperate Southern,Coastal,Posidonia,1991,,,,260.21,,,,,,,
-35.043,150.734,Temperate Southern,Coastal,Posidonia,1991,,,,320.85,,,,,,,
-35.043,150.734,Temperate Southern,Coastal,Posidonia,1991,,,,288.17,,,,,,,
-35.043,150.734,Temperate Southern,Coastal,Posidonia,1992,,,,270.97,,,,,,,
-35.043,150.734,Temperate Southern,Coastal,Posidonia,1992,,,,251.23,,,,,,,
23.425,-106.56,Tropical Atlantic,Estuarine,Ruppia,1981,,,11.67,,,,,,,,
23.425,-106.56,Tropical Atlantic,Estuarine,Ruppia,1981,,,130.8,,,,,,,,
23.425,-106.56,Tropical Atlantic,Estuarine,Ruppia,1982,,,626.57,,,,,,,,
23.425,-106.56,Tropical Atlantic,Estuarine,Ruppia,1982,,,529.91,,,,,,,,
23.425,-106.56,Tropical Atlantic,Estuarine,Ruppia,1982,,,9.75,,,,,,,,
23.425,-106.56,Tropical Atlantic,Estuarine,Ruppia,1982,,,162.12,,,,,,,,
23.425,-106.56,Tropical Atlantic,Estuarine,Ruppia,1982,,,13.04,,,,,,,,
23.425,-106.56,Tropical Atlantic,Estuarine,Ruppia,1982,,,193.62,,,,,,,,
23.425,-106.56,Tropical Atlantic,Estuarine,Ruppia,1982,,,251.71,,,,,,,,
23.425,-106.56,Tropical Atlantic,Estuarine,Ruppia,1982,,,427.78,,,,,,,,
23.425,-106.56,Tropical Atlantic,Estuarine,Ruppia,1982,,,18.36,,,,,,,,
23.425,-106.56,Tropical Atlantic,Estuarine,Ruppia,1982,,,15.74,,,,,,,,
23.425,-106.56,Tropical Atlantic,Estuarine,Ruppia,1982,,,18.77,,,,,,,,
23.425,-106.56,Tropical Atlantic,Estuarine,Ruppia,1982,,,17.07,,,,,,,,
-20.141601,57.75362,Tropical Indo Pacific,Coastal,Syringodium,2001,,,,627.05,,,,,,,
-20.141601,57.75362,Tropical Indo Pacific,Coastal,Syringodium,2001,,,,526.16,,,,,,,
-20.141601,57.75362,Tropical Indo Pacific,Coastal,Syringodium,2001,,,,599.11,,,,,,,
-20.141601,57.75362,Tropical Indo Pacific,Coastal,Syringodium,2001,,,,544.79,,,,,,,
-20.141601,57.75362,Tropical Indo Pacific,Coastal,Syringodium,2001,,,,594.46,,,,,,,
-20.141601,57.75362,Tropical Indo Pacific,Coastal,Syringodium,2001,,,,637.92,,,,,,,
24.5,-80.5,Tropical Atlantic,Coastal,Thalassia,1996,22.26,,,,,,,,,,7.936
24.5,-80.5,Tropical Atlantic,Coastal,Thalassia,1996,29.79,,,,,,,,,,11.85
24.5,-80.5,Tropical Atlantic,Coastal,Thalassia,1996,42,,,,,,,,,,22.186
24.5,-80.5,Tropical Atlantic,Coastal,Thalassia,1996,40.21,,,,,,,,,,19.985
24.5,-80.5,Tropical Atlantic,Coastal,Thalassia,1996,26.21,,,,,,,,,,15.459
24.5,-80.5,Tropical Atlantic,Coastal,Syringodium,1996,6.65,,,,,,,,,,
24.5,-80.5,Tropical Atlantic,Coastal,Syringodium,1996,20.23,,,,,,,,,,
24.5,-80.5,Tropical Atlantic,Coastal,Syringodium,1996,24.07,,,,,,,,,,
24.5,-80.5,Tropical Atlantic,Coastal,Syringodium,1996,19.2,,,,,,,,,,
24.5,-80.5,Tropical Atlantic,Coastal,Thalassia,1997,29.79,,,,,,,,,,19.557
24.5,-80.5,Tropical Atlantic,Coastal,Thalassia,1997,42.72,,,,,,,,,,22.125
24.5,-80.5,Tropical Atlantic,Coastal,Thalassia,1997,36.26,,,,,,,,,,22.37
24.5,-80.5,Tropical Atlantic,Coastal,Thalassia,1997,36.44,,,,,,,,,,13.196
24.5,-80.5,Tropical Atlantic,Coastal,Syringodium,1997,13.58,,,,,,,,,,
24.5,-80.5,Tropical Atlantic,Coastal,Syringodium,1997,19.58,,,,,,,,,,
24.5,-80.5,Tropical Atlantic,Coastal,Syringodium,1997,21.08,,,,,,,,,,
24.5,-80.5,Tropical Atlantic,Coastal,Syringodium,1997,14.99,,,,,,,,,,
24.5,-80.5,Tropical Atlantic,Coastal,Thalassia,1998,40.03,,,,,,,,,,18.639
24.5,-80.5,Tropical Atlantic,Coastal,Thalassia,1998,69.1,,,,,,,,,,21.697
24.5,-80.5,Tropical Atlantic,Coastal,Thalassia,1998,30.15,,,,,,,,,,23.165
24.5,-80.5,Tropical Atlantic,Coastal,Syringodium,1998,15.93,,,,,,,,,,
24.5,-80.5,Tropical Atlantic,Coastal,Syringodium,1998,29.79,,,,,,,,,,
24.5,-80.5,Tropical Atlantic,Coastal,Syringodium,1998,19.39,,,,,,,,,,
32.4023,-64.7984,Temperate North Atlantic,Coastal,Thalassia,1993,,,,789.18,,,,,,,
32.4023,-64.7984,Temperate North Atlantic,Coastal,Thalassia,1993,,,,724.27,,,,,,,
32.2716,-64.9661,Tropical Atlantic,Coastal,Thalassia,2008,,,,779.7,,,,,,,
32.2716,-64.9661,Tropical Atlantic,Coastal,Thalassia,2009,,,,722.6,,,,,,,
24.911,-80.939,Tropical Atlantic,Coastal,Thalassia,1991,,,,430,,,,,,,
24.983,-80.817,Tropical Atlantic,Coastal,Thalassia,1991,,,,1442,,,,,,,
24.983,-80.5,Tropical Atlantic,Coastal,Thalassia,1991,,,,625,,,,,,,
25.05,-80.9,Tropical Atlantic,Coastal,Thalassia,1991,,,,908,,,,,,,
25.067,-80.75,Tropical Atlantic,Coastal,Thalassia,1991,,,,47,,,,,,,
25.083,-80.433,Tropical Atlantic,Coastal,Thalassia,1991,,,,725,,,,,,,
25.117,-80.767,Tropical Atlantic,Coastal,Thalassia,1991,,,,883,,,,,,,
25.167,-80.483,Tropical Atlantic,Coastal,Thalassia,1991,,,,833,,,,,,,
24.911,-80.939,Tropical Atlantic,Coastal,Thalassia,1992,,,,325,,,,,,,
24.911,-80.939,Tropical Atlantic,Coastal,Thalassia,1992,,,,240,,,,,,,
24.911,-80.939,Tropical Atlantic,Coastal,Thalassia,1992,,,,150,,,,,,,
24.983,-80.817,Tropical Atlantic,Coastal,Thalassia,1992,,,,975,,,,,,,
24.983,-80.5,Tropical Atlantic,Coastal,Thalassia,1992,,,,825,,,,,,,
24.983,-80.817,Tropical Atlantic,Coastal,Thalassia,1992,,,,1475,,,,,,,
24.983,-80.5,Tropical Atlantic,Coastal,Thalassia,1992,,,,608,,,,,,,
24.983,-80.817,Tropical Atlantic,Coastal,Thalassia,1992,,,,1233,,,,,,,
24.983,-80.5,Tropical Atlantic,Coastal,Thalassia,1992,,,,492,,,,,,,
25.05,-80.9,Tropical Atlantic,Coastal,Thalassia,1992,,,,725,,,,,,,
25.05,-80.9,Tropical Atlantic,Coastal,Thalassia,1992,,,,708,,,,,,,
25.05,-80.9,Tropical Atlantic,Coastal,Thalassia,1992,,,,492,,,,,,,
25.067,-80.75,Tropical Atlantic,Coastal,Thalassia,1992,,,,283,,,,,,,
25.067,-80.75,Tropical Atlantic,Coastal,Thalassia,1992,,,,392,,,,,,,
25.067,-80.75,Tropical Atlantic,Coastal,Thalassia,1992,,,,250,,,,,,,
25.083,-80.433,Tropical Atlantic,Coastal,Thalassia,1992,,,,925,,,,,,,
25.083,-80.433,Tropical Atlantic,Coastal,Thalassia,1992,,,,958,,,,,,,
25.083,-80.433,Tropical Atlantic,Coastal,Thalassia,1992,,,,692,,,,,,,
25.117,-80.767,Tropical Atlantic,Coastal,Thalassia,1992,,,,958,,,,,,,
25.117,-80.767,Tropical Atlantic,Coastal,Thalassia,1992,,,,700,,,,,,,
25.117,-80.767,Tropical Atlantic,Coastal,Thalassia,1992,,,,900,,,,,,,
25.167,-80.483,Tropical Atlantic,Coastal,Thalassia,1992,,,,825,,,,,,,
25.167,-80.483,Tropical Atlantic,Coastal,Thalassia,1992,,,,800,,,,,,,
25.167,-80.483,Tropical Atlantic,Coastal,Thalassia,1992,,,,367,,,,,,,
-32.313,115.714,Temperate Southern,Coastal,Posidonia,2015,,,,1308,,,,,,,
-32.313,115.714,Temperate Southern,Coastal,Posidonia,2015,,,,300,,,,,,,
-32.313,115.714,Temperate Southern,Coastal,Posidonia,2015,,,,1100,,,,,,,
-32.313,115.714,Temperate Southern,Coastal,Posidonia,2015,,,,658,,,,,,,
-32.175,115.767,Temperate Southern,Coastal,Posidonia,2015,,,,1042,,,,,,,
-32.175,115.767,Temperate Southern,Coastal,Posidonia,2015,,,,1425,,,,,,,
-32.175,115.767,Temperate Southern,Coastal,Posidonia,2015,,,,1567,,,,,,,
-32.175,115.767,Temperate Southern,Coastal,Posidonia,2015,,,,1758,,,,,,,
-32.158,115.67,Temperate Southern,Coastal,Posidonia,2015,,,,2050,,,,,,,
-32.158,115.67,Temperate Southern,Coastal,Posidonia,2015,,,,1042,,,,,,,
-32.158,115.67,Temperate Southern,Coastal,Posidonia,2015,,,,1450,,,,,,,
-32.158,115.67,Temperate Southern,Coastal,Posidonia,2015,,,,858,,,,,,,
37.151,-76.289,Tropical Atlantic,Estuarine,Ruppia,2013,36.61,,,,,,,,,,
37.151,-76.289,Tropical Atlantic,Estuarine,Ruppia,2013,19.03,,,,,,,,,,
37.17,-76.377,Tropical Atlantic,Estuarine,Ruppia,2013,63.3,,,,,,,,,,
37.17,-76.377,Tropical Atlantic,Estuarine,Ruppia,2013,52.26,,,,,,,,,,
37.33,-76.32,Tropical Atlantic,Estuarine,Ruppia,2013,53.75,,,,,,,,,,
37.33,-76.32,Tropical Atlantic,Estuarine,Ruppia,2013,19.89,,,,,,,,,,
37.151,-76.289,Tropical Atlantic,Estuarine,Zostera,2013,186.36,,,,,,,,,,
37.151,-76.289,Tropical Atlantic,Estuarine,Zostera,2013,46.69,,,,,,,,,,
37.17,-76.377,Tropical Atlantic,Estuarine,Zostera,2013,302.92,,,,,,,,,,
37.17,-76.377,Tropical Atlantic,Estuarine,Zostera,2013,47.26,,,,,,,,,,
37.33,-76.32,Tropical Atlantic,Estuarine,Zostera,2013,135.1,,,,,,,,,,
37.33,-76.32,Tropical Atlantic,Estuarine,Zostera,2013,,,,,,,,,,,
27.524,-80.332,Tropical Atlantic,Estuarine,Syringodium,1981,,,,,,,,,,,1.8
27.524,-80.332,Tropical Atlantic,Estuarine,Syringodium,1981,,,,,,,,,,,1.76
27.524,-80.332,Tropical Atlantic,Estuarine,Syringodium,1981,,,,,,,,,,,1.82
27.524,-80.332,Tropical Atlantic,Estuarine,Syringodium,1981,,,,,,,,,,,1.8
27.524,-80.332,Tropical Atlantic,Estuarine,Syringodium,1982,,,,,,,,,,,1.86
27.55,-80.347,Tropical Atlantic,Estuarine,Thalassia,1996,,,256,616,,,,,,,2.8
21.458,-89.244,Tropical Atlantic,Coastal,Thalassia,1991,222,307,529,480,,,,,,,
21.458,-89.244,Tropical Atlantic,Coastal,Thalassia,1991,222,261,483,510,,,,,,,
21.458,-89.244,Tropical Atlantic,Coastal,Thalassia,1991,693,467,1160,1222,,,,,,,
40.03,15.276,Mediterranean,Coastal,Halophila,2007,,,,10500,,,,,,,
40.03,15.276,Mediterranean,Coastal,Halophila,2017,,,,6230,,,,,,,
9.291,79.129,Tropical Indo Pacific,Coastal,Cymodocea,2014,278,717,995,,,,,,,,
9.485,78.901,Tropical Indo Pacific,Coastal,Cymodocea,2014,259,830,1089,,,,,,,,
9.485,78.907,Tropical Indo Pacific,Estuarine,Thalassia,2016,,,610,,,,,,,,
9.485,78.907,Tropical Indo Pacific,Coastal,Thalassia,2016,,,2420,,,,,,,,
9.485,78.907,Tropical Indo Pacific,Estuarine,Thalassia,2016,,,425,,,,,,,,
9.485,78.907,Tropical Indo Pacific,Coastal,Thalassia,2016,,,2320,,,,,,,,
42.104,-8.876,Mediterranean,Estuarine,Zostera,2019,,,,182,48,,,,,,
42.104,-8.876,Mediterranean,Estuarine,Zostera,2019,,,,141,50,,,,,,
42.252,-8.738,Mediterranean,Estuarine,Zostera,2019,,,,214,54,,,,,,
42.252,-8.738,Mediterranean,Estuarine,Zostera,2019,,,,160,54,,,,,,
42.252,-8.738,Mediterranean,Estuarine,Zostera,2019,,,,390,70,,,,,,
42.252,-8.738,Mediterranean,Estuarine,Zostera,2019,,,,221,62,,,,,,
42.28,-8.825,Mediterranean,Estuarine,Zostera,2019,,,,198,28,,,,,,
42.28,-8.825,Mediterranean,Estuarine,Zostera,2019,,,,272,50,,,,,,
42.311,-8.649,Mediterranean,Estuarine,Zostera,2019,,,,211,80,,,,,,
42.311,-8.649,Mediterranean,Estuarine,Zostera,2019,,,,170,74,,,,,,
42.311,-8.649,Mediterranean,Estuarine,Zostera,2019,,,,205,60,,,,,,
42.311,-8.649,Mediterranean,Estuarine,Zostera,2019,,,,122,38,,,,,,
42.311,-8.649,Mediterranean,Estuarine,Zostera,2019,,,,160,36,,,,,,
42.567,-8.885,Mediterranean,Estuarine,Zostera,2019,,,,86,46,,,,,,
42.567,-8.885,Mediterranean,Estuarine,Zostera,2019,,,,134,42,,,,,,
42.567,-8.885,Mediterranean,Estuarine,Zostera,2019,,,,150,40,,,,,,
42.567,-8.885,Mediterranean,Estuarine,Zostera,2019,,,,349,80,,,,,,
42.567,-8.885,Mediterranean,Estuarine,Zostera,2019,,,,106,58,,,,,,
42.567,-8.885,Mediterranean,Estuarine,Zostera,2019,,,,173,66,,,,,,
43.125,-9.163,Mediterranean,Estuarine,Zostera,2019,,,,278,54,,,,,,
43.418,-8.18,Mediterranean,Estuarine,Zostera,2019,,,,202,68,,,,,,
43.418,-8.18,Mediterranean,Estuarine,Zostera,2019,,,,77,27,,,,,,
43.418,-8.18,Mediterranean,Estuarine,Zostera,2019,,,,96,48,,,,,,
43.418,-8.18,Mediterranean,Estuarine,Zostera,2019,,,,70,27,,,,,,
43.418,-8.18,Mediterranean,Estuarine,Zostera,2019,,,,83,32,,,,,,
43.418,-8.18,Mediterranean,Estuarine,Zostera,2019,,,,198,66,,,,,,
43.503,-8.163,Mediterranean,Estuarine,Zostera,2019,,,,173,68,,,,,,
43.503,-8.163,Mediterranean,Estuarine,Zostera,2019,,,,186,36,,,,,,
43.503,-8.163,Mediterranean,Estuarine,Zostera,2019,,,,166,47,,,,,,
43.503,-8.163,Mediterranean,Estuarine,Zostera,2019,,,,189,70,,,,,,
43.503,-8.163,Mediterranean,Estuarine,Zostera,2019,,,,90,54,,,,,,
43.517,-7.031,Mediterranean,Estuarine,Zostera,2019,,,,96,27,,,,,,
43.694,-7.442,Mediterranean,Coastal,Zostera,2019,,,,320,52,,,,,,
43.717,-7.836,Mediterranean,Estuarine,Zostera,2019,,,,192,42,,,,,,
43.717,-7.836,Mediterranean,Estuarine,Zostera,2019,,,,336,40,,,,,,
43.745,-7.681,Mediterranean,Estuarine,Zostera,2019,,,,122,50,,,,,,
42.223,3.096,Mediterranean,Estuarine,Ruppia,2003,,,439,,,,,,,,
42.223,3.096,Mediterranean,Estuarine,Ruppia,2003,,,137,,,,,,,,
-4.433,39.521,Tropical Indo Pacific,Coastal,Enhalus,2014,155.9,1669.2,1825.8,248,48,,,,,,
-4.433,39.521,Tropical Indo Pacific,Coastal,Syringodium,2014,300.8,1683.8,1984.7,4351,72,,,,,,
-4.433,39.521,Tropical Indo Pacific,Coastal,Thalassia,2014,202.1,1361.1,1563.1,996,69,,,,,,
-4.433,39.521,Tropical Indo Pacific,Coastal,Thalassodendron,2014,308.2,1096.6,1404.9,531,62,,,,,,
-33.084,151.588,Temperate Southern,Estuarine,Zostera,2006,,,358.33,,,,,,,,
-33.084,151.588,Temperate Southern,Estuarine,Zostera,2006,,,147.92,,,,,,,,
-33.084,151.588,Temperate Southern,Estuarine,Zostera,2006,,,157.29,,,,,,,,
-33.084,151.588,Temperate Southern,Estuarine,Zostera,2006,,,226.29,,,,,,,,
-33.084,151.588,Temperate Southern,Estuarine,Zostera,2006,,,304.96,,,,,,,,
-33.084,151.588,Temperate Southern,Estuarine,Zostera,2006,,,308.19,,,,,,,,
-33.084,151.588,Temperate Southern,Estuarine,Zostera,2006,,,138.22,,,,,,,,
-33.084,151.588,Temperate Southern,Estuarine,Zostera,2006,,,310.42,,,,,,,,
-33.084,151.588,Temperate Southern,Estuarine,Zostera,2006,,,304.76,,,,,,,,
-33.084,151.588,Temperate Southern,Estuarine,Zostera,2007,,,1336.5,,,,,,,,
-33.084,151.588,Temperate Southern,Estuarine,Zostera,2007,,,1607.25,,,,,,,,
-33.084,151.588,Temperate Southern,Estuarine,Zostera,2007,,,1293.63,,,,,,,,
-33.084,151.588,Temperate Southern,Estuarine,Zostera,2007,,,1283.25,,,,,,,,
-33.084,151.588,Temperate Southern,Estuarine,Zostera,2007,,,2238.13,,,,,,,,
-33.084,151.588,Temperate Southern,Estuarine,Zostera,2007,,,1809,,,,,,,,
-37.664,176.163,Temperate Southern,Estuarine,Zostera,2016,,,,,58,,,,,,
-37.664,176.163,Temperate Southern,Estuarine,Zostera,2016,,,,,72,,,,,,
-37.642,176.037,Temperate Southern,Estuarine,Zostera,2016,,,,,61,,,,,,
-37.642,176.037,Temperate Southern,Estuarine,Zostera,2016,,,,,69,,,,,,
-37.593,175.979,Temperate Southern,Estuarine,Zostera,2016,,,,,28,,,,,,
-37.593,175.979,Temperate Southern,Estuarine,Zostera,2016,,,,,65,,,,,,
-37.54,175.948,Temperate Southern,Estuarine,Zostera,2016,,,,,88,,,,,,
-37.54,175.948,Temperate Southern,Estuarine,Zostera,2016,,,,,100,,,,,,
-37.488,175.948,Temperate Southern,Estuarine,Zostera,2016,,,,,58,,,,,,
-37.488,175.948,Temperate Southern,Estuarine,Zostera,2016,,,,,72,,,,,,
-37.448,175.962,Temperate Southern,Estuarine,Zostera,2016,,,,,65,,,,,,
-37.448,175.962,Temperate Southern,Estuarine,Zostera,2016,,,,,70,,,,,,
-35.055,117.887,Temperate Southern,Coastal,Posidonia,1989,,,,1471.7,,3289.21,,,,,
-35.055,117.887,Temperate Southern,Coastal,Posidonia,1989,,,,1528.3,,1873.73,,,,,
-35.055,117.887,Temperate Southern,Coastal,Posidonia,1989,,,,1150.94,,1914.46,,,,,
-35.055,117.887,Temperate Southern,Coastal,Posidonia,1989,,,,1220.13,,2331.98,,,,,
-35.055,117.887,Temperate Southern,Coastal,Posidonia,1989,,,,1314.47,,1425.66,,,,,
-35.055,117.887,Temperate Southern,Coastal,Posidonia,1989,,,,1383.65,,2016.29,,,,,
-35.055,117.887,Temperate Southern,Coastal,Posidonia,1989,,,,1559.75,,2057.03,,,,,
-35.055,117.887,Temperate Southern,Coastal,Posidonia,1989,,,,1761.01,,3299.39,,,,,
-23.831,-45.443,Tropical Atlantic,Coastal,Halophila,2015,8,20,28,,,,,,,,
-23.829,-45.422,Tropical Atlantic,Coastal,Halophila,2015,30,40,70,,,,,,,,
-23.816,-45.403,Tropical Atlantic,Coastal,Halophila,2015,10,10,20,,,,,,,,
-23.831,-45.443,Tropical Atlantic,Coastal,Halophila,2018,60,95,155,,,,,,,,
-23.829,-45.422,Tropical Atlantic,Coastal,Halophila,2018,45,65,110,,,,,,,,
-23.816,-45.403,Tropical Atlantic,Coastal,Halophila,2018,25,65,90,,,,,,,,
10.052,79.266,Tropical Indo Pacific,Coastal,Cymodocea,2009,21.62,37.3,58.92,,,,,,,,
10.052,79.266,Tropical Indo Pacific,Coastal,Cymodocea,2009,39.46,51.35,90.81,,,,,,,,
10.052,79.266,Tropical Indo Pacific,Coastal,Halodule,2009,3.78,7.03,10.81,,,,,,,,
10.052,79.266,Tropical Indo Pacific,Coastal,Halodule,2009,26.49,29.19,55.68,,,,,,,,
10.304,79.393,Tropical Indo Pacific,Coastal,Halodule,2009,12.02,20.54,32.56,,,,,,,,
10.304,79.393,Tropical Indo Pacific,Coastal,Halodule,2009,29.07,31.4,60.47,,,,,,,,
10.304,79.393,Tropical Indo Pacific,Coastal,Halophila,2009,3.1,2.71,5.81,,,,,,,,
10.304,79.393,Tropical Indo Pacific,Coastal,Halophila,2009,6.2,4.26,10.47,,,,,,,,
10.052,79.266,Tropical Indo Pacific,Coastal,Syringodium,2009,16.76,27.03,43.78,,,,,,,,
10.052,79.266,Tropical Indo Pacific,Coastal,Syringodium,2009,55.68,65.95,121.62,,,,,,,,
10.052,79.266,Tropical Indo Pacific,Coastal,Cymodocea,2010,47.03,63.78,110.81,,,,,,,,
10.052,79.266,Tropical Indo Pacific,Coastal,Cymodocea,2010,30.81,44.32,75.14,,,,,,,,
10.052,79.266,Tropical Indo Pacific,Coastal,Cymodocea,2010,28.11,40,68.11,,,,,,,,
10.052,79.266,Tropical Indo Pacific,Coastal,Cymodocea,2010,36.22,46.49,82.7,,,,,,,,
10.052,79.266,Tropical Indo Pacific,Coastal,Halodule,2010,20,22.7,42.7,,,,,,,,
10.052,79.266,Tropical Indo Pacific,Coastal,Halodule,2010,15.68,17.84,33.51,,,,,,,,
10.052,79.266,Tropical Indo Pacific,Coastal,Halodule,2010,9.19,10.81,20,,,,,,,,
10.052,79.266,Tropical Indo Pacific,Coastal,Halodule,2010,18.92,20,38.92,,,,,,,,
10.304,79.393,Tropical Indo Pacific,Coastal,Halodule,2010,41.09,44.57,85.66,,,,,,,,
10.304,79.393,Tropical Indo Pacific,Coastal,Halodule,2010,9.69,12.02,21.71,,,,,,,,
10.304,79.393,Tropical Indo Pacific,Coastal,Halodule,2010,20.93,24.42,45.35,,,,,,,,
10.304,79.393,Tropical Indo Pacific,Coastal,Halodule,2010,24.81,28.3,53.1,,,,,,,,
10.304,79.393,Tropical Indo Pacific,Coastal,Halophila,2010,9.69,7.36,17.05,,,,,,,,
10.304,79.393,Tropical Indo Pacific,Coastal,Halophila,2010,5.81,4.26,10.08,,,,,,,,
10.304,79.393,Tropical Indo Pacific,Coastal,Halophila,2010,5.81,3.49,9.3,,,,,,,,
10.304,79.393,Tropical Indo Pacific,Coastal,Halophila,2010,8.14,6.2,14.34,,,,,,,,
10.052,79.266,Tropical Indo Pacific,Coastal,Syringodium,2010,63.24,65.41,128.65,,,,,,,,
10.052,79.266,Tropical Indo Pacific,Coastal,Syringodium,2010,14.05,23.24,37.3,,,,,,,,
10.052,79.266,Tropical Indo Pacific,Coastal,Syringodium,2010,29.73,35.14,64.87,,,,,,,,
10.052,79.266,Tropical Indo Pacific,Coastal,Syringodium,2010,42.7,56.22,98.92,,,,,,,,
9.47,78.901,Tropical Indo Pacific,Coastal,Cymodocea,2009,20.48,,,81.2,,,,,,,
9.47,78.901,Tropical Indo Pacific,Coastal,Cymodocea,2009,50.12,,,365.41,,,,,,,
9.738,79.029,Tropical Indo Pacific,Coastal,Cymodocea,2009,24.25,,,117.29,,,,,,,
9.738,79.029,Tropical Indo Pacific,Coastal,Cymodocea,2009,30.18,,,193.99,,,,,,,
9.47,78.901,Tropical Indo Pacific,Coastal,Syringodium,2009,15.18,,,81.2,,,,,,,
9.47,78.901,Tropical Indo Pacific,Coastal,Syringodium,2009,62.34,,,536.84,,,,,,,
9.738,79.029,Tropical Indo Pacific,Coastal,Syringodium,2009,21.02,,,103.76,,,,,,,
9.738,79.029,Tropical Indo Pacific,Coastal,Syringodium,2009,49.76,,,387.97,,,,,,,
9.47,78.901,Tropical Indo Pacific,Coastal,Cymodocea,2010,60.9,,,446.62,,,,,,,
9.47,78.901,Tropical Indo Pacific,Coastal,Cymodocea,2010,32.34,,,157.9,,,,,,,
9.47,78.901,Tropical Indo Pacific,Coastal,Cymodocea,2010,25.33,,,117.29,,,,,,,
9.47,78.901,Tropical Indo Pacific,Coastal,Cymodocea,2010,39.88,,,387.97,,,,,,,
9.738,79.029,Tropical Indo Pacific,Coastal,Cymodocea,2010,43.65,,,261.65,,,,,,,
9.738,79.029,Tropical Indo Pacific,Coastal,Cymodocea,2010,29.1,,,139.85,,,,,,,
9.738,79.029,Tropical Indo Pacific,Coastal,Cymodocea,2010,25.87,,,121.81,,,,,,,
9.738,79.029,Tropical Indo Pacific,Coastal,Cymodocea,2010,38.8,,,257.14,,,,,,,
9.47,78.901,Tropical Indo Pacific,Coastal,Syringodium,2010,55.15,,,428.57,,,,,,,
9.47,78.901,Tropical Indo Pacific,Coastal,Syringodium,2010,34.49,,,212.03,,,,,,,
9.47,78.901,Tropical Indo Pacific,Coastal,Syringodium,2010,28.2,,,94.74,,,,,,,
9.47,78.901,Tropical Indo Pacific,Coastal,Syringodium,2010,45.72,,,424.06,,,,,,,
9.738,79.029,Tropical Indo Pacific,Coastal,Syringodium,2010,34.94,,,239.1,,,,,,,
9.738,79.029,Tropical Indo Pacific,Coastal,Syringodium,2010,29.55,,,180.45,,,,,,,
9.738,79.029,Tropical Indo Pacific,Coastal,Syringodium,2010,25.06,,,117.29,,,,,,,
9.738,79.029,Tropical Indo Pacific,Coastal,Syringodium,2010,38.98,,,351.88,,,,,,,
9.47,78.901,Tropical Indo Pacific,Coastal,Cymodocea,2011,39.34,,,311.28,,,,,,,
9.47,78.901,Tropical Indo Pacific,Coastal,Cymodocea,2011,31.26,,,193.99,,,,,,,
9.47,78.901,Tropical Indo Pacific,Coastal,Cymodocea,2011,29.1,,,148.87,,,,,,,
9.47,78.901,Tropical Indo Pacific,Coastal,Cymodocea,2011,34.49,,,230.08,,,,,,,
9.738,79.029,Tropical Indo Pacific,Coastal,Cymodocea,2011,40.96,,,252.63,,,,,,,
9.738,79.029,Tropical Indo Pacific,Coastal,Cymodocea,2011,29.64,,,153.38,,,,,,,
9.738,79.029,Tropical Indo Pacific,Coastal,Cymodocea,2011,29.1,,,126.32,,,,,,,
9.738,79.029,Tropical Indo Pacific,Coastal,Cymodocea,2011,44.73,,,279.7,,,,,,,
9.47,78.901,Tropical Indo Pacific,Coastal,Syringodium,2011,51.11,,,378.95,,,,,,,
9.47,78.901,Tropical Indo Pacific,Coastal,Syringodium,2011,35.84,,,270.68,,,,,,,
9.47,78.901,Tropical Indo Pacific,Coastal,Syringodium,2011,34.94,,,252.63,,,,,,,
9.47,78.901,Tropical Indo Pacific,Coastal,Syringodium,2011,45.72,,,433.08,,,,,,,
9.738,79.029,Tropical Indo Pacific,Coastal,Syringodium,2011,40.33,,,347.37,,,,,,,
9.738,79.029,Tropical Indo Pacific,Coastal,Syringodium,2011,38.53,,,302.26,,,,,,,
9.738,79.029,Tropical Indo Pacific,Coastal,Syringodium,2011,32.7,,,248.12,,,,,,,
9.738,79.029,Tropical Indo Pacific,Coastal,Syringodium,2011,51.11,,,392.48,,,,,,,
17.958,-76.814,Tropical Atlantic,Estuarine,Thalassia,1972,,,,,,,,,6,,
37.766,118.97,Temperate North Pacific,Estuarine,Ruppia,2017,6.37,,,1299.55,,,,,,,
37.766,118.97,Temperate North Pacific,Estuarine,Ruppia,2017,6.88,,,1169.6,,,,,,,
37.766,118.97,Temperate North Pacific,Estuarine,Ruppia,2017,206.21,,,16175.62,,,,,,,
37.766,118.97,Temperate North Pacific,Estuarine,Ruppia,2017,282.75,,,3812.82,,,,,,,
37.766,118.97,Temperate North Pacific,Estuarine,Ruppia,2017,113.44,,,,,,,,,,
37.766,118.97,Temperate North Pacific,Estuarine,Ruppia,2018,5.73,,,1360.86,,,,,,,
44.21,8.42,Mediterranean,Coastal,Posidonia,1995,340.4,,,433,,,,,,,
44.385,9.012,Mediterranean,Coastal,Posidonia,1995,487.1,,,460,,,,,,,
44.337,9.227,Mediterranean,Coastal,Posidonia,1995,739.7,,,513,,,,,,,
44.21,8.42,Mediterranean,Coastal,Posidonia,2000,,,,340,90,,,,,,
44.385,9.012,Mediterranean,Coastal,Posidonia,2000,,,,400,100,,,,,,
45.672,13.385,Mediterranean,Coastal,Cymodocea,1997,28.11,242.78,270.89,,,,,,,,
45.672,13.385,Mediterranean,Coastal,Cymodocea,1997,46.26,212.91,259.17,,,,,,,,
45.672,13.385,Mediterranean,Coastal,Cymodocea,1997,158.72,539.5,698.22,,,,,,,,
45.672,13.385,Mediterranean,Coastal,Cymodocea,1997,68.33,344.89,413.22,,,,,,,,
40.149,18.491,Mediterranean,Coastal,Posidonia,1997,295.66,1025.36,1321.02,,,,,,,,
40.149,18.491,Mediterranean,Coastal,Posidonia,1997,434,1699.28,2133.27,,,,,,,,
40.149,18.491,Mediterranean,Coastal,Posidonia,1997,499.1,1793.48,2292.57,,,,,,,,
40.149,18.491,Mediterranean,Coastal,Posidonia,1997,353.53,1641.3,1994.83,,,,,,,,
45.672,13.385,Mediterranean,Coastal,Zostera,1997,68.98,144.09,213.08,,,,,,,,
45.672,13.385,Mediterranean,Coastal,Zostera,1997,179.14,231.67,410.81,,,,,,,,
45.672,13.385,Mediterranean,Coastal,Zostera,1997,213.9,288.7,502.6,,,,,,,,
45.672,13.385,Mediterranean,Coastal,Zostera,1997,32.62,102.34,134.96,,,,,,,,
24.55,-81.75,Tropical Atlantic,Coastal,Thalassia,1984,,,63.9,694.7,,,,,,,
24.55,-81.75,Tropical Atlantic,Coastal,Halodule,1984,,,3.8,267.5,,,,,,,
24.55,-81.75,Tropical Atlantic,Coastal,Syringodium,1984,,,4.1,83.3,,,,,,,
24.55,-81.75,Tropical Atlantic,Coastal,Halodule,1994,,,,129,,,,,,,
24.55,-81.75,Tropical Atlantic,Coastal,Halodule,1994,,,,20,,,,,,,
24.55,-81.75,Tropical Atlantic,Coastal,Halodule,1994,,,,7,,,,,,,
24.55,-81.75,Tropical Atlantic,Coastal,Halodule,1994,,,,54,,,,,,,
24.55,-81.75,Tropical Atlantic,Coastal,Thalassia,1994,,,17,201,,,,,,,
24.55,-81.75,Tropical Atlantic,Coastal,Thalassia,1994,,,11,226,,,,,,,
24.55,-81.75,Tropical Atlantic,Coastal,Thalassia,1994,,,38,598,,,,,,,
24.55,-81.75,Tropical Atlantic,Coastal,Thalassia,1994,,,46,419,,,,,,,
24.55,-81.75,Tropical Atlantic,Coastal,Thalassia,1994,,,62,842,,,,,,,
24.55,-81.75,Tropical Atlantic,Coastal,Thalassia,1994,,,59,556,,,,,,,
24.55,-81.75,Tropical Atlantic,Coastal,Thalassia,1994,,,46,539.4,,,,,,,
24.55,-81.75,Tropical Atlantic,Coastal,Halodule,1994,,,0.3,22.5,,,,,,,
24.55,-81.75,Tropical Atlantic,Coastal,Syringodium,1994,,,0.5,5.6,,,,,,,
25.06,-81.56,Tropical Atlantic,Coastal,Halophila,1999,,,2.64,,,,,,0.057,,
25.13,-81.74,Tropical Atlantic,Coastal,Halophila,1999,,,1.9,,,,,,0.119,,
25.08,-81.92,Tropical Atlantic,Coastal,Halophila,1999,,,0.4,,,,,,0.028,,
25.06,-81.56,Tropical Atlantic,Coastal,Halophila,1999,,,0.5,,,,,,,,
25.13,-81.74,Tropical Atlantic,Coastal,Halophila,1999,,,1.1,,,,,,,,
25.08,-81.92,Tropical Atlantic,Coastal,Halophila,1999,,,0.3,,,,,,,,
25.06,-81.56,Tropical Atlantic,Coastal,Halophila,1999,,,0.4,,,,,,,,
25.13,-81.74,Tropical Atlantic,Coastal,Halophila,1999,,,0.2,,,,,,,,
25.08,-81.92,Tropical Atlantic,Coastal,Halophila,1999,,,0,,,,,,,,
25.06,-81.56,Tropical Atlantic,Coastal,Halophila,2000,,,1.1,,,,,,,,
25.13,-81.74,Tropical Atlantic,Coastal,Halophila,2000,,,2,,,,,,,,
25.08,-81.92,Tropical Atlantic,Coastal,Halophila,2000,,,0.03,,,,,,,,
-34.126,24.797,Temperate Southern,Estuarine,Zostera,1979,60.8,,178,,,,,,,,
-34.126,24.797,Temperate Southern,Estuarine,Zostera,1979,701.56,,167,,,,,,,,
-34.126,24.797,Temperate Southern,Estuarine,Zostera,1979,91,,284,,,,,,,,
-34.126,24.797,Temperate Southern,Estuarine,Zostera,1979,34.71,,69,,,,,,,,
-34.126,24.797,Temperate Southern,Estuarine,Zostera,1979,89.16,,149,,,,,,,,
-34.126,24.797,Temperate Southern,Estuarine,Zostera,1979,56.11,,121,,,,,,,,
-34.126,24.797,Temperate Southern,Estuarine,Zostera,1979,144.56,,280,,,,,,,,
-34.126,24.797,Temperate Southern,Estuarine,Zostera,1979,145.53,,279,,,,,,,,
-34.126,24.797,Temperate Southern,Estuarine,Zostera,1979,125.13,,222,,,,,,,,
-34.126,24.797,Temperate Southern,Estuarine,Zostera,1979,120.67,,218,,,,,,,,
-34.126,24.797,Temperate Southern,Estuarine,Zostera,1980,34.33,,103,,,,,,,,
-34.126,24.797,Temperate Southern,Estuarine,Zostera,1980,32.29,,74,,,,,,,,
-34.126,24.797,Temperate Southern,Estuarine,Zostera,1980,56.5,,174,,,,,,,,
-34.126,24.797,Temperate Southern,Estuarine,Zostera,1980,34.79,,74,,,,,,,,
-34.126,24.797,Temperate Southern,Estuarine,Zostera,1980,21.69,,35,,,,,,,,
-34.126,24.797,Temperate Southern,Estuarine,Zostera,1980,56.11,,91,,,,,,,,
-34.126,24.797,Temperate Southern,Estuarine,Zostera,1980,55.95,,97,,,,,,,,
-34.126,24.797,Temperate Southern,Estuarine,Zostera,1980,80.63,,134,,,,,,,,
-34.126,24.797,Temperate Southern,Estuarine,Zostera,1980,51.67,,103,,,,,,,,
-34.126,24.797,Temperate Southern,Estuarine,Zostera,1980,69.78,,140,,,,,,,,
16.323,107.85,Tropical Indo Pacific,Estuarine,Halophila,2015,,,20.52,,15,,,,,,
16.323,107.85,Tropical Indo Pacific,Estuarine,Halophila,2015,,,9.2,,6,,,,,,
16.323,107.85,Tropical Indo Pacific,Estuarine,Halophila,2015,,,9.04,,8,,,,,,
16.323,107.85,Tropical Indo Pacific,Estuarine,Halophila,2015,,,20.59,,16,,,,,,
16.323,107.85,Tropical Indo Pacific,Estuarine,Halophila,2015,,,1.31,,1,,,,,,
16.323,107.85,Tropical Indo Pacific,Estuarine,Halophila,2015,,,0.58,,,,,,,,
16.323,107.85,Tropical Indo Pacific,Estuarine,Halophila,2015,,,2.05,,2,,,,,,
16.323,107.85,Tropical Indo Pacific,Estuarine,Halophila,2015,,,2.37,,2,,,,,,
16.323,107.85,Tropical Indo Pacific,Estuarine,Zostera,2015,,,5.46,,1,,,,,,
16.323,107.85,Tropical Indo Pacific,Estuarine,Zostera,2015,,,2.82,,1,,,,,,
16.323,107.85,Tropical Indo Pacific,Estuarine,Zostera,2015,,,0.72,,,,,,,,
16.323,107.85,Tropical Indo Pacific,Estuarine,Zostera,2015,,,6.95,,1,,,,,,
16.323,107.85,Tropical Indo Pacific,Estuarine,Halodule,2015,,,7.99,,4,,,,,,
16.323,107.85,Tropical Indo Pacific,Estuarine,Halodule,2015,,,3.21,,1,,,,,,
16.323,107.85,Tropical Indo Pacific,Estuarine,Halodule,2015,,,4.66,,2,,,,,,
16.323,107.85,Tropical Indo Pacific,Estuarine,Halodule,2015,,,2.3,,1,,,,,,
16.323,107.85,Tropical Indo Pacific,Estuarine,Halodule,2015,,,12.98,,5,,,,,,
16.323,107.85,Tropical Indo Pacific,Estuarine,Halodule,2015,,,7.66,,3,,,,,,
16.323,107.85,Tropical Indo Pacific,Estuarine,Halodule,2015,,,8.58,,4,,,,,,
16.323,107.85,Tropical Indo Pacific,Estuarine,Halodule,2015,,,5.92,,3,,,,,,
37.254,-75.837,Temperate North Atlantic,Estuarine,Zostera,2010,,,,560,,,,,,,
37.254,-75.837,Temperate North Atlantic,Estuarine,Zostera,2010,,,,350,,,,,,,
37.254,-75.837,Temperate North Atlantic,Estuarine,Zostera,2011,,,,310,,,,,,,
37.254,-75.837,Temperate North Atlantic,Estuarine,Zostera,2011,,,,350,,,,,,,
37.254,-75.837,Temperate North Atlantic,Estuarine,Zostera,2011,,,,440,,,,,,,
37.228,-76.427,Temperate North Atlantic,Coastal,Zostera,1999,,,,434.38,,,,,,,
37.228,-76.427,Temperate North Atlantic,Coastal,Zostera,1999,,,,417.32,,,,,,,
37.228,-76.427,Temperate North Atlantic,Coastal,Zostera,1999,,,,250.66,,,,,,,
37.015,-76.34,Temperate North Atlantic,Coastal,Zostera,1999,,,,1308.4,,,,,,,
37.015,-76.34,Temperate North Atlantic,Coastal,Zostera,1999,,,,867.45,,,,,,,
37.015,-76.34,Temperate North Atlantic,Coastal,Zostera,1999,,,,661.42,,,,,,,
43.048,144.828,Temperate North Pacific,Estuarine,Zostera,2002,194,53,247,,,,,,,,
43.048,144.828,Temperate North Pacific,Estuarine,Zostera,2002,237,47,284,,,,,,,,
43.048,144.828,Temperate North Pacific,Estuarine,Zostera,2002,226,71,297,,,,,,,,
43.048,144.828,Temperate North Pacific,Estuarine,Zostera,2002,150,61,211,,,,,,,,
43.048,144.828,Temperate North Pacific,Estuarine,Zostera,2002,91,53,144,,,,,,,,
43.048,144.828,Temperate North Pacific,Estuarine,Zostera,2002,72,33,105,,,,,,,,
43.048,144.828,Temperate North Pacific,Estuarine,Zostera,2003,17,30,47,,,,,,,,
43.048,144.828,Temperate North Pacific,Estuarine,Zostera,2003,53,28,81,,,,,,,,
43.048,144.828,Temperate North Pacific,Estuarine,Zostera,2003,213,64,277,,,,,,,,
43.048,144.828,Temperate North Pacific,Estuarine,Zostera,2004,28,15,43,,,,,,,,
43.048,144.828,Temperate North Pacific,Estuarine,Zostera,2004,241,35,276,,,,,,,,
43.048,144.828,Temperate North Pacific,Estuarine,Zostera,2004,201,47,248,,,,,,,,
43.048,144.828,Temperate North Pacific,Estuarine,Zostera,2004,126,56,182,,,,,,,,
43.048,144.828,Temperate North Pacific,Estuarine,Zostera,2004,167,63,230,,,,,,,,
43.048,144.828,Temperate North Pacific,Estuarine,Zostera,2004,141,47,188,,,,,,,,
43.048,144.828,Temperate North Pacific,Estuarine,Zostera,2004,136,90,226,,,,,,,,
43.048,144.828,Temperate North Pacific,Estuarine,Zostera,2004,135,77,212,,,,,,,,
43.048,144.828,Temperate North Pacific,Estuarine,Zostera,2004,75,39,114,,,,,,,,
43.048,144.828,Temperate North Pacific,Estuarine,Zostera,2004,101,42,143,,,,,,,,
41.554,-70.508,Tropical Atlantic,Estuarine,Zostera,1997,1,76.16,77.16,111.77,,,,,,,
41.554,-70.508,Tropical Atlantic,Estuarine,Zostera,1997,4.15,56.23,60.38,149.58,,,,,,,
41.554,-70.508,Tropical Atlantic,Estuarine,Zostera,1997,14.94,71.89,86.82,234.45,,,,,,,
41.554,-70.508,Tropical Atlantic,Estuarine,Zostera,1997,29.05,65.48,94.53,288.24,,,,,,,
41.554,-70.508,Tropical Atlantic,Estuarine,Zostera,1997,168.47,72.6,241.06,331.09,,,,,,,
41.554,-70.508,Tropical Atlantic,Estuarine,Zostera,1997,170.13,57.65,227.78,426.89,,,,,,,
41.553,-70.54,Tropical Atlantic,Estuarine,Zostera,1997,,,,88.24,,,,,,,
41.553,-70.54,Tropical Atlantic,Estuarine,Zostera,1997,,,,36.98,,,,,,,
41.553,-70.54,Tropical Atlantic,Estuarine,Zostera,1997,,,,132.77,,,,,,,
41.553,-70.54,Tropical Atlantic,Estuarine,Zostera,1997,,,,152.1,,,,,,,
41.553,-70.54,Tropical Atlantic,Estuarine,Zostera,1997,,,,290.76,,,,,,,
41.553,-70.54,Tropical Atlantic,Estuarine,Zostera,1997,,,,277.31,,,,,,,
41.566,-70.499,Tropical Atlantic,Estuarine,Zostera,1997,,,,97.48,,,,,,,
41.566,-70.499,Tropical Atlantic,Estuarine,Zostera,1997,,,,147.06,,,,,,,
41.566,-70.499,Tropical Atlantic,Estuarine,Zostera,1997,,,,248.74,,,,,,,
41.566,-70.499,Tropical Atlantic,Estuarine,Zostera,1997,,,,213.45,,,,,,,
41.566,-70.499,Tropical Atlantic,Estuarine,Zostera,1997,,,,277.31,,,,,,,
41.566,-70.499,Tropical Atlantic,Estuarine,Zostera,1997,,,,212.61,,,,,,,
41.576,-70.505,Tropical Atlantic,Estuarine,Zostera,1997,,,,62.19,,,,,,,
41.576,-70.505,Tropical Atlantic,Estuarine,Zostera,1997,,,,72.27,,,,,,,
41.576,-70.505,Tropical Atlantic,Estuarine,Zostera,1997,,,,55.46,,,,,,,
41.576,-70.505,Tropical Atlantic,Estuarine,Zostera,1997,,,,75.63,,,,,,,
41.576,-70.505,Tropical Atlantic,Estuarine,Zostera,1997,,,,26.05,,,,,,,
41.576,-70.505,Tropical Atlantic,Estuarine,Zostera,1997,,,,62.19,,,,,,,
41.554,-70.508,Tropical Atlantic,Estuarine,Zostera,1998,95.44,104.63,200.06,313.45,,,,,,,
41.554,-70.508,Tropical Atlantic,Estuarine,Zostera,1998,170.13,161.57,331.69,377.31,,,,,,,
41.554,-70.508,Tropical Atlantic,Estuarine,Zostera,1998,84.65,49.82,134.47,289.92,,,,,,,
41.554,-70.508,Tropical Atlantic,Estuarine,Zostera,1998,75.52,77.58,153.1,307.56,,,,,,,
41.554,-70.508,Tropical Atlantic,Estuarine,Zostera,1998,31.54,47.69,79.22,221.85,,,,,,,
41.554,-70.508,Tropical Atlantic,Estuarine,Zostera,1998,16.6,50.53,67.13,171.43,,,,,,,
41.553,-70.54,Tropical Atlantic,Estuarine,Zostera,1998,,,,294.96,,,,,,,
41.553,-70.54,Tropical Atlantic,Estuarine,Zostera,1998,,,,278.15,,,,,,,
41.553,-70.54,Tropical Atlantic,Estuarine,Zostera,1998,,,,213.45,,,,,,,
41.553,-70.54,Tropical Atlantic,Estuarine,Zostera,1998,,,,237.82,,,,,,,
41.553,-70.54,Tropical Atlantic,Estuarine,Zostera,1998,,,,192.44,,,,,,,
41.553,-70.54,Tropical Atlantic,Estuarine,Zostera,1998,,,,134.45,,,,,,,
41.566,-70.499,Tropical Atlantic,Estuarine,Zostera,1998,,,,138.66,,,,,,,
41.566,-70.499,Tropical Atlantic,Estuarine,Zostera,1998,,,,70.59,,,,,,,
41.566,-70.499,Tropical Atlantic,Estuarine,Zostera,1998,,,,68.07,,,,,,,
41.566,-70.499,Tropical Atlantic,Estuarine,Zostera,1998,,,,70.59,,,,,,,
41.566,-70.499,Tropical Atlantic,Estuarine,Zostera,1998,,,,50.42,,,,,,,
41.576,-70.505,Tropical Atlantic,Estuarine,Zostera,1998,,,,46.22,,,,,,,
41.576,-70.505,Tropical Atlantic,Estuarine,Zostera,1998,,,,78.99,,,,,,,
41.576,-70.505,Tropical Atlantic,Estuarine,Zostera,1998,,,,41.18,,,,,,,
41.576,-70.505,Tropical Atlantic,Estuarine,Zostera,1998,,,,52.94,,,,,,,
41.576,-70.505,Tropical Atlantic,Estuarine,Zostera,1998,,,,31.93,,,,,,,
43.346,-124.302,Temperate North Pacific,Estuarine,Zostera,2015,1328,,,,,,,,,,
43.346,-124.302,Temperate North Pacific,Estuarine,Zostera,2015,163.2,,,,,,,,,,
43.346,-124.302,Temperate North Pacific,Estuarine,Zostera,2015,153.6,,,,,,,,,,
43.346,-124.302,Temperate North Pacific,Estuarine,Zostera,2015,65.6,,,,,,,,,,
43.36,-124.31,Temperate North Pacific,Estuarine,Zostera,2015,,,,113.6,,,,,,,
43.36,-124.31,Temperate North Pacific,Estuarine,Zostera,2015,,,,123.2,,,,,,,
43.362,-124.31,Temperate North Pacific,Estuarine,Zostera,2015,,,,148.8,,,,,,,
43.362,-124.31,Temperate North Pacific,Estuarine,Zostera,2015,,,,65.6,,,,,,,
44.613,-124.014,Temperate North Pacific,Estuarine,Zostera,2015,128,,,,,,,,,,
44.613,-124.014,Temperate North Pacific,Estuarine,Zostera,2015,132,,,,,,,,,,
44.617,-124.029,Temperate North Pacific,Estuarine,Zostera,2015,68.8,,,,,,,,,,
44.617,-124.029,Temperate North Pacific,Estuarine,Zostera,2015,168,,,,,,,,,,
44.62,-124.032,Temperate North Pacific,Estuarine,Zostera,2015,,,,98.56,,,,,,,
44.62,-124.032,Temperate North Pacific,Estuarine,Zostera,2015,,,,105.6,,,,,,,
44.62,-124.032,Temperate North Pacific,Estuarine,Zostera,2015,,,,83.2,,,,,,,
44.62,-124.032,Temperate North Pacific,Estuarine,Zostera,2015,,,,123.6,,,,,,,
45.412,-123.938,Temperate North Pacific,Estuarine,Zostera,2015,276.8,,,,,,,,,,
45.412,-123.938,Temperate North Pacific,Estuarine,Zostera,2015,304,,,,,,,,,,
45.417,-123.936,Temperate North Pacific,Estuarine,Zostera,2015,368,,,,,,,,,,
45.417,-123.936,Temperate North Pacific,Estuarine,Zostera,2015,166,,,,,,,,,,
45.421,-123.938,Temperate North Pacific,Estuarine,Zostera,2015,,,,331.2,,,,,,,
45.421,-123.938,Temperate North Pacific,Estuarine,Zostera,2015,,,,382.4,,,,,,,
45.421,-123.938,Temperate North Pacific,Estuarine,Zostera,2015,,,,342.4,,,,,,,
45.421,-123.938,Temperate North Pacific,Estuarine,Zostera,2015,,,,299.2,,,,,,,
19.697,-80.057,Tropical Atlantic,Coastal,Thalassia,2016,,,,874.7,,,,,,,
19.712,-79.985,Tropical Atlantic,Coastal,Thalassia,2016,,,,701.9,,,,,,,
19.697,-80.057,Tropical Atlantic,Coastal,Syringodium,2016,,,,376.2,,,,,,,
19.712,-79.985,Tropical Atlantic,Coastal,Syringodium,2016,,,,202.2,,,,,,,
19.697,-80.057,Tropical Atlantic,Coastal,Halodule,2016,,,,148.1,,,,,,,
19.712,-79.985,Tropical Atlantic,Coastal,Halodule,2016,,,,55.7,,,,,,,
29.777,-85.351,Tropical Atlantic,Coastal,Thalassia,1990,108.7,134,242.7,,,,,,,,
29.777,-85.351,Tropical Atlantic,Coastal,Thalassia,1991,102.9,254.4,357.3,,,,,,,,
29.777,-85.351,Tropical Atlantic,Coastal,Thalassia,1991,23.3,386.4,409.7,,,,,,,,
29.777,-85.351,Tropical Atlantic,Coastal,Thalassia,1991,159.2,213.6,372.8,,,,,,,,
29.777,-85.351,Tropical Atlantic,Coastal,Thalassia,1991,130,108.7,238.7,,,,,,,,
29.777,-85.351,Tropical Atlantic,Coastal,Thalassia,1991,405.8,287.4,693.2,,,,,,,,
-4.439,39.508,Tropical Indo Pacific,Estuarine,Thalassodendron,1992,,,,,,,,,,0.004,
-4.439,39.508,Tropical Indo Pacific,Estuarine,Thalassodendron,1992,,,,,,,,,,0.008,
-4.439,39.508,Tropical Indo Pacific,Estuarine,Thalassodendron,1992,,,,,,,,,,0.01,
25.9,-80.933,Tropical Atlantic,Coastal,Thalassia,2007,148,,,221,,,,,,,
25.017,-80.667,Tropical Atlantic,Coastal,Thalassia,2007,104,,,295,,,,,,,
25.167,-80.483,Tropical Atlantic,Coastal,Thalassia,2007,165,,,612,,,,,,,
25.183,-80.633,Tropical Atlantic,Coastal,Thalassia,2007,134,,,525,,,,,,,
25.2,-80.533,Tropical Atlantic,Coastal,Thalassia,2007,158,,,470,,,,,,,
43.351,-124.33,Temperate North Pacific,Estuarine,Zostera,2006,90,,,,,,,,,,
44.615,-124.029,Temperate North Pacific,Estuarine,Zostera,2006,91.6,,,,,,,,,,
45.418,-123.938,Temperate North Pacific,Estuarine,Zostera,2006,234.8,,,,,,,,,,
46.676,-123.92,Temperate North Pacific,Estuarine,Zostera,2006,122,,,,,,,,,,
43.351,-124.33,Temperate North Pacific,Estuarine,Zostera,2007,68.8,,,,,,,,,,
44.615,-124.029,Temperate North Pacific,Estuarine,Zostera,2007,86.8,,,,,,,,,,
46.676,-123.92,Temperate North Pacific,Estuarine,Zostera,2007,185.6,,,,,,,,,,
43.351,-124.33,Temperate North Pacific,Estuarine,Zostera,2008,60.4,,,,,,,,,,
44.615,-124.029,Temperate North Pacific,Estuarine,Zostera,2008,67.2,,,,,,,,,,
45.418,-123.938,Temperate North Pacific,Estuarine,Zostera,2008,213.2,,,,,,,,,,
46.676,-123.92,Temperate North Pacific,Estuarine,Zostera,2008,94.4,,,,,,,,,,
43.351,-124.33,Temperate North Pacific,Estuarine,Zostera,2009,34,,,,,,,,,,
44.615,-124.029,Temperate North Pacific,Estuarine,Zostera,2009,51.6,,,,,,,,,,
46.676,-123.92,Temperate North Pacific,Estuarine,Zostera,2009,142.8,,,,,,,,,,
43.351,-124.33,Temperate North Pacific,Estuarine,Zostera,2010,54.8,,,,,,,,,,
44.615,-124.029,Temperate North Pacific,Estuarine,Zostera,2010,62.8,,,,,,,,,,
45.418,-123.938,Temperate North Pacific,Estuarine,Zostera,2010,160.4,,,,,,,,,,
46.676,-123.92,Temperate North Pacific,Estuarine,Zostera,2010,82.8,,,,,,,,,,
29.801717,-85.344019,Tropical Atlantic,Coastal,Thalassia,2006,,,,1472,,,,,,,
29.801717,-85.344019,Tropical Atlantic,Coastal,Thalassia,2006,,,,911,,,,,,,
29.801717,-85.344019,Tropical Atlantic,Coastal,Thalassia,2006,,,,504,,,,,,,
29.801717,-85.344019,Tropical Atlantic,Coastal,Thalassia,2006,,,,1125,,,,,,,
29.801717,-85.344019,Tropical Atlantic,Coastal,Thalassia,2006,,,,579,,,,,,,
29.801717,-85.344019,Tropical Atlantic,Coastal,Thalassia,2006,,,,5554,,,,,,,
-31.994,115.834,Temperate Southern,Estuarine,Halophila,1981,55.28,39.78,95.06,,,,,,,,
-31.994,115.834,Temperate Southern,Estuarine,Halophila,1981,59.33,41.12,100.45,,,,,,,,
-31.994,115.834,Temperate Southern,Estuarine,Halophila,1981,60.67,39.78,100.45,,,,,,,,
-31.994,115.834,Temperate Southern,Estuarine,Halophila,1981,54.61,26.29,80.9,,,,,,,,
-31.994,115.834,Temperate Southern,Estuarine,Halophila,1981,28.32,12.14,40.45,,,,,,,,
-31.994,115.834,Temperate Southern,Estuarine,Halophila,1981,16.18,12.14,28.32,,,,,,,,
-31.994,115.834,Temperate Southern,Estuarine,Halophila,1981,23.6,19.55,43.15,,,,,,,,
-31.994,115.834,Temperate Southern,Estuarine,Halophila,1981,31.69,14.16,45.84,,,,,,,,
-31.994,115.834,Temperate Southern,Estuarine,Halophila,1981,13.48,4.05,17.53,,,,,,,,
-31.994,115.834,Temperate Southern,Estuarine,Halophila,1981,11.46,4.72,16.18,,,,,,,,
-31.994,115.834,Temperate Southern,Estuarine,Halophila,1981,24.94,14.16,39.1,,,,,,,,
-31.994,115.834,Temperate Southern,Estuarine,Halophila,1981,63.6,44.4,108,,,,,,,,
-31.994,115.834,Temperate Southern,Estuarine,Halophila,1981,74.4,55.2,129.6,,,,,,,,
-31.994,115.834,Temperate Southern,Estuarine,Halophila,1981,82.8,56.4,139.2,,,,,,,,
-31.994,115.834,Temperate Southern,Estuarine,Halophila,1981,70.8,42,112.8,,,,,,,,
-31.994,115.834,Temperate Southern,Estuarine,Halophila,1981,49.2,28.8,78,,,,,,,,
-31.994,115.834,Temperate Southern,Estuarine,Halophila,1981,40.8,31.2,72,,,,,,,,
-31.994,115.834,Temperate Southern,Estuarine,Halophila,1981,32.4,37.2,69.6,,,,,,,,
-31.994,115.834,Temperate Southern,Estuarine,Halophila,1981,18,22.8,40.8,,,,,,,,
-31.994,115.834,Temperate Southern,Estuarine,Halophila,1981,8.4,7,15.4,,,,,,,,
-31.994,115.834,Temperate Southern,Estuarine,Halophila,1981,18,21.6,39.6,,,,,,,,
-31.994,115.834,Temperate Southern,Estuarine,Halophila,1981,129.41,80,209.41,,,,,,,,
-31.994,115.834,Temperate Southern,Estuarine,Halophila,1981,136.47,95.29,231.77,,,,,,,,
-31.994,115.834,Temperate Southern,Estuarine,Halophila,1981,130.59,87.06,217.65,,,,,,,,
-31.994,115.834,Temperate Southern,Estuarine,Halophila,1981,121.18,75.29,196.47,,,,,,,,
-31.994,115.834,Temperate Southern,Estuarine,Halophila,1981,115.29,67.06,182.35,,,,,,,,
-31.994,115.834,Temperate Southern,Estuarine,Halophila,1981,84.71,38.82,123.53,,,,,,,,
-31.994,115.834,Temperate Southern,Estuarine,Halophila,1981,27.06,16.47,43.53,,,,,,,,
-31.994,115.834,Temperate Southern,Estuarine,Halophila,1981,18.82,18.82,37.65,,,,,,,,
-31.994,115.834,Temperate Southern,Estuarine,Halophila,1981,22.35,18.82,41.18,,,,,,,,
-31.994,115.834,Temperate Southern,Estuarine,Halophila,1981,18.82,15.29,34.12,,,,,,,,
-31.994,115.834,Temperate Southern,Estuarine,Halophila,1981,18.82,7.06,25.88,,,,,,,,
-31.994,115.834,Temperate Southern,Estuarine,Halophila,1981,55.84,38.02,93.86,,,,,,,,
-31.994,115.834,Temperate Southern,Estuarine,Halophila,1981,59.41,35.64,95.05,,,,,,,,
-31.994,115.834,Temperate Southern,Estuarine,Halophila,1981,68.91,39.21,108.12,,,,,,,,
-31.994,115.834,Temperate Southern,Estuarine,Halophila,1981,83.17,51.09,134.26,,,,,,,,
-31.994,115.834,Temperate Southern,Estuarine,Halophila,1981,89.11,60.59,149.7,,,,,,,,
-31.994,115.834,Temperate Southern,Estuarine,Halophila,1981,73.66,49.9,123.56,,,,,,,,
-31.994,115.834,Temperate Southern,Estuarine,Halophila,1981,38.02,40.4,78.42,,,,,,,,
-31.994,115.834,Temperate Southern,Estuarine,Halophila,1981,32.08,33.27,65.35,,,,,,,,
-31.994,115.834,Temperate Southern,Estuarine,Halophila,1981,22.57,30.89,53.47,,,,,,,,
-31.994,115.834,Temperate Southern,Estuarine,Halophila,1981,15.45,17.82,33.27,,,,,,,,
-31.994,115.834,Temperate Southern,Estuarine,Halophila,1981,14.26,16.63,30.89,,,,,,,,
-31.994,115.834,Temperate Southern,Estuarine,Halophila,1981,64.08,52.43,116.51,,,,,,,,
-31.994,115.834,Temperate Southern,Estuarine,Halophila,1981,65.24,50.1,115.34,,,,,,,,
-31.994,115.834,Temperate Southern,Estuarine,Halophila,1981,69.9,62.91,132.82,,,,,,,,
-31.994,115.834,Temperate Southern,Estuarine,Halophila,1981,76.89,69.9,146.8,,,,,,,,
-31.994,115.834,Temperate Southern,Estuarine,Halophila,1981,90.87,71.07,161.94,,,,,,,,
-31.994,115.834,Temperate Southern,Estuarine,Halophila,1981,80.39,51.26,131.65,,,,,,,,
-31.994,115.834,Temperate Southern,Estuarine,Halophila,1981,52.43,22.14,74.56,,,,,,,,
-31.994,115.834,Temperate Southern,Estuarine,Halophila,1981,17.48,15.15,32.62,,,,,,,,
-31.994,115.834,Temperate Southern,Estuarine,Halophila,1981,12.82,5.83,18.64,,,,,,,,
-31.994,115.834,Temperate Southern,Estuarine,Halophila,1981,6.99,6.99,13.98,,,,,,,,
-31.994,115.834,Temperate Southern,Estuarine,Halophila,1981,11.65,15.15,26.8,,,,,,,,
-31.994,115.834,Temperate Southern,Estuarine,Halophila,1981,41.16,26.78,67.93,,,,,,,,
-31.994,115.834,Temperate Southern,Estuarine,Halophila,1981,51.07,46.61,97.69,,,,,,,,
-31.994,115.834,Temperate Southern,Estuarine,Halophila,1981,57.03,44.13,101.16,,,,,,,,
-31.994,115.834,Temperate Southern,Estuarine,Halophila,1981,60.5,41.16,101.65,,,,,,,,
-31.994,115.834,Temperate Southern,Estuarine,Halophila,1981,63.47,47.11,110.58,,,,,,,,
-31.994,115.834,Temperate Southern,Estuarine,Halophila,1981,60,23.8,83.8,,,,,,,,
-31.994,115.834,Temperate Southern,Estuarine,Halophila,1981,22.81,11.41,34.22,,,,,,,,
-31.994,115.834,Temperate Southern,Estuarine,Halophila,1981,7.93,6.45,14.38,,,,,,,,
-31.994,115.834,Temperate Southern,Estuarine,Halophila,1981,5.46,6.45,11.9,,,,,,,,
-31.994,115.834,Temperate Southern,Estuarine,Halophila,1981,2.98,5.95,8.93,,,,,,,,
-31.994,115.834,Temperate Southern,Estuarine,Halophila,1981,15.87,21.82,37.69,,,,,,,,
-31.993,115.834,Temperate Southern,Estuarine,Halophila,1981,,,,,,,4.9,4.1,9,,
-31.993,115.834,Temperate Southern,Estuarine,Halophila,1981,,,,,,,4.1,5.6,9.7,,
-31.993,115.834,Temperate Southern,Estuarine,Halophila,1981,,,,,,,4.6,4.3,8.9,,
-31.993,115.834,Temperate Southern,Estuarine,Halophila,1981,,,,,,,2.6,2.8,5.4,,
-31.993,115.834,Temperate Southern,Estuarine,Halophila,1981,,,,,,,0.8,1,1.5,,
-31.993,115.834,Temperate Southern,Estuarine,Halophila,1981,,,,,,,0.7,0.8,1.5,,
-31.994,115.834,Temperate Southern,Estuarine,Halophila,1982,44.49,22.25,66.74,,,,,,,,
-31.994,115.834,Temperate Southern,Estuarine,Halophila,1982,26.97,18.88,45.84,,,,,,,,
-31.994,115.834,Temperate Southern,Estuarine,Halophila,1982,66.07,35.73,101.8,,,,,,,,
-31.994,115.834,Temperate Southern,Estuarine,Halophila,1982,57.3,42.47,99.78,,,,,,,,
-31.994,115.834,Temperate Southern,Estuarine,Halophila,1982,66.07,41.8,107.87,,,,,,,,
-31.994,115.834,Temperate Southern,Estuarine,Halophila,1982,74.83,47.87,122.7,,,,,,,,
-31.994,115.834,Temperate Southern,Estuarine,Halophila,1982,76.18,45.17,121.35,,,,,,,,
-31.994,115.834,Temperate Southern,Estuarine,Halophila,1982,69.44,41.8,111.24,,,,,,,,
-31.994,115.834,Temperate Southern,Estuarine,Halophila,1982,72.81,47.19,120,,,,,,,,
-31.994,115.834,Temperate Southern,Estuarine,Halophila,1982,83.6,60.67,144.27,,,,,,,,
-31.994,115.834,Temperate Southern,Estuarine,Halophila,1982,34.8,36,70.8,,,,,,,,
-31.994,115.834,Temperate Southern,Estuarine,Halophila,1982,49.2,32.4,81.6,,,,,,,,
-31.994,115.834,Temperate Southern,Estuarine,Halophila,1982,52.8,43.2,96,,,,,,,,
-31.994,115.834,Temperate Southern,Estuarine,Halophila,1982,58.8,50.4,109.2,,,,,,,,
-31.994,115.834,Temperate Southern,Estuarine,Halophila,1982,75.6,62.4,138,,,,,,,,
-31.994,115.834,Temperate Southern,Estuarine,Halophila,1982,88.8,70.8,159.6,,,,,,,,
-31.994,115.834,Temperate Southern,Estuarine,Halophila,1982,90,60,150,,,,,,,,
-31.994,115.834,Temperate Southern,Estuarine,Halophila,1982,81.6,52.8,134.4,,,,,,,,
-31.994,115.834,Temperate Southern,Estuarine,Halophila,1982,76.8,52.8,129.6,,,,,,,,
-31.994,115.834,Temperate Southern,Estuarine,Halophila,1982,64.8,44.4,109.2,,,,,,,,
-31.994,115.834,Temperate Southern,Estuarine,Halophila,1982,25.88,16.47,42.35,,,,,,,,
-31.994,115.834,Temperate Southern,Estuarine,Halophila,1982,30.59,18.82,49.41,,,,,,,,
-31.994,115.834,Temperate Southern,Estuarine,Halophila,1982,44.71,32.94,77.65,,,,,,,,
-31.994,115.834,Temperate Southern,Estuarine,Halophila,1982,50.59,40,90.59,,,,,,,,
-31.994,115.834,Temperate Southern,Estuarine,Halophila,1982,72.94,43.53,116.47,,,,,,,,
-31.994,115.834,Temperate Southern,Estuarine,Halophila,1982,95.29,45.88,141.18,,,,,,,,
-31.994,115.834,Temperate Southern,Estuarine,Halophila,1982,89.41,44.71,134.12,,,,,,,,
-31.994,115.834,Temperate Southern,Estuarine,Halophila,1982,87.06,44.71,131.77,,,,,,,,
-31.994,115.834,Temperate Southern,Estuarine,Halophila,1982,110.59,57.65,168.24,,,,,,,,
-31.994,115.834,Temperate Southern,Estuarine,Halophila,1982,75.29,35.29,110.59,,,,,,,,
-31.994,115.834,Temperate Southern,Estuarine,Halophila,1982,21.39,11.88,33.27,,,,,,,,
-31.994,115.834,Temperate Southern,Estuarine,Halophila,1982,23.76,17.82,41.58,,,,,,,,
-31.994,115.834,Temperate Southern,Estuarine,Halophila,1982,20.2,17.82,38.02,,,,,,,,
-31.994,115.834,Temperate Southern,Estuarine,Halophila,1982,38.02,34.46,72.48,,,,,,,,
-31.994,115.834,Temperate Southern,Estuarine,Halophila,1982,62.97,47.53,110.5,,,,,,,,
-31.994,115.834,Temperate Southern,Estuarine,Halophila,1982,62.97,47.53,110.5,,,,,,,,
-31.994,115.834,Temperate Southern,Estuarine,Halophila,1982,93.86,59.41,153.27,,,,,,,,
-31.994,115.834,Temperate Southern,Estuarine,Halophila,1982,92.67,58.22,150.89,,,,,,,,
-31.994,115.834,Temperate Southern,Estuarine,Halophila,1982,90.3,51.09,141.39,,,,,,,,
-31.994,115.834,Temperate Southern,Estuarine,Halophila,1982,78.42,39.21,117.62,,,,,,,,
-31.994,115.834,Temperate Southern,Estuarine,Halophila,1982,22.14,40.78,62.91,,,,,,,,
-31.994,115.834,Temperate Southern,Estuarine,Halophila,1982,50.1,57.09,107.18,,,,,,,,
-31.994,115.834,Temperate Southern,Estuarine,Halophila,1982,59.42,41.94,101.36,,,,,,,,
-31.994,115.834,Temperate Southern,Estuarine,Halophila,1982,55.92,39.61,95.53,,,,,,,,
-31.994,115.834,Temperate Southern,Estuarine,Halophila,1982,68.74,62.91,131.65,,,,,,,,
-31.994,115.834,Temperate Southern,Estuarine,Halophila,1982,82.72,76.89,159.61,,,,,,,,
-31.994,115.834,Temperate Southern,Estuarine,Halophila,1982,100.19,69.9,170.1,,,,,,,,
-31.994,115.834,Temperate Southern,Estuarine,Halophila,1982,110.68,74.56,185.24,,,,,,,,
-31.994,115.834,Temperate Southern,Estuarine,Halophila,1982,110.68,72.23,182.91,,,,,,,,
-31.994,115.834,Temperate Southern,Estuarine,Halophila,1982,115.34,78.06,193.4,,,,,,,,
-31.993,115.834,Temperate Southern,Estuarine,Halophila,1982,40.17,34.71,74.88,,,,,,,,
-31.993,115.834,Temperate Southern,Estuarine,Halophila,1982,38.68,23.31,61.98,,,,,,,,
-31.993,115.834,Temperate Southern,Estuarine,Halophila,1982,35.21,23.8,59.01,,,,,,,,
-31.993,115.834,Temperate Southern,Estuarine,Halophila,1982,43.14,38.68,81.82,,,,,,,,
-31.993,115.834,Temperate Southern,Estuarine,Halophila,1982,55.04,44.13,99.17,,,,,,,,
-31.993,115.834,Temperate Southern,Estuarine,Halophila,1982,64.96,43.14,108.1,,,,,,,,
-31.993,115.834,Temperate Southern,Estuarine,Halophila,1982,77.36,41.16,118.51,,,,,,,,
-31.993,115.834,Temperate Southern,Estuarine,Halophila,1982,65.46,35.21,100.66,,,,,,,,
-31.993,115.834,Temperate Southern,Estuarine,Halophila,1982,45.62,31.74,77.36,,,,,,,,
-31.993,115.834,Temperate Southern,Estuarine,Halophila,1982,57.52,38.68,96.2,,,,,,,,
-38.07,144.37,Temperate Southern,Coastal,Zostera,2013,,,,,70.8,,,,,,
-38.07,144.37,Temperate Southern,Coastal,Zostera,2013,,,,,69.9,,,,,,
-38.07,144.37,Temperate Southern,Coastal,Zostera,2013,,,,,59.9,,,,,,
-38.07,144.37,Temperate Southern,Coastal,Zostera,2013,,,,,37.7,,,,,,
-38.07,144.37,Temperate Southern,Coastal,Zostera,2013,,,,,36.3,,,,,,
-38.07,144.37,Temperate Southern,Coastal,Zostera,2013,,,,,36,,,,,,
-38.07,144.37,Temperate Southern,Coastal,Zostera,2013,,,,,38,,,,,,
-38.07,144.37,Temperate Southern,Coastal,Zostera,2013,,,,,32.9,,,,,,
-38.07,144.37,Temperate Southern,Coastal,Zostera,2013,,,,,43.4,,,,,,
-38.07,144.37,Temperate Southern,Coastal,Zostera,2013,,,,,40.4,,,,,,
-38.07,144.37,Temperate Southern,Coastal,Zostera,2013,,,,,45.3,,,,,,
-38.07,144.37,Temperate Southern,Coastal,Zostera,2013,,,,,45,,,,,,
-38.07,144.37,Temperate Southern,Coastal,Zostera,2013,,,,,42.5,,,,,,
-38.07,144.37,Temperate Southern,Coastal,Zostera,2013,,,,,33,,,,,,
-38.07,144.37,Temperate Southern,Coastal,Zostera,2013,,,,,23.9,,,,,,
-38.07,144.37,Temperate Southern,Coastal,Zostera,2013,,,,,10.7,,,,,,
-38.07,144.37,Temperate Southern,Coastal,Zostera,2013,,,,,9.4,,,,,,
-38.07,144.37,Temperate Southern,Coastal,Zostera,2013,,,,,9.5,,,,,,
-38.07,144.37,Temperate Southern,Coastal,Zostera,2013,,,,,1.8,,,,,,
46.399,-63.256,Temperate North Atlantic,Estuarine,Zostera,2014,54.69,68.18,122.87,,,,,,,,
46.406,-63.249,Temperate North Atlantic,Estuarine,Zostera,2014,200,279.55,479.55,,,,,,,,
46.409,-63.227,Temperate North Atlantic,Estuarine,Zostera,2014,121.88,356.82,478.69,,,,,,,,
46.431,-63.234,Temperate North Atlantic,Estuarine,Zostera,2014,200,497.73,697.73,,,,,,,,
46.454,-64.738,Temperate North Atlantic,Estuarine,Zostera,2014,75,88.64,163.64,,,,,,,,
46.462,-64.69,Temperate North Atlantic,Estuarine,Zostera,2014,76.56,54.55,131.11,,,,,,,,
46.47,-64.716,Temperate North Atlantic,Estuarine,Zostera,2014,60.94,156.82,217.76,,,,,,,,
46.486,-64.671,Temperate North Atlantic,Estuarine,Zostera,2014,103.13,375,478.13,,,,,,,,
46.809,-64.987,Temperate North Atlantic,Estuarine,Zostera,2014,20.31,29.55,49.86,,,,,,,,
46.822,-64.954,Temperate North Atlantic,Estuarine,Zostera,2014,48.44,50,98.44,,,,,,,,
46.832,-64.38,Temperate North Atlantic,Estuarine,Zostera,2014,156.25,186.36,342.61,,,,,,,,
46.838,-64.921,Temperate North Atlantic,Estuarine,Zostera,2014,251.56,250,501.56,,,,,,,,
46.601,-63.861,Temperate North Atlantic,Estuarine,Zostera,2014,65.87,76.19,142.06,,,,,,,,
46.614,-63.922,Temperate North Atlantic,Estuarine,Zostera,2014,58.73,182.01,240.74,,,,,,,,
46.615,-63.904,Temperate North Atlantic,Estuarine,Zostera,2014,88.1,584.13,672.22,,,,,,,,
46.616,-63.912,Temperate North Atlantic,Estuarine,Zostera,2014,75.4,376.72,452.12,,,,,,,,
46.601,-63.861,Temperate North Atlantic,Estuarine,Zostera,2014,75.4,80.42,155.82,,,,,,,,
46.614,-63.922,Temperate North Atlantic,Estuarine,Zostera,2014,62.7,182.01,244.71,,,,,,,,
46.615,-63.904,Temperate North Atlantic,Estuarine,Zostera,2014,123.02,253.97,376.98,,,,,,,,
46.616,-63.912,Temperate North Atlantic,Estuarine,Zostera,2014,96.03,402.12,498.15,,,,,,,,
46.601,-63.861,Temperate North Atlantic,Estuarine,Zostera,2014,46.83,118.52,165.34,,,,,,,,
46.614,-63.922,Temperate North Atlantic,Estuarine,Zostera,2014,102.38,486.77,589.15,,,,,,,,
46.615,-63.904,Temperate North Atlantic,Estuarine,Zostera,2014,80,524.87,604.87,,,,,,,,
46.616,-63.912,Temperate North Atlantic,Estuarine,Zostera,2014,105.56,630.69,736.24,,,,,,,,
2.281,104.137,Tropical Indo Pacific,Coastal,Cymodocea,2013,,,,82.7,3,,,,,,
2.281,104.137,Tropical Indo Pacific,Coastal,Halophila,2013,,,,399.4,7,,,,,,
2.281,104.137,Tropical Indo Pacific,Coastal,Syringodium,2013,,,,3.5,1,,,,,,
2.281,104.137,Tropical Indo Pacific,Coastal,Halodule,2013,,,,515.7,11,,,,,,
55.784,12.064,Temperate North Atlantic,Estuarine,Zostera,1995,19,29.6,48.6,210,,,,,,,
55.784,12.064,Temperate North Atlantic,Estuarine,Zostera,1995,29.6,49.4,79,336,,,,,,,
55.784,12.064,Temperate North Atlantic,Estuarine,Zostera,1995,145.1,169.2,314.3,696,,,,,,,
55.784,12.064,Temperate North Atlantic,Estuarine,Zostera,1995,194.8,238,432.8,1026,,,,,,,
39.15,2.933,Mediterranean,Coastal,Posidonia,2001,,2029.5,,288,,,,,,,
60.15924,24.971666,Temperate North Atlantic,Estuarine,Zostera,2004,132,34,166,,,,,,,,
60.061326,24.310155,Temperate North Atlantic,Estuarine,Zostera,2004,97,37,134,,,,,,,,
59.837305,23.203558,Temperate North Atlantic,Estuarine,Zostera,2004,16,7.2,23.2,,,,,,,,
56.689689,16.469528,Temperate North Atlantic,Estuarine,Zostera,2004,109,82,191,,,,,,,,
56.604225,16.395185,Temperate North Atlantic,Estuarine,Zostera,2004,94,15,109,,,,,,,,
58.23303,11.40895,Temperate North Atlantic,Estuarine,Zostera,2004,182,73,255,,,,,,,,
57.702599,11.937361,Temperate North Atlantic,Estuarine,Zostera,2004,122,28,150,,,,,,,,
32.349,-64.725,Tropical Atlantic,Coastal,Thalassia,2007,24.9,,,978,,,,,,,1.03
32.349,-64.725,Tropical Atlantic,Coastal,Thalassia,2008,46.1,,,986,,,,,,,0.95
32.349,-64.725,Tropical Atlantic,Coastal,Thalassia,2009,34.6,,,1044,,,,,,,0.6
-34.031,151.147,Temperate Southern,Estuarine,Zostera,2002,,,14.61,,,,,,,,
-34.031,151.147,Temperate Southern,Estuarine,Zostera,2002,,,35.94,,,,,,,,
-34.031,151.147,Temperate Southern,Estuarine,Zostera,2002,,,28.72,,,,,,,,
-34.031,151.147,Temperate Southern,Estuarine,Zostera,2002,,,24.62,,,,,,,,
-28.194,153.544,Tropical Indo Pacific,Estuarine,Zostera,2002,,,77.04,,,,,,,,
-28.194,153.544,Tropical Indo Pacific,Estuarine,Zostera,2002,,,48.79,,,,,,,,
-28.194,153.544,Tropical Indo Pacific,Estuarine,Zostera,2002,,,61.79,,,,,,,,
-28.194,153.544,Tropical Indo Pacific,Estuarine,Zostera,2002,,,89.43,,,,,,,,
37.21,-76.337,Temperate North Atlantic,Estuarine,Zostera,1998,,,,2414.16,,,,,,,
37.21,-76.337,Temperate North Atlantic,Estuarine,Zostera,1998,,,,1075.11,,,,,,,
37.21,-76.337,Temperate North Atlantic,Estuarine,Zostera,1998,,,,2027.9,,,,,,,
37.21,-76.337,Temperate North Atlantic,Estuarine,Zostera,1998,,,,650.22,,,,,,,
37.21,-76.337,Temperate North Atlantic,Estuarine,Zostera,1998,,,,2092.28,,,,,,,
37.21,-76.337,Temperate North Atlantic,Estuarine,Zostera,1998,,,,1397,,,,,,,
37.21,-76.337,Temperate North Atlantic,Estuarine,Zostera,1998,,,,2626.61,,,,,,,
37.21,-76.337,Temperate North Atlantic,Estuarine,Zostera,1998,,,,1512.88,,,,,,,
20.707,116.715,Tropical Indo Pacific,Coastal,Cymodocea,2011,113.62,180.88,294.5,,,,,,,,1.5
20.707,116.715,Tropical Indo Pacific,Coastal,Cymodocea,2011,157.86,313.24,471.1,,,,,,,,2.6
20.707,116.715,Tropical Indo Pacific,Coastal,Cymodocea,2011,175.43,251.47,426.9,,,,,,,,4.9
20.707,116.715,Tropical Indo Pacific,Coastal,Cymodocea,2011,310.07,161.03,471.1,,,,,,,,4.5
20.708,116.721,Tropical Indo Pacific,Coastal,Cymodocea,2011,86.07,165.73,251.8,,,,,,,,2.3
20.708,116.721,Tropical Indo Pacific,Coastal,Cymodocea,2011,106.19,227.11,333.3,,,,,,,,1.5
20.708,116.721,Tropical Indo Pacific,Coastal,Cymodocea,2011,132.07,334.53,466.6,,,,,,,,6
20.708,116.721,Tropical Indo Pacific,Coastal,Cymodocea,2011,209.79,316.11,525.9,,,,,,,,3.5
20.707,116.715,Tropical Indo Pacific,Coastal,Halodule,2011,330.71,147.79,478.5,,,,,,,,0.98
20.707,116.715,Tropical Indo Pacific,Coastal,Halodule,2011,76.25,394.85,471.1,,,,,,,,2.9
20.707,116.715,Tropical Indo Pacific,Coastal,Halodule,2011,95.29,302.21,397.5,,,,,,,,3.7
20.707,116.715,Tropical Indo Pacific,Coastal,Halodule,2011,226.08,46.32,272.4,,,,,,,,1.7
20.708,116.721,Tropical Indo Pacific,Coastal,Cymodocea,2011,76.97,85.93,162.9,,,,,,,,1
20.708,116.721,Tropical Indo Pacific,Coastal,Cymodocea,2011,101.96,135.04,237,,,,,,,,1.9
20.708,116.721,Tropical Indo Pacific,Coastal,Cymodocea,2011,101.59,187.21,288.8,,,,,,,,3.8
20.708,116.721,Tropical Indo Pacific,Coastal,Cymodocea,2011,146.09,187.21,333.3,,,,,,,,3.7
20.707,116.715,Tropical Indo Pacific,Coastal,Thalassia,2011,246.37,423.53,669.9,,,,,,,,2.6
20.707,116.715,Tropical Indo Pacific,Coastal,Thalassia,2011,259.56,388.24,647.8,,,,,,,,2.9
20.707,116.715,Tropical Indo Pacific,Coastal,Thalassia,2011,436.49,564.71,1001.2,,,,,,,,5
20.707,116.715,Tropical Indo Pacific,Coastal,Thalassia,2011,600.43,363.97,964.4,,,,,,,,4.9
20.708,116.721,Tropical Indo Pacific,Coastal,Thalassia,2011,93.74,202.56,296.3,,,,,,,,1.1
20.708,116.721,Tropical Indo Pacific,Coastal,Thalassia,2011,116.83,260.87,377.7,,,,,,,,2.3
20.708,116.721,Tropical Indo Pacific,Coastal,Thalassia,2011,69.46,174.94,244.4,,,,,,,,2.8
20.708,116.721,Tropical Indo Pacific,Coastal,Thalassia,2011,73.35,104.35,177.7,,,,,,,,1.4
37.7247,-122.317,Temperate North Pacific,Coastal,Zostera,2005,,,,181.81,,,,,,,
37.7247,-122.317,Temperate North Pacific,Coastal,Zostera,2005,,,,175.62,,,,,,,
37.7247,-122.317,Temperate North Pacific,Coastal,Zostera,2006,,,,129.2,,,,,,,
37.7247,-122.317,Temperate North Pacific,Coastal,Zostera,2006,,,,146.92,,,,,,,
37.7247,-122.317,Temperate North Pacific,Coastal,Zostera,2006,,,,91.81,,,,,,,
37.7247,-122.317,Temperate North Pacific,Coastal,Zostera,2006,,,,153,,,,,,,
37.7247,-122.317,Temperate North Pacific,Coastal,Zostera,2007,,,,153.86,,,,,,,
37.7247,-122.317,Temperate North Pacific,Coastal,Zostera,2007,,,,238.43,,,,,,,
30.384,-115.937,Tropical Atlantic,Coastal,Zostera,1982,,,,,,,,,,10.964,
30.384,-115.937,Tropical Atlantic,Coastal,Zostera,1982,,,,,,,,,,11.345,
30.384,-115.937,Tropical Atlantic,Coastal,Zostera,1982,,,,,,,,,,6.7,
30.384,-115.937,Tropical Atlantic,Coastal,Zostera,1982,,,,,,,,,,12.432,
30.384,-115.937,Tropical Atlantic,Coastal,Zostera,1982,,,,,,,,,,5.787,
30.384,-115.937,Tropical Atlantic,Coastal,Zostera,1982,,,,,,,,,,5.787,
30.384,-115.937,Tropical Atlantic,Coastal,Zostera,1982,,,,,,,,,,5.174,
30.384,-115.937,Tropical Atlantic,Coastal,Zostera,1982,,,,,,,,,,5.285,
30.384,-115.937,Tropical Atlantic,Coastal,Zostera,1982,,,,,,,,,,7.005,
30.384,-115.937,Tropical Atlantic,Coastal,Zostera,1982,,,,,,,,,,4.569,
30.384,-115.937,Tropical Atlantic,Coastal,Zostera,1982,,,,,,,,,,7.035,
30.384,-115.937,Tropical Atlantic,Coastal,Zostera,1982,,,,,,,,,,6.067,
30.384,-115.937,Tropical Atlantic,Coastal,Zostera,1982,,,,,,,,,,4.378,
30.384,-115.937,Tropical Atlantic,Coastal,Zostera,1982,,,,,,,,,,4.454,
30.384,-115.937,Tropical Atlantic,Coastal,Zostera,1982,,,,,,,,,,4.02,
30.384,-115.937,Tropical Atlantic,Coastal,Zostera,1982,,,,,,,,,,6.551,
30.384,-115.937,Tropical Atlantic,Coastal,Zostera,1982,,,,,,,,,,6.662,
30.384,-115.937,Tropical Atlantic,Coastal,Zostera,1982,,,,,,,,,,12.221,
30.384,-115.937,Tropical Atlantic,Coastal,Zostera,1982,,,,,,,,,,2.903,
30.384,-115.937,Tropical Atlantic,Coastal,Zostera,1982,,,,,,,,,,3.536,
30.384,-115.937,Tropical Atlantic,Coastal,Zostera,1982,,,,,,,,,,2.513,
30.384,-115.937,Tropical Atlantic,Coastal,Zostera,1982,,,,,,,,,,2.978,
30.384,-115.937,Tropical Atlantic,Coastal,Zostera,1982,,,,,,,,,,6.929,
30.384,-115.937,Tropical Atlantic,Coastal,Zostera,1982,,,,,,,,,,3.313,
30.5,-115.98,Tropical Atlantic,Coastal,Zostera,1987,,,,,,,,,,,1.245
30.5,-115.98,Tropical Atlantic,Coastal,Zostera,1987,,,,,,,,,,,1.005
30.5,-115.98,Tropical Atlantic,Coastal,Zostera,1987,,,,,,,,,,,0.475
30.5,-115.98,Tropical Atlantic,Coastal,Zostera,1987,,,,,,,,,,,0.805
30.5,-115.98,Tropical Atlantic,Coastal,Zostera,1987,,,,,,,,,,,0.53
30.5,-115.98,Tropical Atlantic,Coastal,Zostera,1987,,,,,,,,,,,0.445
30.5,-115.98,Tropical Atlantic,Coastal,Zostera,1987,,,,,,,,,,,0.225
30.5,-115.98,Tropical Atlantic,Coastal,Zostera,1987,,,,,,,,,,,0.28
30.5,-115.98,Tropical Atlantic,Coastal,Zostera,1987,,,,,,,,,,,0.56
30.5,-115.98,Tropical Atlantic,Coastal,Zostera,1987,,,,,,,,,,,0.71
30.5,-115.98,Tropical Atlantic,Coastal,Zostera,1987,,,,,,,,,,,0.575
30.5,-115.98,Tropical Atlantic,Coastal,Zostera,1987,,,,,,,,,,,0.46
30.5,-115.98,Tropical Atlantic,Coastal,Zostera,1987,,,,,,,,,,,1.275
30.5,-115.98,Tropical Atlantic,Coastal,Zostera,1987,,,,,,,,,,,1.3
30.5,-115.98,Tropical Atlantic,Coastal,Zostera,1987,,,,,,,,,,,1.385
30.5,-115.98,Tropical Atlantic,Coastal,Zostera,1987,,,,,,,,,,,1.825
30.5,-115.98,Tropical Atlantic,Coastal,Zostera,1987,,,,,,,,,,,1.38
30.5,-115.98,Tropical Atlantic,Coastal,Zostera,1987,,,,,,,,,,,1.9
30.5,-115.98,Tropical Atlantic,Coastal,Zostera,1987,,,,,,,,,,,1.21
30.5,-115.98,Tropical Atlantic,Coastal,Zostera,1987,,,,,,,,,,,0.95
30.5,-115.98,Tropical Atlantic,Coastal,Zostera,1987,,,,,,,,,,,0.985
30.5,-115.98,Tropical Atlantic,Coastal,Zostera,1987,,,,,,,,,,,0.66
30.5,-115.98,Tropical Atlantic,Coastal,Zostera,1987,,,,,,,,,,,0.455
30.5,-115.98,Tropical Atlantic,Coastal,Zostera,1987,,,,,,,,,,,0.295
-38.4,142.51,Temperate Southern,Estuarine,Ruppia,1999,92.7,47.3,140,,,,,,,,
-38.4,142.51,Temperate Southern,Estuarine,Ruppia,1999,62.2,74.8,137,,,,,,,,
-38.4,142.51,Temperate Southern,Estuarine,Ruppia,1999,32.6,33.5,66.1,,,,,,,,
-38.4,142.51,Temperate Southern,Estuarine,Zostera,1999,68.8,97.6,166.4,,,,,,,,
-38.4,142.51,Temperate Southern,Estuarine,Zostera,1999,65.4,220,285.4,,,,,,,,
-38.4,142.51,Temperate Southern,Estuarine,Zostera,1999,62.7,32.4,95.1,,,,,,,,
-38.4,142.51,Temperate Southern,Estuarine,Zostera,1999,226.3,320.2,546.5,,,,,,,,
-38.4,142.51,Temperate Southern,Estuarine,Zostera,1999,219.8,298,517.8,,,,,,,,
-38.4,142.51,Temperate Southern,Estuarine,Zostera,1999,146.9,100.5,247.4,,,,,,,,
-38.4,142.51,Temperate Southern,Estuarine,Ruppia,1999,32.6,33.5,66.1,,,,,,,,
-38.4,142.51,Temperate Southern,Estuarine,Zostera,1999,62.7,32.4,95.1,,,,,,,,
-38.4,142.51,Temperate Southern,Estuarine,Zostera,1999,146.9,100.5,247.4,,,,,,,,
-38.4,142.51,Temperate Southern,Estuarine,Ruppia,1999,80.5,9.5,90,,,,,,,,
-38.4,142.51,Temperate Southern,Estuarine,Zostera,1999,53.3,12.6,65.9,,,,,,,,
-38.4,142.51,Temperate Southern,Estuarine,Zostera,1999,201,50.6,251.6,,,,,,,,
-38.4,142.51,Temperate Southern,Estuarine,Ruppia,1999,176,32.8,208.8,,,,,,,,
-38.4,142.51,Temperate Southern,Estuarine,Zostera,1999,53,5.5,58.5,,,,,,,,
-38.4,142.51,Temperate Southern,Estuarine,Zostera,1999,97.7,12,109.7,,,,,,,,
-38.4,142.51,Temperate Southern,Estuarine,Ruppia,1999,38.2,4.1,42.3,,,,,,,,
-38.4,142.51,Temperate Southern,Estuarine,Ruppia,1999,59.2,4,63.2,,,,,,,,
-38.4,142.51,Temperate Southern,Estuarine,Zostera,1999,49.3,4.1,53.4,,,,,,,,
-34.078,151.112,Temperate Southern,Estuarine,Zostera,1992,,,,653,,,,,,,
-34.078,151.112,Temperate Southern,Estuarine,Zostera,1992,,,,803,,,,,,,
-34.078,151.112,Temperate Southern,Estuarine,Zostera,1992,,,,1175,,,,,,,
-34.078,151.112,Temperate Southern,Estuarine,Zostera,1992,,,,115,,,,,,,
-34.061,151.135,Temperate Southern,Estuarine,Zostera,1992,,,,692,,,,,,,
-34.061,151.135,Temperate Southern,Estuarine,Zostera,1992,,,,790,,,,,,,
-34.061,151.135,Temperate Southern,Estuarine,Zostera,1992,,,,1037,,,,,,,
-34.061,151.135,Temperate Southern,Estuarine,Zostera,1992,,,,963,,,,,,,
-34.052,151.098,Temperate Southern,Estuarine,Zostera,1992,,,,460,,,,,,,
-34.052,151.098,Temperate Southern,Estuarine,Zostera,1992,,,,418,,,,,,,
-34.052,151.098,Temperate Southern,Estuarine,Zostera,1992,,,,609,,,,,,,
-34.052,151.098,Temperate Southern,Estuarine,Zostera,1992,,,,479,,,,,,,
-34.024,151.182,Temperate Southern,Estuarine,Zostera,1992,,,,695,,,,,,,
-34.024,151.182,Temperate Southern,Estuarine,Zostera,1992,,,,664,,,,,,,
-34.024,151.182,Temperate Southern,Estuarine,Zostera,1992,,,,763,,,,,,,
-34.024,151.182,Temperate Southern,Estuarine,Zostera,1992,,,,462,,,,,,,
-34.008,151.203,Temperate Southern,Estuarine,Zostera,1992,,,,980,,,,,,,
-34.008,151.203,Temperate Southern,Estuarine,Zostera,1992,,,,872,,,,,,,
-34.008,151.203,Temperate Southern,Estuarine,Zostera,1992,,,,940,,,,,,,
-34.008,151.203,Temperate Southern,Estuarine,Zostera,1992,,,,917,,,,,,,
-33.999,151.162,Temperate Southern,Estuarine,Zostera,1992,,,,996,,,,,,,
-33.999,151.162,Temperate Southern,Estuarine,Zostera,1992,,,,1339,,,,,,,
-33.999,151.162,Temperate Southern,Estuarine,Zostera,1992,,,,1124,,,,,,,
-33.999,151.162,Temperate Southern,Estuarine,Zostera,1992,,,,1132,,,,,,,
-33.621,151.322,Temperate Southern,Estuarine,Zostera,1992,,,,1070,,,,,,,
-33.621,151.322,Temperate Southern,Estuarine,Zostera,1992,,,,720,,,,,,,
-33.621,151.322,Temperate Southern,Estuarine,Zostera,1992,,,,927,,,,,,,
-33.621,151.322,Temperate Southern,Estuarine,Zostera,1992,,,,864,,,,,,,
-33.6,151.317,Temperate Southern,Estuarine,Zostera,1992,,,,799,,,,,,,
-33.6,151.317,Temperate Southern,Estuarine,Zostera,1992,,,,566,,,,,,,
-33.6,151.317,Temperate Southern,Estuarine,Zostera,1992,,,,993,,,,,,,
-33.6,151.317,Temperate Southern,Estuarine,Zostera,1992,,,,753,,,,,,,
-33.587,151.323,Temperate Southern,Estuarine,Zostera,1992,,,,1341,,,,,,,
-33.587,151.323,Temperate Southern,Estuarine,Zostera,1992,,,,996,,,,,,,
-33.587,151.323,Temperate Southern,Estuarine,Zostera,1992,,,,1418,,,,,,,
-33.587,151.323,Temperate Southern,Estuarine,Zostera,1992,,,,946,,,,,,,
-34.078,151.112,Temperate Southern,Estuarine,Posidonia,1993,,,,209,,,,,,,
-34.078,151.112,Temperate Southern,Estuarine,Posidonia,1993,,,,128,,,,,,,
-34.078,151.112,Temperate Southern,Estuarine,Posidonia,1993,,,,250,,,,,,,
-34.078,151.112,Temperate Southern,Estuarine,Posidonia,1993,,,,140,,,,,,,
-34.061,151.135,Temperate Southern,Estuarine,Posidonia,1993,,,,299,,,,,,,
-34.061,151.135,Temperate Southern,Estuarine,Posidonia,1993,,,,138,,,,,,,
-34.061,151.135,Temperate Southern,Estuarine,Posidonia,1993,,,,174,,,,,,,
-34.061,151.135,Temperate Southern,Estuarine,Posidonia,1993,,,,82,,,,,,,
-34.052,151.098,Temperate Southern,Estuarine,Posidonia,1993,,,,172,,,,,,,
-34.052,151.098,Temperate Southern,Estuarine,Posidonia,1993,,,,140,,,,,,,
-34.052,151.098,Temperate Southern,Estuarine,Posidonia,1993,,,,230,,,,,,,
-34.052,151.098,Temperate Southern,Estuarine,Posidonia,1993,,,,119,,,,,,,
-34.024,151.182,Temperate Southern,Estuarine,Posidonia,1993,,,,247,,,,,,,
-34.024,151.182,Temperate Southern,Estuarine,Posidonia,1993,,,,127,,,,,,,
-34.024,151.182,Temperate Southern,Estuarine,Posidonia,1993,,,,153,,,,,,,
-34.024,151.182,Temperate Southern,Estuarine,Posidonia,1993,,,,128,,,,,,,
-34.008,151.203,Temperate Southern,Estuarine,Posidonia,1993,,,,319,,,,,,,
-34.008,151.203,Temperate Southern,Estuarine,Posidonia,1993,,,,243,,,,,,,
-34.008,151.203,Temperate Southern,Estuarine,Posidonia,1993,,,,355,,,,,,,
-34.008,151.203,Temperate Southern,Estuarine,Posidonia,1993,,,,279,,,,,,,
-33.999,151.162,Temperate Southern,Estuarine,Posidonia,1993,,,,303,,,,,,,
-33.999,151.162,Temperate Southern,Estuarine,Posidonia,1993,,,,204,,,,,,,
-33.999,151.162,Temperate Southern,Estuarine,Posidonia,1993,,,,314,,,,,,,
-33.999,151.162,Temperate Southern,Estuarine,Posidonia,1993,,,,262,,,,,,,
-33.621,151.322,Temperate Southern,Estuarine,Posidonia,1993,,,,344,,,,,,,
-33.621,151.322,Temperate Southern,Estuarine,Posidonia,1993,,,,181,,,,,,,
-33.621,151.322,Temperate Southern,Estuarine,Posidonia,1993,,,,249,,,,,,,
-33.621,151.322,Temperate Southern,Estuarine,Posidonia,1993,,,,168,,,,,,,
-33.6,151.317,Temperate Southern,Estuarine,Posidonia,1993,,,,249,,,,,,,
-33.6,151.317,Temperate Southern,Estuarine,Posidonia,1993,,,,299,,,,,,,
-33.6,151.317,Temperate Southern,Estuarine,Posidonia,1993,,,,290,,,,,,,
-33.6,151.317,Temperate Southern,Estuarine,Posidonia,1993,,,,253,,,,,,,
-33.587,151.323,Temperate Southern,Estuarine,Posidonia,1993,,,,215,,,,,,,
-33.587,151.323,Temperate Southern,Estuarine,Posidonia,1993,,,,221,,,,,,,
-33.587,151.323,Temperate Southern,Estuarine,Posidonia,1993,,,,197,,,,,,,
-33.587,151.323,Temperate Southern,Estuarine,Posidonia,1993,,,,247,,,,,,,
-34.078,151.112,Temperate Southern,Estuarine,Zostera,1993,,,,479,,,,,,,
-34.078,151.112,Temperate Southern,Estuarine,Zostera,1993,,,,1001,,,,,,,
-34.061,151.135,Temperate Southern,Estuarine,Zostera,1993,,,,1077,,,,,,,
-34.061,151.135,Temperate Southern,Estuarine,Zostera,1993,,,,1022,,,,,,,
-34.052,151.098,Temperate Southern,Estuarine,Zostera,1993,,,,607,,,,,,,
-34.052,151.098,Temperate Southern,Estuarine,Zostera,1993,,,,443,,,,,,,
-34.024,151.182,Temperate Southern,Estuarine,Zostera,1993,,,,1010,,,,,,,
-34.024,151.182,Temperate Southern,Estuarine,Zostera,1993,,,,804,,,,,,,
-34.008,151.203,Temperate Southern,Estuarine,Zostera,1993,,,,672,,,,,,,
-34.008,151.203,Temperate Southern,Estuarine,Zostera,1993,,,,707,,,,,,,
-33.999,151.162,Temperate Southern,Estuarine,Zostera,1993,,,,870,,,,,,,
-33.999,151.162,Temperate Southern,Estuarine,Zostera,1993,,,,836,,,,,,,
-33.621,151.322,Temperate Southern,Estuarine,Zostera,1993,,,,959,,,,,,,
-33.621,151.322,Temperate Southern,Estuarine,Zostera,1993,,,,548,,,,,,,
-33.6,151.317,Temperate Southern,Estuarine,Zostera,1993,,,,1338,,,,,,,
-33.6,151.317,Temperate Southern,Estuarine,Zostera,1993,,,,1130,,,,,,,
-33.587,151.323,Temperate Southern,Estuarine,Zostera,1993,,,,1893,,,,,,,
-33.587,151.323,Temperate Southern,Estuarine,Zostera,1993,,,,1406,,,,,,,
-33.587,151.323,Temperate Southern,Estuarine,Zostera,1992,,,,4444.44,,,,,,,
-33.587,151.323,Temperate Southern,Estuarine,Zostera,1992,,,,6822.22,,,,,,,
-33.587,151.323,Temperate Southern,Estuarine,Zostera,1992,,,,6066.67,,,,,,,
-33.587,151.323,Temperate Southern,Estuarine,Zostera,1992,,,,6933.33,,,,,,,
-33.587,151.323,Temperate Southern,Estuarine,Zostera,1992,,,,6088.89,,,,,,,
-33.587,151.323,Temperate Southern,Estuarine,Zostera,1992,,,,6311.11,,,,,,,
-33.587,151.323,Temperate Southern,Estuarine,Zostera,1992,,,,3622.22,,,,,,,
-33.587,151.323,Temperate Southern,Estuarine,Zostera,1992,,,,2711.11,,,,,,,
-33.587,151.323,Temperate Southern,Estuarine,Zostera,1992,,,,2755.56,,,,,,,
-33.587,151.323,Temperate Southern,Estuarine,Zostera,1992,,,,2400,,,,,,,
-33.587,151.323,Temperate Southern,Estuarine,Zostera,1992,,,,2444.44,,,,,,,
-33.587,151.323,Temperate Southern,Estuarine,Zostera,1992,,,,2088.89,,,,,,,
-33.587,151.323,Temperate Southern,Estuarine,Zostera,1992,,,,7977.78,,,,,,,
-33.587,151.323,Temperate Southern,Estuarine,Zostera,1992,,,,6600,,,,,,,
-33.587,151.323,Temperate Southern,Estuarine,Zostera,1992,,,,7400,,,,,,,
-33.587,151.323,Temperate Southern,Estuarine,Zostera,1992,,,,7377.78,,,,,,,
-33.587,151.323,Temperate Southern,Estuarine,Zostera,1992,,,,6311.11,,,,,,,
-33.587,151.323,Temperate Southern,Estuarine,Zostera,1992,,,,6733.33,,,,,,,
-33.587,151.323,Temperate Southern,Estuarine,Zostera,1992,,,,1200,,,,,,,
-33.587,151.323,Temperate Southern,Estuarine,Zostera,1992,,,,2733.33,,,,,,,
-33.587,151.323,Temperate Southern,Estuarine,Zostera,1992,,,,1955.56,,,,,,,
-33.587,151.323,Temperate Southern,Estuarine,Zostera,1992,,,,3000,,,,,,,
-33.587,151.323,Temperate Southern,Estuarine,Zostera,1992,,,,2111.11,,,,,,,
-33.587,151.323,Temperate Southern,Estuarine,Zostera,1992,,,,1666.67,,,,,,,
34.704,-76.584,Temperate North Atlantic,Coastal,Halodule,1992,,,,,88,,,,,,
34.704,-76.584,Temperate North Atlantic,Coastal,Halodule,1992,,,,,83,,,,,,
34.704,-76.584,Temperate North Atlantic,Coastal,Halodule,1992,,,,,82,,,,,,
34.704,-76.584,Temperate North Atlantic,Coastal,Zostera,1992,,,,,12,,,,,,
34.704,-76.584,Temperate North Atlantic,Coastal,Zostera,1992,,,,,17,,,,,,
34.704,-76.584,Temperate North Atlantic,Coastal,Zostera,1992,,,,,18,,,,,,
25.402,-80.272,Tropical Atlantic,Coastal,Thalassia,1996,200.7,,,479.2,,,,,,,
25.402,-80.272,Tropical Atlantic,Coastal,Thalassia,1996,606.5,,,888.6,,,,,,,
25.402,-80.272,Tropical Atlantic,Coastal,Thalassia,1997,358.5,,,821.3,,,,,,,1.8
25.402,-80.272,Tropical Atlantic,Coastal,Thalassia,1997,371.2,,,721.9,,,,,,,2.2
25.56,-80.2515,Temperate North Atlantic,Coastal,Thalassia,1997,350.4,380.68,731.08,669.61,,,,,,,
25.56,-80.2515,Temperate North Atlantic,Coastal,Thalassia,1997,477.72,651.34,1129.06,1051.07,,,,,,,
25.56,-80.2515,Temperate North Atlantic,Coastal,Thalassia,1997,395.61,503.91,899.52,637.3,,,,,,,
25.56,-80.2515,Temperate North Atlantic,Coastal,Thalassia,1998,368.42,770.17,1138.59,682.43,,,,,,,
25.56,-80.2515,Temperate North Atlantic,Coastal,Thalassia,1998,476.87,569.93,1046.79,733.27,,,,,,,
25.56,-80.2515,Temperate North Atlantic,Coastal,Thalassia,1998,542.38,743.77,1286.15,829.7,,,,,,,
48.73,-3.983,Mediterranean,Coastal,Zostera,1976,,,128,506,,,,,2.7,,
48.73,-3.983,Mediterranean,Coastal,Zostera,1976,,,,556,,,,,,,
48.73,-3.983,Mediterranean,Coastal,Zostera,1976,,,148,826,,,,,,,
48.73,-3.983,Mediterranean,Coastal,Zostera,1976,,,265,807,,,,,8.7,,
48.73,-3.983,Mediterranean,Coastal,Zostera,1976,,,293,686,,,,,,,
48.73,-3.983,Mediterranean,Coastal,Zostera,1976,,,345,694,,,,,,,
48.73,-3.983,Mediterranean,Coastal,Zostera,1976,,,373,734,,,,,,,
48.73,-3.983,Mediterranean,Coastal,Zostera,1976,,,405,645,,,,,,,
48.73,-3.983,Mediterranean,Coastal,Zostera,1976,,,302,717,,,,,,,
48.73,-3.983,Mediterranean,Coastal,Zostera,1976,,,284,707,,,,,,,
48.73,-3.983,Mediterranean,Coastal,Zostera,1976,,,251,655,,,,,1.7,,
48.73,-3.983,Mediterranean,Coastal,Zostera,1976,81.8,,,,,,,,,,
48.73,-3.983,Mediterranean,Coastal,Zostera,1976,104.6,,,,,,,,,,
48.73,-3.983,Mediterranean,Coastal,Zostera,1976,173.9,,,,,,,,,,
48.73,-3.983,Mediterranean,Coastal,Zostera,1976,153.4,,,,,,,,,,
48.73,-3.983,Mediterranean,Coastal,Zostera,1976,220,,,,,,,,,,
48.73,-3.983,Mediterranean,Coastal,Zostera,1976,236.1,,,,,,,,,,
48.73,-3.983,Mediterranean,Coastal,Zostera,1976,294.8,,,,,,,,,,
48.73,-3.983,Mediterranean,Coastal,Zostera,1976,406.7,,,,,,,,,,
48.73,-3.983,Mediterranean,Coastal,Zostera,1977,,,265,655,,,,,,,
48.73,-3.983,Mediterranean,Coastal,Zostera,1977,,,202,593,,,,,,,
12.108,-68.226,Tropical Atlantic,Coastal,Halophila,2019,41.92,98.77,140.69,,87,,,,,,
12.108,-68.226,Tropical Atlantic,Coastal,Thalassia,2019,420.18,298.34,718.52,,83,,,,,,
54.694,18.531,Temperate North Pacific,Estuarine,Zostera,2010,8.3,10.7,19.1,70,,,,,,,
54.711,18.625,Temperate North Pacific,Estuarine,Zostera,2010,12.5,8.9,22.8,84,,,,,,,
54.694,18.531,Temperate North Pacific,Estuarine,Zostera,2011,7.9,10,15.2,54,,,,,,,
54.694,18.531,Temperate North Pacific,Estuarine,Zostera,2011,15,13.6,32.3,182,,,,,,,
54.694,18.531,Temperate North Pacific,Estuarine,Zostera,2011,24.8,19.6,55.2,202,,,,,,,
54.694,18.531,Temperate North Pacific,Estuarine,Zostera,2011,13.7,9.9,20.1,82,,,,,,,
54.711,18.625,Temperate North Pacific,Estuarine,Zostera,2011,8.3,7.5,13.3,58,,,,,,,
54.711,18.625,Temperate North Pacific,Estuarine,Zostera,2011,15.8,10.4,28.6,186,,,,,,,
54.711,18.625,Temperate North Pacific,Estuarine,Zostera,2011,27.9,18.2,60,216,,,,,,,
54.711,18.625,Temperate North Pacific,Estuarine,Zostera,2011,18.3,15.5,36.2,140,,,,,,,
27.966304,-80.52721,Tropical Atlantic,Estuarine,Thalassia,1982,,,48.4,,,,,,,,
27.901366,-82.450009,Tropical Atlantic,Estuarine,Thalassia,1982,,,48.8,,,,,,,,
26.779376,-79.038481,Tropical Atlantic,Coastal,Thalassia,1982,,,75.4,,,,,,,,
27.966304,-80.52721,Tropical Atlantic,Estuarine,Syringodium,1982,,,6,,,,,,,,
27.901366,-82.450009,Tropical Atlantic,Estuarine,Syringodium,1982,,,20.9,,,,,,,,
26.779376,-79.038481,Tropical Atlantic,Coastal,Syringodium,1982,,,7.6,,,,,,,,
27.966304,-80.52721,Tropical Atlantic,Estuarine,Halodule,1982,,,21.7,,,,,,,,
27.901366,-82.450009,Tropical Atlantic,Estuarine,Halodule,1982,,,18.7,,,,,,,,
26.779376,-79.038481,Tropical Atlantic,Coastal,Halodule,1982,,,5.9,,,,,,,,
-16.657,148.095,Tropical Indo Pacific,Coastal,Cymodocea,2019,14.1,,,250,,,,,,,
-16.657,148.095,Tropical Indo Pacific,Coastal,Halophila,2019,6.4,,,535,,,,,,,
-16.657,148.095,Tropical Indo Pacific,Coastal,Halophila,2019,6.7,,,361,,,,,,,
-16.657,148.095,Tropical Indo Pacific,Coastal,Halophila,2019,2,,,215,,,,,,,
-16.657,148.095,Tropical Indo Pacific,Coastal,Zostera,2019,10.5,,,752,,,,,,,
-16.657,148.095,Tropical Indo Pacific,Coastal,Zostera,2019,6.7,,,565,,,,,,,
-16.657,148.095,Tropical Indo Pacific,Coastal,Zostera,2019,48.1,,,675,,,,,,,
-16.657,148.095,Tropical Indo Pacific,Coastal,Halodule,2019,8.2,,,764,,,,,,,
-16.657,148.095,Tropical Indo Pacific,Coastal,Halodule,2019,10.3,,,564,,,,,,,
19.69,-80.05,Tropical Atlantic,Coastal,Thalassia,2016,318.7,,,778.7,,,,,,,
19.69,-80.05,Tropical Atlantic,Coastal,Thalassia,2016,246.7,,,608,,,,,,,
19.69,-80.05,Tropical Atlantic,Coastal,Thalassia,2016,325,,,938.7,,,,,,,
19.69,-80.05,Tropical Atlantic,Coastal,Thalassia,2016,155,,,1045.3,,,,,,,
19.69,-80.05,Tropical Atlantic,Coastal,Thalassia,2016,362.7,,,1040,,,,,,,
19.69,-80.05,Tropical Atlantic,Coastal,Thalassia,2016,,,,821.3,,,,,,,
19.69,-80.05,Tropical Atlantic,Coastal,Thalassia,2016,,,,592,,,,,,,
19.69,-80.05,Tropical Atlantic,Coastal,Thalassia,2016,,5085,,720,,,,,,,
19.69,-80.05,Tropical Atlantic,Coastal,Thalassia,2016,,3469.3,,981.3,,,,,,,
19.69,-80.05,Tropical Atlantic,Coastal,Thalassia,2016,,4201.9,,1024,,,,,,,
19.69,-80.05,Tropical Atlantic,Coastal,Thalassia,2016,,3570.9,,,,,,,,,
19.69,-80.05,Tropical Atlantic,Coastal,Thalassia,2016,,5635.1,,,,,,,,,
19.69,-80.05,Tropical Atlantic,Coastal,Thalassia,2016,273.3,,,810.7,,,,,,,
19.69,-80.05,Tropical Atlantic,Coastal,Thalassia,2016,437.7,,,709.3,,,,,,,
19.69,-80.05,Tropical Atlantic,Coastal,Thalassia,2016,219.7,,,976,,,,,,,
19.69,-80.05,Tropical Atlantic,Coastal,Thalassia,2016,214.3,,,922.7,,,,,,,
19.69,-80.05,Tropical Atlantic,Coastal,Thalassia,2016,393.3,,,949.3,,,,,,,
19.69,-80.05,Tropical Atlantic,Coastal,Thalassia,2016,,,,746.7,,,,,,,
19.69,-80.05,Tropical Atlantic,Coastal,Thalassia,2016,,,,704,,,,,,,
19.69,-80.05,Tropical Atlantic,Coastal,Thalassia,2016,,,,1018.7,,,,,,,
19.69,-80.05,Tropical Atlantic,Coastal,Thalassia,2016,,,,858.7,,,,,,,
19.69,-80.05,Tropical Atlantic,Coastal,Thalassia,2016,,,,997.3,,,,,,,
19.69,-80.05,Tropical Atlantic,Coastal,Thalassia,2016,170.3,,,730.7,,,,,,,
19.69,-80.05,Tropical Atlantic,Coastal,Thalassia,2016,198.3,,,741.3,,,,,,,
19.69,-80.05,Tropical Atlantic,Coastal,Thalassia,2016,212.7,,,821.3,,,,,,,
19.69,-80.05,Tropical Atlantic,Coastal,Thalassia,2016,196.3,,,864,,,,,,,
19.69,-80.05,Tropical Atlantic,Coastal,Thalassia,2016,252,,,890.7,,,,,,,
19.69,-80.05,Tropical Atlantic,Coastal,Thalassia,2016,,4649.4,,,,,,,,,
19.69,-80.05,Tropical Atlantic,Coastal,Thalassia,2016,,2571.1,,,,,,,,,
19.69,-80.05,Tropical Atlantic,Coastal,Thalassia,2016,,4886.3,,,,,,,,,
19.69,-80.05,Tropical Atlantic,Coastal,Thalassia,2016,,2362.5,,,,,,,,,
19.69,-80.05,Tropical Atlantic,Coastal,Thalassia,2016,,2565.8,,,,,,,,,
19.69,-80.05,Tropical Atlantic,Coastal,Thalassia,2016,277.7,,,752,,,,,,,
19.69,-80.05,Tropical Atlantic,Coastal,Thalassia,2016,230.3,,,629.3,,,,,,,
19.69,-80.05,Tropical Atlantic,Coastal,Thalassia,2016,222,,,901.3,,,,,,,
19.69,-80.05,Tropical Atlantic,Coastal,Thalassia,2016,199,,,816,,,,,,,
19.69,-80.05,Tropical Atlantic,Coastal,Thalassia,2016,282.7,,,810.7,,,,,,,
19.697,-80.059,Tropical Atlantic,Coastal,Thalassia,2016,,4.3,,832,,,,,,,
19.697,-80.059,Tropical Atlantic,Coastal,Thalassia,2016,281.6,4.4,286,882.1,,,,,,,
19.697,-80.059,Tropical Atlantic,Coastal,Thalassia,2016,193.8,4,197.8,760.9,,,,,,,
19.697,-80.059,Tropical Atlantic,Coastal,Thalassia,2016,242.3,3.4,245.7,781.9,,,,,,,
19.696518,-80.059652,Tropical Atlantic,Coastal,Thalassia,2016,183.2,,,1018.7,,,,,,,
12.104417,-68.223183,Tropical Atlantic,Coastal,Thalassia,2018,130.9,,,954.7,,,,,,,
12.104417,-68.223183,Tropical Atlantic,Coastal,Halophila,2018,36.4,,,3850,,,,,,,
12.108546,-68.231562,Tropical Atlantic,Coastal,Halophila,2018,17.1,,,3483.3,,,,,,,
17.784612,-64.624566,Tropical Atlantic,Coastal,Thalassia,2018,51.6,,,2406.4,,,,,,,
17.784612,-64.624566,Tropical Atlantic,Coastal,Halophila,2018,63,,,3733.6,,,,,,,
24.722297,-76.190644,Tropical Atlantic,Coastal,Thalassia,2018,202.2,,,2053.3,,,,,,,
24.936641,-76.15342,Tropical Atlantic,Coastal,Thalassia,2018,96.5,,,1784,,,,,,,
28.56476,-82.779335,Tropical Atlantic,Coastal,Thalassia,2018,70.7,,,1386.7,,,,,,,
17.777,-64.756,Tropical Atlantic,Coastal,Halophila,1983,,,580,2700,,,,,,,
17.777,-64.756,Tropical Atlantic,Coastal,Halophila,1983,,,470,1800,,,,,,,
17.777,-64.756,Tropical Atlantic,Coastal,Halophila,1983,,,1050,4600,,,,,,,
17.777,-64.756,Tropical Atlantic,Coastal,Halophila,1984,,,500,1900,,,,,,,
17.777,-64.756,Tropical Atlantic,Coastal,Halophila,1984,,,1200,3300,,,,,,,
17.777,-64.756,Tropical Atlantic,Coastal,Halophila,1984,,,730,2100,,,,,,,
11.167245,-60.826928,Tropical Atlantic,Coastal,Thalassia,1992,,,408.6,,,,,,,,
11.167245,-60.826928,Tropical Atlantic,Coastal,Thalassia,1994,,,436.1,,,,,,,,
11.167245,-60.826928,Tropical Atlantic,Coastal,Thalassia,1995,,,504.1,,,,,,,,
11.167245,-60.826928,Tropical Atlantic,Coastal,Thalassia,1996,,,260.1,,,,,,,,
11.167245,-60.826928,Tropical Atlantic,Coastal,Thalassia,1997,,,357.5,,,,,,,,
11.167224,-60.83234,Tropical Atlantic,Coastal,Thalassia,1997,,,425.7,,,,,,,,
11.167245,-60.826928,Tropical Atlantic,Coastal,Thalassia,1998,,,,,36,,,,,,
11.167224,-60.83234,Tropical Atlantic,Coastal,Thalassia,1998,,,,,8.3,,,,,,
11.173264,-60.821462,Tropical Atlantic,Coastal,Thalassia,1998,,,,,68.5,,,,,,
11.16978,-60.836135,Tropical Atlantic,Coastal,Thalassia,1998,,,,,6.6,,,,,,
11.167245,-60.826928,Tropical Atlantic,Coastal,Thalassia,1998,,,,,,,4.84,,,,
11.167245,-60.826928,Tropical Atlantic,Coastal,Thalassia,1998,,,,,,,6.56,,,,
11.167245,-60.826928,Tropical Atlantic,Coastal,Thalassia,1998,,,,,,,2.04,,,,
11.167245,-60.826928,Tropical Atlantic,Coastal,Thalassia,1998,,,,,,,2.79,,,,
11.167224,-60.83234,Tropical Atlantic,Coastal,Thalassia,1998,,,,,,,3.83,,,,
11.167224,-60.83234,Tropical Atlantic,Coastal,Thalassia,1998,,,,,,,4.03,,,,
11.167224,-60.83234,Tropical Atlantic,Coastal,Thalassia,1998,,,,,,,3.12,,,,
11.167224,-60.83234,Tropical Atlantic,Coastal,Thalassia,1998,,,,,,,4.73,,,,
11.173264,-60.821462,Tropical Atlantic,Coastal,Thalassia,1998,,,,,,,6.01,,,,
11.173264,-60.821462,Tropical Atlantic,Coastal,Thalassia,1998,,,,,,,5.58,,,,
11.173264,-60.821462,Tropical Atlantic,Coastal,Thalassia,1998,,,,,,,3.83,,,,
11.173264,-60.821462,Tropical Atlantic,Coastal,Thalassia,1998,,,,,,,4.11,,,,
11.16978,-60.836135,Tropical Atlantic,Coastal,Thalassia,1998,,,,,,,4.98,,,,
11.16978,-60.836135,Tropical Atlantic,Coastal,Thalassia,1998,,,,,,,6,,,,
11.16978,-60.836135,Tropical Atlantic,Coastal,Thalassia,1998,,,,,,,2.76,,,,
11.16978,-60.836135,Tropical Atlantic,Coastal,Thalassia,1998,,,,,,,2.38,,,,
11.167245,-60.826928,Tropical Atlantic,Coastal,Thalassia,1998,,,433.9,,,,,,,,
11.167224,-60.83234,Tropical Atlantic,Coastal,Thalassia,1998,,,208.2,,,,,,,,
11.181454,-60.809871,Tropical Atlantic,Coastal,Thalassia,1998,,,1866,,,,,,,,
11.18826,-60.79699,Tropical Atlantic,Coastal,Thalassia,1998,,,1531,,,,,,,,
11.147595,-60.821548,Tropical Atlantic,Coastal,Thalassia,1998,,,964,,,,,,,,
10.690193,-61.602428,Tropical Atlantic,Coastal,Thalassia,1998,,,678,,,,,,,,
10.681494,-61.616014,Tropical Atlantic,Coastal,Thalassia,1998,,,658,,,,,,,,
11.167245,-60.826928,Tropical Atlantic,Coastal,Thalassia,1999,,,540.9,,,,,,,,
11.167224,-60.83234,Tropical Atlantic,Coastal,Thalassia,1999,,,407.2,,,,,,,,
11.167245,-60.826928,Tropical Atlantic,Coastal,Thalassia,2000,,,473,,,,,,,,
11.167224,-60.83234,Tropical Atlantic,Coastal,Thalassia,2000,,,319.6,,,,,,,,
11.167245,-60.826928,Tropical Atlantic,Coastal,Thalassia,2001,,,532.6,,,,,,,,
11.167224,-60.83234,Tropical Atlantic,Coastal,Thalassia,2001,,,257.6,,,,,,,,
11.167245,-60.826928,Tropical Atlantic,Coastal,Thalassia,2002,,,430.4,,,,,,,,
11.167224,-60.83234,Tropical Atlantic,Coastal,Thalassia,2002,,,297,,,,,,,,
7.382,99.303,Tropical Indo Pacific,Coastal,Halophila,2012,6.1,7.7,13.5,730.1,,,,,,,
7.382,99.303,Tropical Indo Pacific,Coastal,Halophila,2012,5.2,9.5,14.6,673.5,,,,,,,
7.388,99.308,Tropical Indo Pacific,Coastal,Halophila,2012,7.5,13.9,21.4,826.4,,,,,,,
7.388,99.308,Tropical Indo Pacific,Coastal,Halophila,2012,3.6,14.2,17.9,537.7,,,,,,,
7.39,99.338,Tropical Indo Pacific,Coastal,Halophila,2012,8.5,9.2,17.4,747.1,,,,,,,
7.39,99.338,Tropical Indo Pacific,Coastal,Halophila,2012,4.1,6.4,10.3,622.6,,,,,,,
7.392,99.331,Tropical Indo Pacific,Coastal,Halophila,2012,8.8,11.7,20.3,730.1,,,,,,,
7.392,99.331,Tropical Indo Pacific,Coastal,Halophila,2012,5.6,16.9,22.4,577.3,,,,,,,
7.396,99.319,Tropical Indo Pacific,Coastal,Halophila,2012,1.9,2.6,4.4,294.3,,,,,,,
7.396,99.319,Tropical Indo Pacific,Coastal,Halophila,2012,2.8,5.9,8.7,243.4,,,,,,,
7.396,99.312,Tropical Indo Pacific,Coastal,Halophila,2012,3.3,4.1,7.2,367.9,,,,,,,
7.396,99.312,Tropical Indo Pacific,Coastal,Halophila,2012,4.3,5.8,9.9,424.5,,,,,,,
7.382,99.303,Tropical Indo Pacific,Coastal,Halophila,2013,7.7,9.3,16.8,933.9,,,,,,,
7.382,99.303,Tropical Indo Pacific,Coastal,Halophila,2013,12.5,11.8,24,950.9,,,,,,,
7.388,99.308,Tropical Indo Pacific,Coastal,Halophila,2013,11.3,15.1,26.4,916.9,,,,,,,
7.388,99.308,Tropical Indo Pacific,Coastal,Halophila,2013,16.7,13.6,30.1,826.4,,,,,,,
7.39,99.338,Tropical Indo Pacific,Coastal,Halophila,2013,7.2,8.2,15.1,758.5,,,,,,,
7.39,99.338,Tropical Indo Pacific,Coastal,Halophila,2013,8.8,7.3,15.7,956.6,,,,,,,
7.392,99.331,Tropical Indo Pacific,Coastal,Halophila,2013,13.2,12.9,26.1,537.7,,,,,,,
7.392,99.331,Tropical Indo Pacific,Coastal,Halophila,2013,15.3,17.4,32.6,650.9,,,,,,,
7.396,99.319,Tropical Indo Pacific,Coastal,Halophila,2013,3.8,3.8,7,130.1,,,,,,,
7.396,99.319,Tropical Indo Pacific,Coastal,Halophila,2013,1.3,1.7,2.9,169.8,,,,,,,
7.396,99.312,Tropical Indo Pacific,Coastal,Halophila,2013,4.1,3.7,7.6,220.7,,,,,,,
7.396,99.312,Tropical Indo Pacific,Coastal,Halophila,2013,4.3,3.2,7.6,458.4,,,,,,,
44.615103,-124.032726,Temperate North Pacific,Estuarine,Zostera,2001,77.51,148.11,225.62,4076.3,,,,,,,
44.615103,-124.032726,Temperate North Pacific,Estuarine,Zostera,2001,82.61,171.4,254,6939.3,,,,,,,
44.615103,-124.032726,Temperate North Pacific,Estuarine,Zostera,2001,51.67,70.96,122.63,6793.8,,,,,,,
44.615103,-124.032726,Temperate North Pacific,Estuarine,Zostera,2001,86.24,92.79,179.04,9389.9,,,,,,,
44.615103,-124.032726,Temperate North Pacific,Estuarine,Zostera,2001,104.44,113.54,217.98,10239.2,,,,,,,
44.615103,-124.032726,Temperate North Pacific,Estuarine,Zostera,2001,69.87,79.69,149.56,6187.2,,,,,,,
44.615103,-124.032726,Temperate North Pacific,Estuarine,Zostera,2001,24.75,121.18,145.92,3930.7,,,,,,,
44.615103,-124.032726,Temperate North Pacific,Estuarine,Zostera,2001,36.03,102.98,139.01,3785.1,,,0.254,,,,
44.615103,-124.032726,Temperate North Pacific,Estuarine,Zostera,2002,27.29,92.79,120.09,3348.4,,,0.315,,,,
44.615103,-124.032726,Temperate North Pacific,Estuarine,Zostera,2002,25.47,71.32,96.8,1552.9,,,0.428,,,,
44.615103,-124.032726,Temperate North Pacific,Estuarine,Zostera,2002,41.85,100.07,141.92,3299.8,,,0.085,,,,
44.615103,-124.032726,Temperate North Pacific,Estuarine,Zostera,2002,54.95,99.71,154.66,5046.8,,,0.524,,,,
44.615103,-124.032726,Temperate North Pacific,Estuarine,Zostera,2002,77.87,77.15,155.02,9050.3,,,1.613,,,,
44.615103,-124.032726,Temperate North Pacific,Estuarine,Zostera,2002,60.41,60.41,120.82,8031.2,,,1.751,,,,
44.615103,-124.032726,Temperate North Pacific,Estuarine,Zostera,2002,67.69,138.28,205.97,7279,,,1.492,,,,
44.615103,-124.032726,Temperate North Pacific,Estuarine,Zostera,2002,39.3,65.5,104.8,4658.6,,,0.545,,,,
44.615103,-124.032726,Temperate North Pacific,Estuarine,Zostera,2002,64.77,89.52,154.29,4925.5,,,0.577,,,,
44.615103,-124.032726,Temperate North Pacific,Estuarine,Zostera,2003,23.65,72.42,96.07,3566.7,,,0.262,,,,
26.133,-97.229,Tropical Atlantic,Coastal,Thalassia,1995,75.16,912.5,1050,1302.82,,,0.466,,,,
26.133,-97.229,Tropical Atlantic,Coastal,Thalassia,1995,81.53,812.5,912.5,1345.07,,,0.699,,,,
26.133,-97.229,Tropical Atlantic,Coastal,Thalassia,1995,100.64,1050,1150,1415.49,,,1.558,,,,
26.133,-97.229,Tropical Atlantic,Coastal,Thalassia,1995,132.48,1025,1150,1612.68,,,1.398,0.308,0.308,,
26.133,-97.229,Tropical Atlantic,Coastal,Thalassia,1995,141.4,912.5,1012.5,1823.94,,,1.151,0.645,0.645,,
26.133,-97.229,Tropical Atlantic,Coastal,Thalassia,1995,124.84,662.5,787.5,1612.68,,,3.437,,,,
26.133,-97.229,Tropical Atlantic,Coastal,Thalassia,1995,135.03,1212.5,1387.5,1697.18,,,2.651,1.738,1.738,,
26.133,-97.229,Tropical Atlantic,Coastal,Thalassia,1995,96.82,837.5,937.5,1767.61,,,1.354,0.603,0.603,,
26.133,-97.229,Tropical Atlantic,Coastal,Thalassia,1995,103.18,650,787.5,1471.83,,,0.845,0.701,0.701,,
26.133,-97.229,Tropical Atlantic,Coastal,Thalassia,1995,,,,,,,1.019,,,,
26.133,-97.229,Tropical Atlantic,Coastal,Thalassia,1995,82.8,280.49,378.05,1105.63,,,,,,,
26.133,-97.229,Tropical Atlantic,Coastal,Thalassia,1995,68.79,402.44,500,1119.72,,,,,,,
26.133,-97.229,Tropical Atlantic,Coastal,Thalassia,1995,77.71,,,1274.65,,,,,,,
26.133,-97.229,Tropical Atlantic,Coastal,Thalassia,1995,76.43,451.22,524.39,1274.65,,,,,,,
26.133,-97.229,Tropical Atlantic,Coastal,Thalassia,1995,142.68,560.98,707.32,1584.51,,,,,,,
26.133,-97.229,Tropical Atlantic,Coastal,Thalassia,1995,136.31,536.59,658.54,1500,,,,,,,
26.133,-97.229,Tropical Atlantic,Coastal,Thalassia,1995,112.1,536.59,621.95,1077.46,,,,,,,
26.133,-97.229,Tropical Atlantic,Coastal,Thalassia,1995,90.45,597.56,670.73,1161.97,,,,,,,
26.133,-97.229,Tropical Atlantic,Coastal,Thalassia,1995,67.52,487.8,573.17,1176.06,,,,,,,
26.133,-97.229,Tropical Atlantic,Coastal,Thalassia,1996,62.42,900,987.5,1725.35,,,0.277,,,,
26.133,-97.229,Tropical Atlantic,Coastal,Thalassia,1996,109.55,1300,1425,2204.23,,,0.612,0.463,0.463,,
26.133,-97.229,Tropical Atlantic,Coastal,Thalassia,1996,82.8,787.5,900,1443.66,,,1.282,,,,
26.133,-97.229,Tropical Atlantic,Coastal,Thalassia,1996,129.94,1050,1187.5,1654.93,,,1.544,,,,
26.133,-97.229,Tropical Atlantic,Coastal,Thalassia,1996,115.92,1387.5,1500,1471.83,,,1.748,0.463,0.463,,
26.133,-97.229,Tropical Atlantic,Coastal,Thalassia,1996,119.75,900,1037.5,1612.68,,,1.689,1.374,1.374,,
26.133,-97.229,Tropical Atlantic,Coastal,Thalassia,1996,108.28,950,1062.5,1739.44,,,1.864,1.037,1.037,,
26.133,-97.229,Tropical Atlantic,Coastal,Thalassia,1996,122.29,1050,1175,1767.61,,,2.403,1.374,1.374,,
26.133,-97.229,Tropical Atlantic,Coastal,Thalassia,1996,154.14,1062.5,1200,2218.31,,,2.723,1.192,1.192,,
26.133,-97.229,Tropical Atlantic,Coastal,Thalassia,1996,128.66,1125,1275,2218.31,,,3.058,1.444,1.444,,
26.133,-97.229,Tropical Atlantic,Coastal,Thalassia,1996,,,,,,,1.82,1.206,1.206,,
26.133,-97.229,Tropical Atlantic,Coastal,Thalassia,1996,,,,,,,1.209,0.238,0.238,,
26.133,-97.229,Tropical Atlantic,Coastal,Thalassia,1996,45.86,463.41,524.39,1133.8,,,,,,,
26.133,-97.229,Tropical Atlantic,Coastal,Thalassia,1996,34.39,280.49,317.07,964.79,,,,,,,
26.133,-97.229,Tropical Atlantic,Coastal,Thalassia,1996,54.78,268.29,341.46,1063.38,,,1.843,0.35,0.35,,
26.133,-97.229,Tropical Atlantic,Coastal,Thalassia,1996,38.22,182.93,219.51,654.93,,,2.09,0.421,0.421,,
26.133,-97.229,Tropical Atlantic,Coastal,Thalassia,1996,100.64,536.59,646.34,1021.13,,,1.408,0.673,0.673,,
26.133,-97.229,Tropical Atlantic,Coastal,Thalassia,1996,147.77,646.34,792.68,1345.07,,,2.032,0.799,0.799,,
26.133,-97.229,Tropical Atlantic,Coastal,Thalassia,1996,107.01,475.61,621.95,1091.55,,,1.64,,,,
26.133,-97.229,Tropical Atlantic,Coastal,Thalassia,1996,105.73,597.56,682.93,1373.24,,,1.161,0.421,0.421,,
26.133,-97.229,Tropical Atlantic,Coastal,Thalassia,1996,91.72,439.02,548.78,1288.73,,,0.595,,,,
26.133,-97.229,Tropical Atlantic,Coastal,Thalassia,1996,57.32,451.22,512.2,1105.63,,,0.334,0.098,0.098,,
58.52,11.09,Temperate North Pacific,Coastal,Zostera,2004,,,,280,,,,,,,
58.54,11.01,Temperate North Pacific,Coastal,Zostera,2004,,,,520,,,,,,,
-4.306,39.584,Tropical Indo Pacific,Coastal,Thalassodendron,1997,,,,,,,,,,,0.008
-4.051,39.709,Tropical Indo Pacific,Coastal,Thalassodendron,1997,,,,,,,,,,,0.006
-4,39.733,Tropical Indo Pacific,Coastal,Thalassodendron,1997,,,,,,,,,,,0.007
-3.834,39.832,Tropical Indo Pacific,Coastal,Thalassodendron,1997,,,,,,,,,,,0.005
-3.467,39.95,Tropical Indo Pacific,Coastal,Thalassodendron,1997,,,,,,,,,,,0.007
-3.361,40.027,Tropical Indo Pacific,Coastal,Thalassodendron,1997,,,,,,,,,,,0.007
-6.166,39.439,Tropical Indo Pacific,Coastal,Thalassodendron,1998,,,,,,,,,,,0.007
-5.987,39.381,Tropical Indo Pacific,Coastal,Thalassodendron,1998,,,,,,,,,,,0.007
-5.824,39.233,Tropical Indo Pacific,Coastal,Thalassodendron,1998,,,,,,,,,,,0.007
-5.722,39.295,Tropical Indo Pacific,Coastal,Thalassodendron,1998,,,,,,,,,,,0.004
-6.189,39.537,Tropical Indo Pacific,Coastal,Thalassodendron,1998,,,,,,,,,,,0.005
42.428,27.652,Mediterranean,Coastal,Zostera,2014,95.29,33.83,129.68,2026.96,,,,,,,
42.428,27.652,Mediterranean,Coastal,Zostera,2014,52.51,103.06,156.06,1182.37,,,,,,,
42.435,27.523,Mediterranean,Coastal,Zostera,2014,50.47,66.8,117.17,1241.35,,,,,,,
42.331,27.756,Mediterranean,Coastal,Zostera,2014,83.03,59.68,142.32,1579.91,,,,,,,
-7.985,131.004,Tropical Indo Pacific,Coastal,Cymodocea,2015,,,,150,,,,,,,
-5.919,106.62,Tropical Indo Pacific,Coastal,Cymodocea,2015,,,,844,,,,,,,
1.229,104.464,Tropical Indo Pacific,Coastal,Cymodocea,2015,,,,166,,,,,,,
4.234,126.706,Tropical Indo Pacific,Coastal,Cymodocea,2015,,,,131,,,,,,,
-5.919,106.62,Tropical Indo Pacific,Coastal,Cymodocea,2015,,,,784,,,,,,,
1.229,104.464,Tropical Indo Pacific,Coastal,Cymodocea,2015,,,,120,,,,,,,
-5.919,106.62,Tropical Indo Pacific,Coastal,Enhalus,2015,,,,372,,,,,,,
1.229,104.464,Tropical Indo Pacific,Coastal,Enhalus,2015,,,,62,,,,,,,
4.234,126.706,Tropical Indo Pacific,Coastal,Enhalus,2015,,,,45,,,,,,,
1.229,104.464,Tropical Indo Pacific,Coastal,Halodule,2015,,,,112,,,,,,,
-7.985,131.004,Tropical Indo Pacific,Coastal,Halodule,2015,,,,323,,,,,,,
1.229,104.464,Tropical Indo Pacific,Coastal,Halodule,2015,,,,222,,,,,,,
4.234,126.706,Tropical Indo Pacific,Coastal,Halodule,2015,,,,16,,,,,,,
-7.985,131.004,Tropical Indo Pacific,Coastal,Halophila,2015,,,,161,,,,,,,
1.229,104.464,Tropical Indo Pacific,Coastal,Halophila,2015,,,,280,,,,,,,
-7.985,131.004,Tropical Indo Pacific,Coastal,Halophila,2015,,,,191,,,,,,,
1.229,104.464,Tropical Indo Pacific,Coastal,Halophila,2015,,,,350,,,,,,,
4.234,126.706,Tropical Indo Pacific,Coastal,Halophila,2015,,,,2,,,,,,,
1.229,104.464,Tropical Indo Pacific,Coastal,Halophila,2015,,,,244,,,,,,,
-7.985,131.004,Tropical Indo Pacific,Coastal,Syringodium,2015,,,,430,,,,,,,
-5.919,106.62,Tropical Indo Pacific,Coastal,Syringodium,2015,,,,612,,,,,,,
1.229,104.464,Tropical Indo Pacific,Coastal,Syringodium,2015,,,,318,,,,,,,
4.234,126.706,Tropical Indo Pacific,Coastal,Syringodium,2015,,,,11,,,,,,,
-5.919,106.62,Tropical Indo Pacific,Coastal,Thalassia,2015,,,,608,,,,,,,
1.229,104.464,Tropical Indo Pacific,Coastal,Thalassia,2015,,,,417,,,,,,,
4.234,126.706,Tropical Indo Pacific,Coastal,Thalassia,2015,,,,123,,,,,,,
4.234,126.706,Tropical Indo Pacific,Coastal,Thalassia,2015,,,,358,,,,,,,
11.34,72.425,Tropical Indo Pacific,Estuarine,Cymodocea,2010,,,,275.2,,,,,,,
11.34,72.425,Tropical Indo Pacific,Estuarine,Cymodocea,2010,,,,195.2,,,,,,,
11.34,72.425,Tropical Indo Pacific,Estuarine,Cymodocea,2010,,,,803.2,,,,,,,
11.34,72.425,Tropical Indo Pacific,Estuarine,Cymodocea,2010,,,,3.2,,,,,,,
11.34,72.425,Tropical Indo Pacific,Estuarine,Cymodocea,2010,,,,1382,,,,,,,
11.34,72.425,Tropical Indo Pacific,Estuarine,Cymodocea,2010,,,,1384,,,,,,,
11.34,72.425,Tropical Indo Pacific,Estuarine,Cymodocea,2010,,,,576,,,,,,,
11.34,72.425,Tropical Indo Pacific,Estuarine,Cymodocea,2010,,,,656,,,,,,,
11.34,72.425,Tropical Indo Pacific,Estuarine,Thalassia,2010,,,,32,,,,,,,
11.34,72.425,Tropical Indo Pacific,Estuarine,Thalassia,2010,,,,16,,,,,,,
11.34,72.425,Tropical Indo Pacific,Estuarine,Thalassia,2010,,,,1168,,,,,,,
11.34,72.425,Tropical Indo Pacific,Estuarine,Thalassia,2010,,,,784,,,,,,,
11.34,72.425,Tropical Indo Pacific,Estuarine,Thalassia,2010,,,,393.6,,,,,,,
11.34,72.425,Tropical Indo Pacific,Estuarine,Thalassia,2010,,,,176,,,,,,,
11.34,72.425,Tropical Indo Pacific,Estuarine,Thalassia,2010,,,,152,,,,,,,
11.34,72.425,Tropical Indo Pacific,Estuarine,Thalassia,2010,,,,112,,,,,,,
-16.42441,123.19621,Tropical Indo Pacific,Coastal,Thalassia,2013,316.55,2396.27,2712.8,,,,,,,,0.889
-16.39886,123.2099,Tropical Indo Pacific,Coastal,Thalassia,2013,68.35,952.28,1020.6,1096.43,,,,,,,0.899
-16.40441,123.22266,Tropical Indo Pacific,Coastal,Thalassia,2013,71.94,665.98,737.9,525,,,,,,,1.831
-16.41333,123.16991,Tropical Indo Pacific,Coastal,Thalassia,2013,67.45,385.89,453.3,514.29,,,,,,,1.681
-16.40548,123.1352,Tropical Indo Pacific,Coastal,Enhalus,2013,141.65,1035.79,1177.4,259.84,,,,,,,2.77
-16.39886,123.2099,Tropical Indo Pacific,Coastal,Enhalus,2013,105.71,833.68,939.4,94.49,,,,,,,1.174
-16.42441,123.19621,Tropical Indo Pacific,Coastal,Enhalus,2013,85.62,751.58,837.2,594.49,,,,,,,7.488
-16.42441,123.19621,Tropical Indo Pacific,Coastal,Thalassia,2014,236.05,1919.17,2155.2,1156.25,,,,,,,3.481
-16.42441,123.19621,Tropical Indo Pacific,Coastal,Thalassia,2014,204.94,1330.25,1535.2,924.11,,,,,,,1.805
-16.42441,123.19621,Tropical Indo Pacific,Coastal,Thalassia,2014,112.66,741.34,854,665.18,,,,,,,1.13
-16.42441,123.19621,Tropical Indo Pacific,Coastal,Thalassia,2014,175.97,1157.04,1333,674.11,,,,,,,1.779
-16.42441,123.19621,Tropical Indo Pacific,Coastal,Thalassia,2014,105.15,512.7,617.9,857.14,,,,,,,1.091
-16.42441,123.19621,Tropical Indo Pacific,Coastal,Thalassia,2014,177.04,519.63,696.7,700.89,,,,,,,2.364
-16.42441,123.19621,Tropical Indo Pacific,Coastal,Thalassia,2014,186.7,706.7,893.4,620.54,,,,,,,3.831
-16.42441,123.19621,Tropical Indo Pacific,Coastal,Thalassia,2014,170.6,512.7,683.3,593.75,,,,,,,2.195
-16.40548,123.1352,Tropical Indo Pacific,Coastal,Thalassia,2014,70.82,554.27,625.1,187.5,,,,,,,1.753
-16.40548,123.1352,Tropical Indo Pacific,Coastal,Thalassia,2014,97.64,512.7,610.3,276.79,,,,,,,1
-16.40548,123.1352,Tropical Indo Pacific,Coastal,Thalassia,2014,79.4,817.55,897,,,,,,,,0.519
-16.40548,123.1352,Tropical Indo Pacific,Coastal,Thalassia,2014,28.97,457.27,486.2,,,,,,,,1.546
-16.40548,123.1352,Tropical Indo Pacific,Coastal,Thalassia,2014,55.79,401.85,457.6,156.25,,,,,,,0.519
-16.40548,123.1352,Tropical Indo Pacific,Coastal,Thalassia,2014,77.25,436.49,513.7,,,,,,,,1.494
-16.40548,123.1352,Tropical Indo Pacific,Coastal,Thalassia,2014,26.82,249.42,276.2,44.64,,,,,,,0.39
-16.40548,123.1352,Tropical Indo Pacific,Coastal,Thalassia,2014,81.55,311.78,393.3,66.96,,,,,,,0.74
-16.39886,123.2099,Tropical Indo Pacific,Coastal,Thalassia,2014,107.01,1300.83,1407.8,1260.71,,,,,,,2.238
-16.39886,123.2099,Tropical Indo Pacific,Coastal,Thalassia,2014,70.14,,,,,,,,,,2.72
-16.40441,123.22266,Tropical Indo Pacific,Coastal,Thalassia,2014,100.72,672.2,772.9,867.86,,,,,,,3.405
-16.40441,123.22266,Tropical Indo Pacific,Coastal,Thalassia,2014,45.86,217.84,263.7,1060.71,,,,,,,2.334
-16.41333,123.16991,Tropical Indo Pacific,Coastal,Thalassia,2014,126.8,566.39,693.2,717.86,,,,,,,3.051
-16.41333,123.16991,Tropical Indo Pacific,Coastal,Thalassia,2014,71.04,348.55,419.6,971.43,,,,,,,1.103
-16.40548,123.1352,Tropical Indo Pacific,Coastal,Enhalus,2014,158.92,1151.52,1310.4,329.24,,,,,,,2.958
-16.40548,123.1352,Tropical Indo Pacific,Coastal,Enhalus,2014,149.14,1825.76,1974.9,162.16,,,,,,,
-16.40548,123.1352,Tropical Indo Pacific,Coastal,Enhalus,2014,89.24,1007.58,1096.8,402.95,,,,,,,
-16.40548,123.1352,Tropical Indo Pacific,Coastal,Enhalus,2014,268.95,1113.64,1382.6,358.72,,,,,,,
-16.40548,123.1352,Tropical Indo Pacific,Coastal,Enhalus,2014,81.91,575.76,657.7,221.13,,,,,,,
-16.40548,123.1352,Tropical Indo Pacific,Coastal,Enhalus,2014,264.06,1878.79,2142.8,339.07,,,,,,,2.253
-16.40548,123.1352,Tropical Indo Pacific,Coastal,Enhalus,2014,162.59,1068.18,1230.8,216.22,,,,,,,
-16.40548,123.1352,Tropical Indo Pacific,Coastal,Enhalus,2014,240.83,1250,1490.8,339.07,,,,,,,
-16.39886,123.2099,Tropical Indo Pacific,Coastal,Enhalus,2014,195.56,631.58,827.1,125.98,,,,,,,3.169
-16.39886,123.2099,Tropical Indo Pacific,Coastal,Enhalus,2014,84.57,435.79,520.4,114.17,,,,,,,1.221
-16.42441,123.19621,Tropical Indo Pacific,Coastal,Enhalus,2014,180.76,2008.42,2189.2,133.86,,,,,,,4.319
-16.42441,123.19621,Tropical Indo Pacific,Coastal,Enhalus,2014,165.96,397.89,563.9,137.8,,,,,,,2.136
-16.42441,123.19621,Tropical Indo Pacific,Coastal,Thalassia,2015,181.33,720.55,901.9,803.57,,,,,,,4.74
-16.42441,123.19621,Tropical Indo Pacific,Coastal,Thalassia,2015,55.79,353.35,409.1,1272.32,,,,,,,1.831
-16.42441,123.19621,Tropical Indo Pacific,Coastal,Thalassia,2015,157.37,1020.75,1178.1,1509.98,,,,,,,2.12
-16.40548,123.1352,Tropical Indo Pacific,Coastal,Thalassia,2015,38.63,159.35,198,133.93,,,,,,,1.143
-16.40548,123.1352,Tropical Indo Pacific,Coastal,Thalassia,2015,59.01,387.99,447,482.14,,,,,,,1.506
-16.39886,123.2099,Tropical Indo Pacific,Coastal,Thalassia,2015,30.58,385.89,416.5,1417.86,,,,,,,0.857
-16.39886,123.2099,Tropical Indo Pacific,Coastal,Thalassia,2015,123.2,1531.12,1654.3,1775,,,,,,,1.263
-16.40441,123.22266,Tropical Indo Pacific,Coastal,Thalassia,2015,32.37,292.53,324.9,1028.57,,,,,,,1.863
-16.40441,123.22266,Tropical Indo Pacific,Coastal,Thalassia,2015,54.86,759.34,814.2,1510.71,,,,,,,3.383
-16.41333,123.16991,Tropical Indo Pacific,Coastal,Thalassia,2015,15.29,112.03,127.3,457.14,,,,,,,0.428
-16.41333,123.16991,Tropical Indo Pacific,Coastal,Thalassia,2015,107.01,697.1,804.1,1307.14,,,,,,,1.488
-16.40548,123.1352,Tropical Indo Pacific,Coastal,Enhalus,2015,105.13,575.76,680.9,235.87,,,,,,,
-16.40548,123.1352,Tropical Indo Pacific,Coastal,Enhalus,2015,2.44,30.3,32.7,127.76,,,,,,,
-16.40548,123.1352,Tropical Indo Pacific,Coastal,Enhalus,2015,138.48,1212.63,1351.1,236.22,,,,,,,1.901
-16.39886,123.2099,Tropical Indo Pacific,Coastal,Enhalus,2015,94.08,341.05,435.1,,,,,,,,0.305
-16.39886,123.2099,Tropical Indo Pacific,Coastal,Enhalus,2015,46.51,366.32,412.8,114.17,,,,,,,1.009
-16.42441,123.19621,Tropical Indo Pacific,Coastal,Enhalus,2015,61.31,341.05,402.4,98.43,,,,,,,0.845
-16.42441,123.19621,Tropical Indo Pacific,Coastal,Enhalus,2015,118.39,713.68,832.1,263.78,,,,,,,2.089
-25.45,113.45,Tropical Indo Pacific,Coastal,Posidonia,1982,,,,585.01,,,,,,,
-25.45,113.45,Tropical Indo Pacific,Coastal,Amphibolis,1983,,,,716.67,,,,,,,
-25.45,113.45,Tropical Indo Pacific,Coastal,Amphibolis,2011,,,,593.08,,,,,,,
-25.45,113.45,Tropical Indo Pacific,Coastal,Amphibolis,2011,,,,394.44,,,,,,,
-25.45,113.45,Tropical Indo Pacific,Coastal,Posidonia,2011,,,,286.51,,,,,,,
-25.45,113.45,Tropical Indo Pacific,Coastal,Posidonia,2011,,,,257.14,,,,,,,
-25.45,113.45,Tropical Indo Pacific,Coastal,Amphibolis,2013,,,,262.12,,,,,,,
-25.45,113.45,Tropical Indo Pacific,Coastal,Posidonia,2014,,,,200.74,,,,,,,
-25.45,113.45,Tropical Indo Pacific,Coastal,Amphibolis,2016,,,,229.5,,,,,,,
-25.45,113.45,Tropical Indo Pacific,Coastal,Posidonia,2016,,,,223.73,,,,,,,
-25.45,113.45,Tropical Indo Pacific,Coastal,Posidonia,2016,,,,754,,,,,,,
-25.45,113.45,Tropical Indo Pacific,Coastal,Posidonia,2016,,,,343.11,,,,,,,
-25.45,113.45,Tropical Indo Pacific,Coastal,Posidonia,2017,,,,730.31,,,,,,,
-25.45,113.45,Tropical Indo Pacific,Coastal,Posidonia,2018,,,,651.2,,,,,,,
-25.45,113.45,Tropical Indo Pacific,Coastal,Posidonia,2018,,,,654.8,,,,,,,
-25.45,113.45,Tropical Indo Pacific,Coastal,Posidonia,2018,,,,768.25,,,,,,,
49.662,-124.949,Temperate North Atlantic,Estuarine,Zostera,2015,,,,36,,,,,,,
49.662,-124.949,Temperate North Atlantic,Estuarine,Zostera,2015,,,,86,,,,,,,
49.662,-124.949,Temperate North Atlantic,Estuarine,Zostera,2015,,,,203.3,,,,,,,
49.662,-124.949,Temperate North Atlantic,Estuarine,Zostera,2016,,,,32,,,,,,,
49.662,-124.949,Temperate North Atlantic,Estuarine,Zostera,2016,,,,76.8,,,,,,,
49.662,-124.949,Temperate North Atlantic,Estuarine,Zostera,2016,,,,180.3,,,,,,,
45.4,-123.953,Tropical Atlantic,Estuarine,Zostera,1980,,,,1327,,,,,,,
45.4,-123.953,Tropical Atlantic,Estuarine,Zostera,1980,,,,827,,,,,,,
45.4,-123.953,Tropical Atlantic,Estuarine,Zostera,1980,,,,760,,,,,,,
45.4,-123.953,Tropical Atlantic,Estuarine,Zostera,1980,98.7,,261,2788,,,,,,3.5,
45.4,-123.953,Tropical Atlantic,Estuarine,Zostera,1980,,,47,779,,,,,,8.6,
45.4,-123.953,Tropical Atlantic,Estuarine,Zostera,1980,7.3,,62,683,,,,,,2.7,
45.4,-123.953,Tropical Atlantic,Estuarine,Zostera,1980,114.8,,275,2058,,,,,,4.6,
45.4,-123.953,Tropical Atlantic,Estuarine,Zostera,1980,,,91,1135,,,,,,1.9,
45.4,-123.953,Tropical Atlantic,Estuarine,Zostera,1980,8.1,,47,538,,,,,,2.5,
45.4,-123.953,Tropical Atlantic,Estuarine,Zostera,1980,162.1,,321,1981,,,,,,4.7,
45.4,-123.953,Tropical Atlantic,Estuarine,Zostera,1980,197.9,,365,1817,,,,,,2,
45.4,-123.953,Tropical Atlantic,Estuarine,Zostera,1980,,,91,865,,,,,,2.5,
45.4,-123.953,Tropical Atlantic,Estuarine,Zostera,1980,,,118,904,,,,,,3.6,
45.4,-123.953,Tropical Atlantic,Estuarine,Zostera,1980,30.3,,65,779,,,,,,2,
45.4,-123.953,Tropical Atlantic,Estuarine,Zostera,1980,49.5,,,1010,,,,,,3.6,
45.4,-123.953,Tropical Atlantic,Estuarine,Zostera,1980,256.2,,465,1346,,,,,,4.6,
45.4,-123.953,Tropical Atlantic,Estuarine,Zostera,1980,,,148,1462,,,,,,2,
45.4,-123.953,Tropical Atlantic,Estuarine,Zostera,1980,57.1,,103,1308,,,,,,1.8,
45.4,-123.953,Tropical Atlantic,Estuarine,Zostera,1980,173.9,,321,1067,,,,,,2.9,
45.4,-123.953,Tropical Atlantic,Estuarine,Zostera,1980,35,,128,913,,,,,,1.1,
45.4,-123.953,Tropical Atlantic,Estuarine,Zostera,1980,119.4,,129,837,,,,,,,
45.4,-123.953,Tropical Atlantic,Estuarine,Zostera,1980,22,,253,913,,,,,,,
45.4,-123.953,Tropical Atlantic,Estuarine,Zostera,1980,70.2,,169,1019,,,,,,,
45.4,-123.953,Tropical Atlantic,Estuarine,Zostera,1980,22,,86,519,,,,,,,
45.4,-123.953,Tropical Atlantic,Estuarine,Zostera,1981,57.6,,119,1673,,,,,,,
45.4,-123.953,Tropical Atlantic,Estuarine,Zostera,1981,22.3,,56,1010,,,,,,,
45.4,-123.953,Tropical Atlantic,Estuarine,Zostera,1981,166.5,,288,3702,,,,,,9.1,
45.4,-123.953,Tropical Atlantic,Estuarine,Zostera,1981,21.6,,46,1154,,,,,,1.5,
45.4,-123.953,Tropical Atlantic,Estuarine,Zostera,1981,181,,306,3269,,,,,,7.4,
45.4,-123.953,Tropical Atlantic,Estuarine,Zostera,1981,202.4,,350,3096,,,,,,10.3,
45.4,-123.953,Tropical Atlantic,Estuarine,Zostera,1981,32.4,,63,856,,,,,,2,
45.4,-123.953,Tropical Atlantic,Estuarine,Zostera,1981,84.4,,151,1625,,,,,,4.5,
45.4,-123.953,Tropical Atlantic,Estuarine,Zostera,1981,226,,,,,,,,,8,
45.4,-123.953,Tropical Atlantic,Estuarine,Zostera,1981,60,,,,,,,,,2.5,
24.957,-80.707,Tropical Atlantic,Coastal,Thalassia,1984,431,,,,,,,,,,
24.957,-80.707,Tropical Atlantic,Coastal,Thalassia,1984,353,768,,,,,,,,,
34.689,-76.597,Tropical Atlantic,Estuarine,Zostera,1984,,165,,,,,,,,,
-13.791,136.628,Tropical Indo Pacific,Estuarine,Cymodocea,1988,173.7,,,641.9,,,,,,,
-13.816,136.547,Tropical Indo Pacific,Estuarine,Cymodocea,1988,86.5,,,523.1,,,,,,,
-13.825,136.447,Tropical Indo Pacific,Estuarine,Cymodocea,1988,1.4,,,9.5,,,,,,,
-13.791,136.628,Tropical Indo Pacific,Estuarine,Enhalus,1988,35.2,,,17.7,,,,,,,
-13.816,136.547,Tropical Indo Pacific,Estuarine,Enhalus,1988,7.2,,,3.9,,,,,,,
-13.825,136.447,Tropical Indo Pacific,Estuarine,Enhalus,1988,46.6,,,23.2,,,,,,,
-13.791,136.628,Tropical Indo Pacific,Estuarine,Syringodium,1988,,,,,,,,,,,
-13.816,136.547,Tropical Indo Pacific,Estuarine,Syringodium,1988,50.1,,,2548.7,,,,,,,
-13.825,136.447,Tropical Indo Pacific,Estuarine,Syringodium,1988,,,,,,,,,,,
-31.984977,115.836998,Temperate Southern,Estuarine,Halophila,2005,780,850,1630,,,,,,,,29.93
35.087,128.535,Temperate North Pacific,Estuarine,Zostera,2002,,,,,,,,,,,0.025
35.087,128.535,Temperate North Pacific,Estuarine,Zostera,2002,,,,,,,,,,,0.024
35.087,128.535,Temperate North Pacific,Estuarine,Zostera,2002,,,,,,,,,,,0.019
35.087,128.535,Temperate North Pacific,Estuarine,Zostera,2002,,,,,,,,,,,0.03
35.087,128.535,Temperate North Pacific,Estuarine,Zostera,2002,,,,,,,,,,,0.012
35.087,128.535,Temperate North Pacific,Estuarine,Zostera,2002,,,,,,,,,,,0.013
35.087,128.535,Temperate North Pacific,Estuarine,Zostera,2002,,,,,,,,,,,0.011
35.087,128.535,Temperate North Pacific,Estuarine,Zostera,2002,,,,,,,,,,,0.006
35.087,128.535,Temperate North Pacific,Estuarine,Zostera,2002,,,,,,,,,,,0.007
35.087,128.535,Temperate North Pacific,Estuarine,Zostera,2002,,,,,,,,,,,0.003
35.087,128.535,Temperate North Pacific,Estuarine,Zostera,2002,,,,,,,,,,,0.007
35.087,128.535,Temperate North Pacific,Estuarine,Zostera,2002,,,,,,,,,,,0.006
35.087,128.535,Temperate North Pacific,Estuarine,Zostera,2003,,,,,,,,,,,0.006
35.087,128.535,Temperate North Pacific,Estuarine,Zostera,2003,,,,,,,,,,,0.005
35.087,128.535,Temperate North Pacific,Estuarine,Zostera,2003,,,,,,,,,,,0.009
35.087,128.535,Temperate North Pacific,Estuarine,Zostera,2003,,,,,,,,,,,0.008
35.087,128.535,Temperate North Pacific,Estuarine,Zostera,2003,,,,,,,,,,,0.006
35.087,128.535,Temperate North Pacific,Estuarine,Zostera,2003,,,,,,,,,,,0.02
35.087,128.535,Temperate North Pacific,Estuarine,Zostera,2003,,,,,,,,,,,0.012
35.087,128.535,Temperate North Pacific,Estuarine,Zostera,2003,,,,,,,,,,,0.016
35.087,128.535,Temperate North Pacific,Estuarine,Zostera,2003,,,,,,,,,,,0.02
35.087,128.535,Temperate North Pacific,Estuarine,Zostera,2003,,,,,,,,,,,0.022
35.087,128.535,Temperate North Pacific,Estuarine,Zostera,2003,,,,,,,,,,,0.012
35.087,128.535,Temperate North Pacific,Estuarine,Zostera,2003,,,,,,,,,,,0.013
35.087,128.535,Temperate North Pacific,Estuarine,Zostera,2003,,,,,,,,,,,0.015
35.087,128.535,Temperate North Pacific,Estuarine,Zostera,2003,,,,,,,,,,,0.005
35.087,128.535,Temperate North Pacific,Estuarine,Zostera,2003,,,,,,,,,,,0.008
35.087,128.535,Temperate North Pacific,Estuarine,Zostera,2003,,,,,,,,,,,0.004
35.087,128.535,Temperate North Pacific,Estuarine,Zostera,2003,,,,,,,,,,,0.007
35.087,128.535,Temperate North Pacific,Estuarine,Zostera,2003,,,,,,,,,,,0.005
35.087,128.535,Temperate North Pacific,Estuarine,Zostera,2003,,,,,,,,,,,0.006
35.087,128.535,Temperate North Pacific,Estuarine,Zostera,2003,,,,,,,,,,,0.004
35.087,128.535,Temperate North Pacific,Estuarine,Zostera,2003,,,,,,,,,,,0.008
35.087,128.535,Temperate North Pacific,Estuarine,Zostera,2004,,,,,,,,,,,0.006
35.087,128.535,Temperate North Pacific,Estuarine,Zostera,2004,,,,,,,,,,,0.004
34.48,127.81,Temperate North Pacific,Coastal,Halophila,2008,12.6,12.4,25.3,,,,2.011,2.72,4.757,,
34.48,127.81,Temperate North Pacific,Coastal,Halophila,2008,14.59,17.53,32.42,,,,2.312,2.356,4.688,,
34.48,127.81,Temperate North Pacific,Coastal,Halophila,2008,12.36,15.24,28,,,,1.804,2.29,4.116,,
34.48,127.81,Temperate North Pacific,Coastal,Halophila,2008,13.23,21.97,35.6,,,,1.949,2.402,4.375,,
34.48,127.81,Temperate North Pacific,Coastal,Halophila,2008,13.93,21.34,35.74,,,,0.792,0.907,1.727,,
34.48,127.81,Temperate North Pacific,Coastal,Halophila,2008,11.26,17.83,29.63,,,,0.647,1.255,1.931,,
34.48,127.81,Temperate North Pacific,Coastal,Halophila,2008,11.7,19.16,31.08,,,,,,,,
34.48,127.81,Temperate North Pacific,Coastal,Halophila,2008,10.46,15.54,26.24,,,,,,,,
34.48,127.81,Temperate North Pacific,Coastal,Halophila,2009,6.14,14.63,21.09,,,,0.178,0.232,0.442,,
34.48,127.81,Temperate North Pacific,Coastal,Halophila,2009,3.91,12.41,16.31,,,,,,,,
34.48,127.81,Temperate North Pacific,Coastal,Halophila,2009,3.55,10.76,14.34,,,,0.131,0.219,0.371,,
34.48,127.81,Temperate North Pacific,Coastal,Halophila,2009,5.86,15.31,21.48,,,,,,,,
34.48,127.81,Temperate North Pacific,Coastal,Halophila,2009,8.48,10.79,19.28,,,,0.181,0.274,0.466,,
34.48,127.81,Temperate North Pacific,Coastal,Halophila,2009,9.74,14.3,24.15,,,,1.443,1.489,2.929,,
34.48,127.81,Temperate North Pacific,Coastal,Halophila,2009,10.33,12.07,22.43,,,,2.689,3.105,5.818,,
34.48,127.81,Temperate North Pacific,Coastal,Halophila,2009,15.76,15.58,31.55,,,,2.86,2.779,5.651,,
34.48,127.81,Temperate North Pacific,Coastal,Halophila,2009,13.34,15.58,29.06,,,,1.741,1.757,3.519,,
34.923,127.788,Temperate North Pacific,Estuarine,Zostera,2003,126.34,57.34,173.45,465.31,,,,,,,
34.923,127.788,Temperate North Pacific,Estuarine,Zostera,2003,188.17,59.07,242.18,704.08,,,,,,,1.957
34.923,127.788,Temperate North Pacific,Estuarine,Zostera,2003,268.82,68.34,327.27,557.14,,,,,,,4.766
34.923,127.788,Temperate North Pacific,Estuarine,Zostera,2003,139.78,19.69,147.27,257.14,,,,,,,3.447
34.923,127.788,Temperate North Pacific,Estuarine,Zostera,2003,443.55,67.76,510.55,330.61,,,,,,,6.426
34.923,127.788,Temperate North Pacific,Estuarine,Zostera,2003,475.81,88.03,559.64,251.02,,,,,,,
34.923,127.788,Temperate North Pacific,Estuarine,Zostera,2003,475.81,108.3,579.27,290.82,,,,,,,11.872
34.923,127.788,Temperate North Pacific,Estuarine,Zostera,2003,198.92,60.81,261.82,370.41,,,,,,,4.34
34.923,127.788,Temperate North Pacific,Estuarine,Zostera,2003,158.6,70.66,225.82,367.35,,,,,,,2.681
34.923,127.788,Temperate North Pacific,Estuarine,Zostera,2003,163.98,70.08,229.09,238.78,,,,,,,2.936
34.923,127.788,Temperate North Pacific,Estuarine,Zostera,2003,155.91,62.55,219.27,269.39,,,,,,,1.319
34.923,127.788,Temperate North Pacific,Estuarine,Zostera,2003,126.34,30.69,153.82,416.33,,,,,,,2.085
34.923,127.788,Temperate North Pacific,Estuarine,Zostera,2003,139.78,31.85,163.64,391.84,,,,,,,1.83
34.923,127.788,Temperate North Pacific,Estuarine,Zostera,2003,239.25,77.61,307.64,645.92,,,,,,,1.021
34.923,127.788,Temperate North Pacific,Estuarine,Zostera,2003,274.19,86.29,343.64,823.47,,,,,,,1.957
34.923,127.788,Temperate North Pacific,Estuarine,Zostera,2003,317.2,78.76,386.18,502.04,,,,,,,2.766
34.923,127.788,Temperate North Pacific,Estuarine,Zostera,2003,373.66,70.08,448.36,290.82,,,,,,,11.745
34.923,127.788,Temperate North Pacific,Estuarine,Zostera,2003,494.62,89.77,579.27,229.59,,,,,,,10
34.923,127.788,Temperate North Pacific,Estuarine,Zostera,2003,432.8,75.29,500.73,150,,,,,,,
34.923,127.788,Temperate North Pacific,Estuarine,Zostera,2003,250,57.92,297.82,192.86,,,,,,,6.681
34.923,127.788,Temperate North Pacific,Estuarine,Zostera,2003,169.35,56.76,219.27,134.69,,,,,,,5.574
34.923,127.788,Temperate North Pacific,Estuarine,Zostera,2003,129.03,75.29,206.18,143.88,,,,,,,3.787
34.923,127.788,Temperate North Pacific,Estuarine,Zostera,2004,139.78,44.59,176.73,232.65,,,,,,,2.085
34.923,127.788,Temperate North Pacific,Estuarine,Zostera,2004,225.81,60.81,284.73,370.41,,,,,,,1.915
34.923,127.788,Temperate North Pacific,Estuarine,Zostera,2004,45.7,15.06,58.91,272.45,,,,,,,3.362
34.923,127.788,Temperate North Pacific,Estuarine,Zostera,2004,129.03,29.54,147.27,223.47,,,,,,,
34.923,127.788,Temperate North Pacific,Estuarine,Zostera,2004,137.1,42.86,183.27,162.24,,,,,,,1.447
34.923,127.788,Temperate North Pacific,Estuarine,Zostera,2004,94.09,22.59,104.73,137.76,,,,,,,
34.923,127.788,Temperate North Pacific,Estuarine,Zostera,2004,107.53,26.64,117.82,174.49,,,,,,,2.34
34.923,127.788,Temperate North Pacific,Estuarine,Zostera,2004,51.08,14.48,68.73,165.31,,,,,,,1.83
34.923,127.788,Temperate North Pacific,Estuarine,Zostera,2004,67.2,19.69,81.82,146.94,,,,,,,1.319
34.923,127.788,Temperate North Pacific,Estuarine,Zostera,2004,29.57,13.32,45.82,64.29,,,,,,,0.553
34.923,127.788,Temperate North Pacific,Estuarine,Zostera,2004,37.63,16.22,55.64,192.86,,,,,,,1.234
34.923,127.788,Temperate North Pacific,Estuarine,Zostera,2004,32.26,15.64,39.27,254.08,,,,,,,0.468
34.923,127.788,Temperate North Pacific,Estuarine,Zostera,2004,34.95,15.64,49.09,348.98,,,,,,,0.298
34.923,127.788,Temperate North Pacific,Estuarine,Zostera,2004,34.95,12.16,36,251.02,,,,,,,0.425
34.923,127.788,Temperate North Pacific,Estuarine,Zostera,2004,67.2,24.9,101.45,502.04,,,,,,,0.468
34.923,127.788,Temperate North Pacific,Estuarine,Zostera,2004,206.99,41.12,232.36,410.2,,,,,,,3.064
34.923,127.788,Temperate North Pacific,Estuarine,Zostera,2004,172.04,34.75,209.45,241.84,,,,,,,4.34
34.923,127.788,Temperate North Pacific,Estuarine,Zostera,2004,322.58,48.65,369.82,226.53,,,,,,,5.191
34.923,127.788,Temperate North Pacific,Estuarine,Zostera,2004,252.69,67.76,314.18,195.92,,,,,,,4.851
34.923,127.788,Temperate North Pacific,Estuarine,Zostera,2004,110.22,59.07,176.73,192.86,,,,,,,1.872
34.923,127.788,Temperate North Pacific,Estuarine,Zostera,2004,48.39,23.17,68.73,110.2,,,,,,,1.192
34.923,127.788,Temperate North Pacific,Estuarine,Zostera,2004,51.08,34.17,81.82,107.14,,,,,,,1.064
34.923,127.788,Temperate North Pacific,Estuarine,Zostera,2004,18.82,6.95,22.91,52.04,,,,,,,0.425
34.923,127.788,Temperate North Pacific,Estuarine,Zostera,2004,53.76,19.69,58.91,220.41,,,,,,,0.681
34.807,128.581,Temperate North Pacific,Coastal,Zostera,2003,234.48,252.56,487.04,1822.03,,,,,,,
34.807,128.581,Temperate North Pacific,Coastal,Zostera,2003,130.62,194.43,325.05,1313.56,,,,,,,
34.807,128.581,Temperate North Pacific,Coastal,Zostera,2003,125.27,130.29,255.56,1271.19,,,,,,,
34.807,128.581,Temperate North Pacific,Coastal,Zostera,2003,221.51,166.27,387.78,852.11,,,,,,,
34.807,128.581,Temperate North Pacific,Coastal,Zostera,2003,338.71,134.91,473.62,711.27,,,,,,,
34.807,128.581,Temperate North Pacific,Coastal,Zostera,2003,182.8,85.21,268,654.93,,,,,,,
34.807,128.581,Temperate North Pacific,Coastal,Zostera,2003,179.14,102.73,281.87,862.32,,,,,,,
34.807,128.581,Temperate North Pacific,Coastal,Zostera,2003,165.53,93.28,258.81,992.75,,,,,,,
34.807,128.581,Temperate North Pacific,Coastal,Zostera,2003,109.98,57.98,167.96,797.1,,,,,,,
34.807,128.581,Temperate North Pacific,Coastal,Zostera,2003,116.78,69.96,186.74,847.83,,,,,,,
34.807,128.581,Temperate North Pacific,Coastal,Zostera,2004,183.98,88.54,272.52,1490.51,,,,,,,
34.807,128.581,Temperate North Pacific,Coastal,Zostera,2004,169.91,151.59,321.51,1836.04,,,,,,,
34.807,128.581,Temperate North Pacific,Coastal,Zostera,2004,142.86,87.26,230.12,1280.49,,,,,,,
34.807,128.581,Temperate North Pacific,Coastal,Zostera,2004,159.09,87.26,246.35,1449.86,,,,,,,
34.807,128.581,Temperate North Pacific,Coastal,Zostera,2004,62.4,60.4,128.6,4760.48,,,,,,,1.905
34.807,128.581,Temperate North Pacific,Coastal,Zostera,2004,85.3,69,156.2,4820.36,,,,,,,1.858
34.807,128.581,Temperate North Pacific,Coastal,Zostera,2004,81.4,59.5,141.5,4491.02,,,,,,,1.029
34.807,128.581,Temperate North Pacific,Coastal,Zostera,2004,35.71,39.55,75.27,4341.3,,,,,,,0.266
34.807,128.581,Temperate North Pacific,Coastal,Zostera,2004,55.88,49.61,105.49,4101.8,,,,,,,0.166
34.807,128.581,Temperate North Pacific,Coastal,Zostera,2004,27.73,28.83,56.56,3892.2,,,,,,,0.139
34.807,128.581,Temperate North Pacific,Coastal,Zostera,2004,102.94,44.58,147.52,4000,,,,,,,1.593
34.807,128.581,Temperate North Pacific,Coastal,Zostera,2004,89.08,51.96,141.03,4558.8,,,,,,,1.726
34.807,128.581,Temperate North Pacific,Coastal,Zostera,2004,54.62,55.31,109.93,4029.4,,,,,,,1.752
34.807,128.581,Temperate North Pacific,Coastal,Zostera,2005,49,49.2,95.5,4161.68,,,,,,,0.863
34.807,128.581,Temperate North Pacific,Coastal,Zostera,2005,48,80.2,130.5,5329.34,,,,,,,0.717
34.807,128.581,Temperate North Pacific,Coastal,Zostera,2005,102.4,76.8,183.8,8413.17,,,,,,,1.4
34.807,128.581,Temperate North Pacific,Coastal,Zostera,2005,103.4,79.4,181.9,7035.93,,,,,,,1.062
34.807,128.581,Temperate North Pacific,Coastal,Zostera,2005,100.5,88,185.6,4940.12,,,,,,,2.018
34.807,128.581,Temperate North Pacific,Coastal,Zostera,2005,116.8,75.9,194.8,5778.44,,,,,,,2.588
34.807,128.581,Temperate North Pacific,Coastal,Zostera,2005,77.7,66.4,137.8,3802.4,,,,,,,1.839
34.807,128.581,Temperate North Pacific,Coastal,Zostera,2005,50.9,68.2,123.1,3143.71,,,,,,,2.15
34.807,128.581,Temperate North Pacific,Coastal,Zostera,2005,28.57,41.56,70.14,3802.4,,,,,,,0.139
34.807,128.581,Temperate North Pacific,Coastal,Zostera,2005,36.97,41.23,78.2,4640.7,,,,,,,0.066
34.807,128.581,Temperate North Pacific,Coastal,Zostera,2005,34.87,38.55,73.42,3892.2,,,,,,,0.246
34.807,128.581,Temperate North Pacific,Coastal,Zostera,2005,37.39,48.27,85.66,3682.6,,,,,,,
34.807,128.581,Temperate North Pacific,Coastal,Zostera,2005,23.11,60.67,83.78,2784.4,,,,,,,0.411
34.807,128.581,Temperate North Pacific,Coastal,Zostera,2005,20.17,44.25,64.41,2275.4,,,,,,,0.226
34.807,128.581,Temperate North Pacific,Coastal,Zostera,2005,36.55,43.91,80.47,3024,,,,,,,0.219
34.807,128.581,Temperate North Pacific,Coastal,Zostera,2005,23.95,44.25,68.2,2994,,,,,,,
34.807,128.581,Temperate North Pacific,Coastal,Zostera,2005,50,46.93,96.93,4205.9,,,,,,,1.228
34.807,128.581,Temperate North Pacific,Coastal,Zostera,2005,43.28,44.25,87.52,4382.4,,,,,,,0.949
34.807,128.581,Temperate North Pacific,Coastal,Zostera,2005,50,65.03,115.03,5500,,,,,,,0.962
34.807,128.581,Temperate North Pacific,Coastal,Zostera,2005,93.7,54.3,148,4500,,,,,,,1.739
34.807,128.581,Temperate North Pacific,Coastal,Zostera,2005,84.45,63.35,147.81,3117.6,,,,,,,1.633
34.807,128.581,Temperate North Pacific,Coastal,Zostera,2005,79.83,57.99,137.82,3117.6,,,,,,,1.799
34.807,128.581,Temperate North Pacific,Coastal,Zostera,2005,78.99,54.97,133.96,2941.2,,,,,,,0.478
34.807,128.581,Temperate North Pacific,Coastal,Zostera,2005,39.08,63.35,102.43,2764.7,,,,,,,
34.807,128.581,Temperate North Pacific,Coastal,Zostera,2006,28,51.7,80.8,2455.09,,,,,,,1.016
34.807,128.581,Temperate North Pacific,Coastal,Zostera,2006,31.8,41.4,71.7,2365.27,,,,,,,0.624
34.807,128.581,Temperate North Pacific,Coastal,Zostera,2006,70,80.3,145.2,4341.32,,,,,,,0.339
34.807,128.581,Temperate North Pacific,Coastal,Zostera,2006,15.55,36.54,52.08,2694.6,,,,,,,0.06
34.807,128.581,Temperate North Pacific,Coastal,Zostera,2006,14.71,23.46,38.17,2245.5,,,,,,,
34.807,128.581,Temperate North Pacific,Coastal,Zostera,2006,13.03,17.43,30.46,2215.6,,,,,,,
34.807,128.581,Temperate North Pacific,Coastal,Zostera,2006,27.31,51.62,78.93,2441.2,,,,,,,0.392
34.807,128.581,Temperate North Pacific,Coastal,Zostera,2006,28.15,37.88,66.03,2617.6,,,,,,,
34.807,128.581,Temperate North Pacific,Coastal,Zostera,2006,72.27,62.01,134.28,3617.6,,,,,,,
34.728,128.035,Temperate North Pacific,Coastal,Halophila,2012,12,18,30,4049,,,,,,,
34.728,128.035,Temperate North Pacific,Coastal,Halophila,2012,19,29,48,4092,,,,,,,
34.728,128.035,Temperate North Pacific,Coastal,Halophila,2012,14,12,26,3495,,,,,,,
34.728,128.036,Temperate North Pacific,Coastal,Zostera,2012,180,97,277,473,,,,,,,
34.728,128.036,Temperate North Pacific,Coastal,Zostera,2012,99,58,157,306,,,,,,,
34.728,128.036,Temperate North Pacific,Coastal,Zostera,2012,34,22,56,268,,,,,,,
34.728,128.035,Temperate North Pacific,Coastal,Halophila,2013,6,9,15,2609,,,,,,,
34.728,128.035,Temperate North Pacific,Coastal,Halophila,2013,21,23,44,3219,,,,,,,
34.728,128.036,Temperate North Pacific,Coastal,Zostera,2013,420,69,489,533,,,,,,,
34.728,128.036,Temperate North Pacific,Coastal,Zostera,2013,220,74,294,375,,,,,,,
34.728,128.035,Temperate North Pacific,Coastal,Halophila,2014,4,10,14,1525,,,,,,,
34.728,128.036,Temperate North Pacific,Coastal,Zostera,2014,147,33,180,337,,,,,,,
34.8,128.583,Tropical Indo Pacific,Coastal,Zostera,2010,102,27,128,,,,,,,,
34.8,128.583,Tropical Indo Pacific,Coastal,Zostera,2010,92,32,127,,,,,,,,
34.8,128.583,Tropical Indo Pacific,Coastal,Zostera,2010,60,35,95,,,,,,,,
34.8,128.583,Tropical Indo Pacific,Coastal,Zostera,2010,65,49,114,,,,,,,,
34.8,128.583,Tropical Indo Pacific,Coastal,Zostera,2010,61,55,117,,,,,,,,
55.993,8.194,Temperate North Atlantic,Estuarine,Ruppia,1977,2.08,4.01,6.09,,,,,,,,
55.993,8.194,Temperate North Atlantic,Estuarine,Ruppia,1977,3.69,7.42,11.11,,,,,,,,
55.993,8.194,Temperate North Atlantic,Estuarine,Ruppia,1978,0.88,1.32,2.2,,,,,,,,
55.993,8.194,Temperate North Atlantic,Estuarine,Ruppia,1978,1.95,2.02,3.97,,,,,,,,
55.993,8.194,Temperate North Atlantic,Estuarine,Ruppia,1978,2.81,3.78,6.59,,,,,,,,
55.993,8.194,Temperate North Atlantic,Estuarine,Ruppia,1978,2.15,3.64,5.79,,,,,,,,
55.993,8.194,Temperate North Atlantic,Estuarine,Ruppia,1978,4.42,5.41,9.83,,,,,,,,
55.993,8.194,Temperate North Atlantic,Estuarine,Ruppia,1978,6.11,4.9,11.01,,,,,,,,
55.993,8.194,Temperate North Atlantic,Estuarine,Ruppia,1978,5.08,5.6,10.68,,,,,,,,
55.993,8.194,Temperate North Atlantic,Estuarine,Ruppia,1978,1.91,2.87,4.78,,,,,,,,
55.993,8.194,Temperate North Atlantic,Estuarine,Ruppia,1978,6.53,10.55,17.08,,,,,,,,
55.993,8.194,Temperate North Atlantic,Estuarine,Ruppia,1978,10.49,11.95,22.44,,,,,,,,
55.993,8.194,Temperate North Atlantic,Estuarine,Ruppia,1978,0.27,1.62,1.89,,,,,,,,
55.993,8.194,Temperate North Atlantic,Estuarine,Ruppia,1978,2.51,6.53,9.04,,,,,,,,
55.993,8.194,Temperate North Atlantic,Estuarine,Ruppia,1978,10.13,10.78,20.91,,,,,,,,
55.993,8.194,Temperate North Atlantic,Estuarine,Ruppia,1978,0.67,2.07,2.74,,,,,,,,
55.993,8.194,Temperate North Atlantic,Estuarine,Ruppia,1978,11.38,16.52,27.9,,,,,,,,
55.993,8.194,Temperate North Atlantic,Estuarine,Ruppia,1978,0.15,1.18,1.33,,,,,,,,
55.993,8.194,Temperate North Atlantic,Estuarine,Ruppia,1978,0.23,0.56,0.79,,,,,,,,
55.993,8.194,Temperate North Atlantic,Estuarine,Ruppia,1978,6.62,14.62,21.24,,,,,,,,
55.993,8.194,Temperate North Atlantic,Estuarine,Ruppia,1978,0.15,1.19,1.34,,,,,,,,
55.993,8.194,Temperate North Atlantic,Estuarine,Ruppia,1978,0.15,0.15,0.3,,,,,,,,
55.993,8.194,Temperate North Atlantic,Estuarine,Ruppia,1978,3.23,7.75,10.98,,,,,,,,
55.993,8.194,Temperate North Atlantic,Estuarine,Ruppia,1978,1.46,2.57,4.03,,,,,,,,
55.993,8.194,Temperate North Atlantic,Estuarine,Ruppia,1978,2.89,4.67,7.56,,,,,,,,
55.993,8.194,Temperate North Atlantic,Estuarine,Ruppia,1978,1.94,4.05,5.99,,,,,,,,
-34.059,151.099,Temperate Southern,Estuarine,Zostera,1976,64.47,,,,,,,,,,
-34.059,151.099,Temperate Southern,Estuarine,Zostera,1976,46.25,,,,,,,,,,
-34.059,151.099,Temperate Southern,Estuarine,Zostera,1977,57.52,195.14,252.66,,,,,,,,
-34.059,151.099,Temperate Southern,Estuarine,Zostera,1977,49.35,,,,,,,,,,
-34.059,151.099,Temperate Southern,Estuarine,Zostera,1977,66.52,185.27,251.79,,,,,,,,
-34.059,151.099,Temperate Southern,Estuarine,Zostera,1977,58.23,259.13,317.36,,,,,,,,
-34.059,151.099,Temperate Southern,Estuarine,Zostera,1977,23.09,159.46,182.55,,,,,,,,
-34.059,151.099,Temperate Southern,Estuarine,Zostera,1977,32.26,267,299.26,,,,,,,,
-34.059,151.099,Temperate Southern,Estuarine,Zostera,1977,47.38,184.6,231.98,,,,,,,,
-34.059,151.099,Temperate Southern,Estuarine,Zostera,1977,35.2,181.9,217.1,,,,,,,,
-34.059,151.099,Temperate Southern,Estuarine,Zostera,1977,51.86,174.71,226.57,,,,,,,,
-34.059,151.099,Temperate Southern,Estuarine,Zostera,1977,52.24,196.3,248.54,,,,,,,,
-34.059,151.099,Temperate Southern,Estuarine,Zostera,1977,61.87,,,,,,,,,,
-34.059,151.099,Temperate Southern,Estuarine,Zostera,1977,52.07,165.7,217.77,,,,,,,,
-34.059,151.099,Temperate Southern,Estuarine,Zostera,1977,70.66,,,,,,,,,,
-34.059,151.099,Temperate Southern,Estuarine,Zostera,1977,50.69,142.67,193.36,,,,,,,,
-34.059,151.099,Temperate Southern,Estuarine,Zostera,1977,68.24,156.1,224.34,,,,,,,,
-34.059,151.099,Temperate Southern,Estuarine,Zostera,1977,74.01,285.51,359.52,,,,,,,,
34.705,33.2,Mediterranean,Coastal,Posidonia,2013,,,,255.61,72,,,,,,
34.705,33.2,Mediterranean,Coastal,Posidonia,2017,,,,236.52,59,,,,,,
16.429,119.936,Tropical Indo Pacific,Coastal,Cymodocea,1991,8.4,,,33,,,,,,,
16.447,119.911,Tropical Indo Pacific,Coastal,Cymodocea,1991,1.7,,,13,,,,,,,
16.411,119.904,Tropical Indo Pacific,Coastal,Enhalus,1991,29,,,16,,,,,,,
16.429,119.936,Tropical Indo Pacific,Coastal,Enhalus,1991,4,,,2,,,,,,,
16.435,119.932,Tropical Indo Pacific,Coastal,Enhalus,1991,20,,,11,,,,,,,
16.446,119.915,Tropical Indo Pacific,Coastal,Enhalus,1991,12,,,2,,,,,,,
16.447,119.911,Tropical Indo Pacific,Coastal,Enhalus,1991,111,,,19,,,,,,,
16.411,119.904,Tropical Indo Pacific,Coastal,Halodule,1991,2.1,,,52,,,,,,,
16.429,119.936,Tropical Indo Pacific,Coastal,Halodule,1991,0.7,,,18,,,,,,,
16.435,119.932,Tropical Indo Pacific,Coastal,Halodule,1991,0.7,,,17,,,,,,,
16.446,119.915,Tropical Indo Pacific,Coastal,Halodule,1991,0.3,,,7,,,,,,,
16.447,119.911,Tropical Indo Pacific,Coastal,Halodule,1991,1.2,,,30,,,,,,,
16.435,119.932,Tropical Indo Pacific,Coastal,Syringodium,1991,0.01,,,1.2,,,,,,,
16.446,119.915,Tropical Indo Pacific,Coastal,Syringodium,1991,0.03,,,1.1,,,,,,,
16.447,119.911,Tropical Indo Pacific,Coastal,Syringodium,1991,1.5,,,59,,,,,,,
16.411,119.904,Tropical Indo Pacific,Coastal,Thalassia,1991,193,,,660,,,,,,,
16.429,119.936,Tropical Indo Pacific,Coastal,Thalassia,1991,7.5,,,30,,,,,,,
16.435,119.932,Tropical Indo Pacific,Coastal,Thalassia,1991,85,,,292,,,,,,,
16.446,119.915,Tropical Indo Pacific,Coastal,Thalassia,1991,179,,,491,,,,,,,
16.447,119.911,Tropical Indo Pacific,Coastal,Thalassia,1991,21,,,58,,,,,,,
8.022091,98.414437,Tropical Indo Pacific,Coastal,Enhalus,2014,34.65,,,,34.7,,,,,,
8.022091,98.414437,Tropical Indo Pacific,Coastal,Enhalus,2014,30.8,,,,30.8,,,,,,
8.022091,98.414437,Tropical Indo Pacific,Coastal,Enhalus,2014,25.03,,,,25,,,,,,
8.022091,98.414437,Tropical Indo Pacific,Coastal,Enhalus,2014,43.32,,,,43.5,,,,,,
8.022091,98.414437,Tropical Indo Pacific,Coastal,Enhalus,2014,43.8,,,,44,,,,,,
8.022091,98.414437,Tropical Indo Pacific,Coastal,Enhalus,2014,54.39,,,,54.4,,,,,,
8.022091,98.414437,Tropical Indo Pacific,Coastal,Halophila,2014,4.16,,,,28.9,,,,,,
8.022091,98.414437,Tropical Indo Pacific,Coastal,Halophila,2014,9.49,,,,54,,,,,,
8.022091,98.414437,Tropical Indo Pacific,Coastal,Halophila,2014,7.77,,,,58,,,,,,
8.022091,98.414437,Tropical Indo Pacific,Coastal,Halophila,2014,9.29,,,,59.2,,,,,,
8.022091,98.414437,Tropical Indo Pacific,Coastal,Halophila,2014,10.54,,,,60,,,,,,
8.022091,98.414437,Tropical Indo Pacific,Coastal,Halophila,2014,11.54,,,,61,,,,,,
8.022091,98.414437,Tropical Indo Pacific,Coastal,Halophila,2014,11.79,,,,67,,,,,,
8.022091,98.414437,Tropical Indo Pacific,Coastal,Halophila,2014,12.86,,,,63.9,,,,,,
8.022091,98.414437,Tropical Indo Pacific,Coastal,Halophila,2014,12.86,,,,62.9,,,,,,
8.022091,98.414437,Tropical Indo Pacific,Coastal,Halophila,2014,13.85,,,,62.9,,,,,,
8.022091,98.414437,Tropical Indo Pacific,Coastal,Halophila,2014,14.97,,,,68.1,,,,,,
8.022091,98.414437,Tropical Indo Pacific,Coastal,Halophila,2014,19.13,,,,70.1,,,,,,
8.022091,98.414437,Tropical Indo Pacific,Coastal,Halophila,2014,22.17,,,,72.1,,,,,,
8.022091,98.414437,Tropical Indo Pacific,Coastal,Halophila,2014,21.84,,,,78,,,,,,
8.022091,98.414437,Tropical Indo Pacific,Coastal,Halophila,2014,20.18,,,,83,,,,,,
8.022091,98.414437,Tropical Indo Pacific,Coastal,Halophila,2014,13.89,,,,83.9,,,,,,
8.022091,98.414437,Tropical Indo Pacific,Coastal,Halophila,2014,15.36,,,,78.1,,,,,,
8.022091,98.414437,Tropical Indo Pacific,Coastal,Thalassia,2014,27.52,,,,49.9,,,,,,
8.022091,98.414437,Tropical Indo Pacific,Coastal,Thalassia,2014,33.98,,,,65,,,,,,
8.022091,98.414437,Tropical Indo Pacific,Coastal,Thalassia,2014,43.77,,,,74.9,,,,,,
8.022091,98.414437,Tropical Indo Pacific,Coastal,Thalassia,2014,47.47,,,,83,,,,,,
8.022091,98.414437,Tropical Indo Pacific,Coastal,Thalassia,2014,26.04,,,,81,,,,,,
8.022091,98.414437,Tropical Indo Pacific,Coastal,Thalassia,2014,42.85,,,,90,,,,,,
8.022091,98.414437,Tropical Indo Pacific,Coastal,Thalassia,2014,57.81,,,,89,,,,,,
8.022091,98.414437,Tropical Indo Pacific,Coastal,Thalassia,2014,63.54,,,,88,,,,,,
1.409,103.991,Tropical Indo Pacific,Coastal,Halophila,2017,,,,2335.39,,,,,,,
1.409,103.991,Tropical Indo Pacific,Coastal,Halophila,2017,,,,2309.11,,,,,,,
1.409,103.991,Tropical Indo Pacific,Coastal,Halophila,2017,,,,2196.74,,,,,,,
1.409,103.991,Tropical Indo Pacific,Coastal,Halophila,2017,,,,1705.28,,,,,,,
1.409,103.991,Tropical Indo Pacific,Coastal,Halophila,2017,,,,1847.21,,,,,,,
1.409,103.991,Tropical Indo Pacific,Coastal,Halophila,2018,,,,1487.25,,,,,,,
26.151587,-97.240537,Tropical Atlantic,Coastal,Halodule,1995,45.79,142.07,187.86,5486.24,,,0.55,,,,
26.151587,-97.240537,Tropical Atlantic,Coastal,Halodule,1995,33.16,176.42,209.58,5425.08,,,0.265,,,,
26.151587,-97.240537,Tropical Atlantic,Coastal,Halodule,1995,42.63,271.91,314.54,7152.91,,,0.456,,,,
26.151587,-97.240537,Tropical Atlantic,Coastal,Halodule,1995,56.84,181.08,237.92,6785.93,,,0.434,,,,
26.151587,-97.240537,Tropical Atlantic,Coastal,Halodule,1995,31.05,137.99,169.04,5149.85,,,0.472,,,,
26.151587,-97.240537,Tropical Atlantic,Coastal,Halodule,1995,21.05,64.63,85.68,5363.91,,,0.097,,,,
26.151587,-97.240537,Tropical Atlantic,Coastal,Halodule,1996,26.84,160.7,187.54,4935.78,,,0.243,,,,
26.151587,-97.240537,Tropical Atlantic,Coastal,Halodule,1996,17.89,154.88,172.77,5562.69,,,0.161,,,,
26.151587,-97.240537,Tropical Atlantic,Coastal,Halodule,1996,20,79.18,99.18,3620.8,,,0.124,,,,
26.151587,-97.240537,Tropical Atlantic,Coastal,Halodule,1996,22.63,84.43,107.06,7076.45,,,0.165,,,,
26.151587,-97.240537,Tropical Atlantic,Coastal,Halodule,1996,36.84,84.43,121.27,9645.26,,,0.41,,,,
26.151587,-97.240537,Tropical Atlantic,Coastal,Halodule,1996,34.74,84.43,119.16,9614.68,,,0.4,,,,
26.151587,-97.240537,Tropical Atlantic,Coastal,Halodule,1996,39.47,103.06,142.53,5562.69,,,0.388,,,,
26.151587,-97.240537,Tropical Atlantic,Coastal,Halodule,1996,42.11,173.51,215.61,6082.57,,,0.257,,,,
26.151587,-97.240537,Tropical Atlantic,Coastal,Halodule,1996,52.11,181.66,233.76,6908.26,,,0.197,,,,
26.151587,-97.240537,Tropical Atlantic,Coastal,Halodule,1996,41.05,280.64,321.69,7963.3,,,0.158,,,,
26.151587,-97.240537,Tropical Atlantic,Coastal,Halodule,1996,22.11,207.28,229.38,,,,,,,,
26.151587,-97.240537,Tropical Atlantic,Coastal,Halodule,1997,14.74,154.88,169.61,4767.58,,,0.114,,,,
26.151587,-97.240537,Tropical Atlantic,Coastal,Halodule,1997,15.26,126.35,141.61,3926.61,,,0.087,,,,
36.622,-121.903,Tropical Atlantic,Coastal,Zostera,1991,38.9,17.4,56.3,,,,,,,,
36.622,-121.903,Tropical Atlantic,Coastal,Zostera,1992,21.4,8.3,29.7,,,,,,,,
36.622,-121.903,Tropical Atlantic,Coastal,Zostera,1992,31.7,9.5,41.2,,,,,,,,
9.636,-82.653,Tropical Atlantic,Coastal,Thalassia,2005,,,,1098,,,,,,,
9.636,-82.653,Tropical Atlantic,Coastal,Thalassia,2005,,,,1058,,,,,,,
9.636,-82.653,Tropical Atlantic,Coastal,Thalassia,2005,,,,1178,,,,,,,
9.636,-82.653,Tropical Atlantic,Coastal,Thalassia,2005,,,,1486,,,,,,,
9.636,-82.653,Tropical Atlantic,Coastal,Thalassia,2005,,,,1118,,,,,,,
9.636,-82.653,Tropical Atlantic,Coastal,Thalassia,2005,,,,834,,,,,,,
9.63,-82.618,Tropical Atlantic,Coastal,Thalassia,2006,561,747,1308,,,,,,,,
9.635,-82.657,Tropical Atlantic,Coastal,Thalassia,2006,498,553,1052,,,,,,,,
9.636,-82.653,Tropical Atlantic,Coastal,Thalassia,2006,942,1326,2268,,,,,,,,
9.637,-82.654,Tropical Atlantic,Coastal,Thalassia,2006,491,932,1422,,,,,,,,
9.637,-82.636,Tropical Atlantic,Coastal,Thalassia,2006,889,883,1772,,,,,,,,
9.636,-82.653,Tropical Atlantic,Coastal,Thalassia,2006,,,,1486,,,,,,,
9.636,-82.653,Tropical Atlantic,Coastal,Thalassia,2006,,,,1366,,,,,,,
9.636,-82.653,Tropical Atlantic,Coastal,Thalassia,2006,,,,1342,,,,,,,
9.636,-82.653,Tropical Atlantic,Coastal,Thalassia,2006,,,,1642,,,,,,,
9.636,-82.653,Tropical Atlantic,Coastal,Thalassia,2006,,,,1046,,,,,,,
9.636,-82.653,Tropical Atlantic,Coastal,Thalassia,2006,,,,1198,,,,,,,
9.636,-82.653,Tropical Atlantic,Coastal,Thalassia,2006,,,,1182,,,,,,,
9.636,-82.653,Tropical Atlantic,Coastal,Thalassia,2006,,,,1194,,,,,,,
-27.422955,153.430282,Tropical Indo Pacific,Coastal,Cymodocea,,,108.92,402.8,,,,,,,,
-27.422955,153.430282,Tropical Indo Pacific,Coastal,Zostera,,,18.61,116.1,,,,,,,,
-27.422955,153.430282,Tropical Indo Pacific,Coastal,Halophila,,,5.04,9.4,,,,,,,,
21.95,120.751,Tropical Indo Pacific,Coastal,Thalassia,2001,9.55,,,,,,,,,,
21.95,120.751,Tropical Indo Pacific,Coastal,Thalassia,2001,11.37,,,,,,,,,,
21.95,120.751,Tropical Indo Pacific,Coastal,Thalassia,2001,24.08,,,,,,,,,,
21.95,120.751,Tropical Indo Pacific,Coastal,Thalassia,2001,13.31,,,,,,,,,,
21.95,120.751,Tropical Indo Pacific,Coastal,Thalassia,2001,10.17,,,,,,,,,,
21.95,120.751,Tropical Indo Pacific,Coastal,Thalassia,2001,11.1,,,,,,,,,,
21.95,120.751,Tropical Indo Pacific,Coastal,Thalassia,2001,11.5,,,,,,,,,,
21.956,120.768,Tropical Indo Pacific,Coastal,Thalassia,2001,2.35,,,,,,,,,,
21.956,120.768,Tropical Indo Pacific,Coastal,Thalassia,2001,6.23,,,,,,,,,,
21.956,120.768,Tropical Indo Pacific,Coastal,Thalassia,2001,11.46,,,,,,,,,,
21.956,120.768,Tropical Indo Pacific,Coastal,Thalassia,2001,8.25,,,,,,,,,,
21.956,120.768,Tropical Indo Pacific,Coastal,Thalassia,2001,9.42,,,,,,,,,,
21.956,120.768,Tropical Indo Pacific,Coastal,Thalassia,2001,9.43,,,,,,,,,,
21.956,120.768,Tropical Indo Pacific,Coastal,Thalassia,2001,7.42,,,,,,,,,,
21.956,120.768,Tropical Indo Pacific,Coastal,Thalassia,2001,5.93,,,,,,,,,,
21.981,120.713,Tropical Indo Pacific,Coastal,Thalassia,2001,5.47,,,,,,,,,,
21.981,120.713,Tropical Indo Pacific,Coastal,Thalassia,2001,10.21,,,,,,,,,,
21.981,120.713,Tropical Indo Pacific,Coastal,Thalassia,2001,8.4,,,,,,,,,,
21.981,120.713,Tropical Indo Pacific,Coastal,Thalassia,2001,13.76,,,,,,,,,,
21.95,120.751,Tropical Indo Pacific,Coastal,Thalassia,2002,9.51,,,,,,,,,,
21.95,120.751,Tropical Indo Pacific,Coastal,Thalassia,2002,5.64,,,,,,,,,,
21.95,120.751,Tropical Indo Pacific,Coastal,Thalassia,2002,10.4,,,,,,,,,,
21.95,120.751,Tropical Indo Pacific,Coastal,Thalassia,2002,7.52,,,,,,,,,,
21.95,120.751,Tropical Indo Pacific,Coastal,Thalassia,2002,14,,,,,,,,,,
21.95,120.751,Tropical Indo Pacific,Coastal,Thalassia,2002,12.44,,,,,,,,,,
21.95,120.751,Tropical Indo Pacific,Coastal,Thalassia,2002,8.75,,,,,,,,,,
21.95,120.751,Tropical Indo Pacific,Coastal,Thalassia,2002,6.71,,,,,,,,,,
21.956,120.768,Tropical Indo Pacific,Coastal,Thalassia,2002,11.4,,,,,,,,,,
21.956,120.768,Tropical Indo Pacific,Coastal,Thalassia,2002,8.85,,,,,,,,,,
21.956,120.768,Tropical Indo Pacific,Coastal,Thalassia,2002,10.9,,,,,,,,,,
21.956,120.768,Tropical Indo Pacific,Coastal,Thalassia,2002,6.87,,,,,,,,,,
21.956,120.768,Tropical Indo Pacific,Coastal,Thalassia,2002,13.16,,,,,,,,,,
21.956,120.768,Tropical Indo Pacific,Coastal,Thalassia,2002,5.76,,,,,,,,,,
21.956,120.768,Tropical Indo Pacific,Coastal,Thalassia,2002,23.71,,,,,,,,,,
21.956,120.768,Tropical Indo Pacific,Coastal,Thalassia,2002,15.15,,,,,,,,,,
21.981,120.713,Tropical Indo Pacific,Coastal,Thalassia,2002,5.81,,,,,,,,,,
21.981,120.713,Tropical Indo Pacific,Coastal,Thalassia,2002,11.87,,,,,,,,,,
21.981,120.713,Tropical Indo Pacific,Coastal,Thalassia,2002,19.81,,,,,,,,,,
21.981,120.713,Tropical Indo Pacific,Coastal,Thalassia,2002,25.62,,,,,,,,,,
21.95,120.751,Tropical Indo Pacific,Coastal,Thalassia,2003,8.82,,,,,,,,,,
21.95,120.751,Tropical Indo Pacific,Coastal,Thalassia,2003,3.4,,,,,,,,,,
21.95,120.751,Tropical Indo Pacific,Coastal,Thalassia,2003,8.53,,,,,,,,,,
21.95,120.751,Tropical Indo Pacific,Coastal,Thalassia,2003,4.12,,,,,,,,,,
21.95,120.751,Tropical Indo Pacific,Coastal,Thalassia,2003,11.57,,,,,,,,,,
21.95,120.751,Tropical Indo Pacific,Coastal,Thalassia,2003,1,,,,,,,,,,
21.95,120.751,Tropical Indo Pacific,Coastal,Thalassia,2003,10.35,,,,,,,,,,
21.95,120.751,Tropical Indo Pacific,Coastal,Thalassia,2003,4.55,,,,,,,,,,
21.956,120.768,Tropical Indo Pacific,Coastal,Thalassia,2003,5.12,,,,,,,,,,
21.956,120.768,Tropical Indo Pacific,Coastal,Thalassia,2003,2.8,,,,,,,,,,
21.956,120.768,Tropical Indo Pacific,Coastal,Thalassia,2003,11.05,,,,,,,,,,
21.956,120.768,Tropical Indo Pacific,Coastal,Thalassia,2003,7.41,,,,,,,,,,
21.956,120.768,Tropical Indo Pacific,Coastal,Thalassia,2003,10,,,,,,,,,,
21.956,120.768,Tropical Indo Pacific,Coastal,Thalassia,2003,8.7,,,,,,,,,,
21.956,120.768,Tropical Indo Pacific,Coastal,Thalassia,2003,9.36,,,,,,,,,,
21.956,120.768,Tropical Indo Pacific,Coastal,Thalassia,2003,6.82,,,,,,,,,,
21.981,120.713,Tropical Indo Pacific,Coastal,Thalassia,2003,16.04,,,,,,,,,,
21.981,120.713,Tropical Indo Pacific,Coastal,Thalassia,2003,19.5,,,,,,,,,,
21.981,120.713,Tropical Indo Pacific,Coastal,Thalassia,2005,28.13,,,,,,,,,,
21.981,120.713,Tropical Indo Pacific,Coastal,Thalassia,2005,16.1,,,,,,,,,,
21.981,120.713,Tropical Indo Pacific,Coastal,Thalassia,2005,15.53,,,,,,,,,,
21.981,120.713,Tropical Indo Pacific,Coastal,Thalassia,2005,3.93,,,,,,,,,,
21.95,120.751,Tropical Indo Pacific,Coastal,Thalassia,2006,11.14,,,,,,,,,,
21.95,120.751,Tropical Indo Pacific,Coastal,Thalassia,2006,18.16,,,,,,,,,,
21.95,120.751,Tropical Indo Pacific,Coastal,Thalassia,2006,6.46,,,,,,,,,,
21.95,120.751,Tropical Indo Pacific,Coastal,Thalassia,2006,3.96,,,,,,,,,,
21.95,120.751,Tropical Indo Pacific,Coastal,Thalassia,2006,6.33,,,,,,,,,,
21.95,120.751,Tropical Indo Pacific,Coastal,Thalassia,2006,3.11,,,,,,,,,,
21.95,120.751,Tropical Indo Pacific,Coastal,Thalassia,2006,12.35,,,,,,,,,,
21.95,120.751,Tropical Indo Pacific,Coastal,Thalassia,2006,19.84,,,,,,,,,,
21.956,120.768,Tropical Indo Pacific,Coastal,Thalassia,2006,3,,,,,,,,,,
21.956,120.768,Tropical Indo Pacific,Coastal,Thalassia,2006,1.88,,,,,,,,,,
21.956,120.768,Tropical Indo Pacific,Coastal,Thalassia,2006,3.13,,,,,,,,,,
21.956,120.768,Tropical Indo Pacific,Coastal,Thalassia,2006,3.62,,,,,,,,,,
21.956,120.768,Tropical Indo Pacific,Coastal,Thalassia,2006,5.72,,,,,,,,,,
21.956,120.768,Tropical Indo Pacific,Coastal,Thalassia,2006,4.24,,,,,,,,,,
21.956,120.768,Tropical Indo Pacific,Coastal,Thalassia,2006,7.04,,,,,,,,,,
21.956,120.768,Tropical Indo Pacific,Coastal,Thalassia,2006,5.3,,,,,,,,,,
21.981,120.713,Tropical Indo Pacific,Coastal,Thalassia,2006,7.49,,,,,,,,,,
21.981,120.713,Tropical Indo Pacific,Coastal,Thalassia,2006,5.57,,,,,,,,,,
21.981,120.713,Tropical Indo Pacific,Coastal,Thalassia,2006,13.25,,,,,,,,,,
21.981,120.713,Tropical Indo Pacific,Coastal,Thalassia,2006,5.87,,,,,,,,,,
21.95,120.751,Tropical Indo Pacific,Coastal,Thalassia,2007,6.11,,,,,,,,,,
21.95,120.751,Tropical Indo Pacific,Coastal,Thalassia,2007,10.33,,,,,,,,,,
21.95,120.751,Tropical Indo Pacific,Coastal,Thalassia,2007,13.14,,,,,,,,,,
21.95,120.751,Tropical Indo Pacific,Coastal,Thalassia,2007,12.77,,,,,,,,,,
21.95,120.751,Tropical Indo Pacific,Coastal,Thalassia,2007,9.87,,,,,,,,,,
21.95,120.751,Tropical Indo Pacific,Coastal,Thalassia,2007,16.63,,,,,,,,,,
21.95,120.751,Tropical Indo Pacific,Coastal,Thalassia,2007,9.83,,,,,,,,,,
21.95,120.751,Tropical Indo Pacific,Coastal,Thalassia,2007,10.61,,,,,,,,,,
21.956,120.768,Tropical Indo Pacific,Coastal,Thalassia,2007,3.5,,,,,,,,,,
21.956,120.768,Tropical Indo Pacific,Coastal,Thalassia,2007,3.79,,,,,,,,,,
21.956,120.768,Tropical Indo Pacific,Coastal,Thalassia,2007,8.26,,,,,,,,,,
21.956,120.768,Tropical Indo Pacific,Coastal,Thalassia,2007,7.89,,,,,,,,,,
21.956,120.768,Tropical Indo Pacific,Coastal,Thalassia,2007,11.12,,,,,,,,,,
21.956,120.768,Tropical Indo Pacific,Coastal,Thalassia,2007,2.46,,,,,,,,,,
21.956,120.768,Tropical Indo Pacific,Coastal,Thalassia,2007,9.69,,,,,,,,,,
21.956,120.768,Tropical Indo Pacific,Coastal,Thalassia,2007,10.67,,,,,,,,,,
21.981,120.713,Tropical Indo Pacific,Coastal,Thalassia,2007,7.61,,,,,,,,,,
21.981,120.713,Tropical Indo Pacific,Coastal,Thalassia,2007,8.76,,,,,,,,,,
21.981,120.713,Tropical Indo Pacific,Coastal,Thalassia,2007,23.47,,,,,,,,,,
21.981,120.713,Tropical Indo Pacific,Coastal,Thalassia,2007,11.61,,,,,,,,,,
21.95,120.751,Tropical Indo Pacific,Coastal,Thalassia,2008,17.13,,,,,,,,,,
21.95,120.751,Tropical Indo Pacific,Coastal,Thalassia,2008,40.04,,,,,,,,,,
21.95,120.751,Tropical Indo Pacific,Coastal,Thalassia,2008,18.41,,,,,,,,,,
21.95,120.751,Tropical Indo Pacific,Coastal,Thalassia,2008,12.44,,,,,,,,,,
21.95,120.751,Tropical Indo Pacific,Coastal,Thalassia,2008,8.21,,,,,,,,,,
21.95,120.751,Tropical Indo Pacific,Coastal,Thalassia,2008,19.18,,,,,,,,,,
21.95,120.751,Tropical Indo Pacific,Coastal,Thalassia,2008,10.82,,,,,,,,,,
21.95,120.751,Tropical Indo Pacific,Coastal,Thalassia,2008,14.52,,,,,,,,,,
21.956,120.768,Tropical Indo Pacific,Coastal,Thalassia,2008,16.34,,,,,,,,,,
21.956,120.768,Tropical Indo Pacific,Coastal,Thalassia,2008,3.24,,,,,,,,,,
21.956,120.768,Tropical Indo Pacific,Coastal,Thalassia,2008,13.14,,,,,,,,,,
21.956,120.768,Tropical Indo Pacific,Coastal,Thalassia,2008,13.23,,,,,,,,,,
21.956,120.768,Tropical Indo Pacific,Coastal,Thalassia,2008,8.14,,,,,,,,,,
21.956,120.768,Tropical Indo Pacific,Coastal,Thalassia,2008,10.66,,,,,,,,,,
21.956,120.768,Tropical Indo Pacific,Coastal,Thalassia,2008,9.82,,,,,,,,,,
21.956,120.768,Tropical Indo Pacific,Coastal,Thalassia,2008,7.09,,,,,,,,,,
21.981,120.713,Tropical Indo Pacific,Coastal,Thalassia,2008,23.5,,,,,,,,,,
21.981,120.713,Tropical Indo Pacific,Coastal,Thalassia,2008,14.34,,,,,,,,,,
21.981,120.713,Tropical Indo Pacific,Coastal,Thalassia,2008,11.15,,,,,,,,,,
21.981,120.713,Tropical Indo Pacific,Coastal,Thalassia,2008,20.92,,,,,,,,,,
37.866,12.452,Mediterranean,Coastal,Posidonia,2004,,,,337.5,,,1.144,0.142,1.286,,
37.866,12.452,Mediterranean,Coastal,Posidonia,2004,,,,196.9,,,0.307,0.015,0.322,,
10.816,72.166,Tropical Indo Pacific,Coastal,Cymodocea,2006,53,,,1235,73,,,,,,
10.847,72.185,Tropical Indo Pacific,Coastal,Cymodocea,2006,50,,,1190,66,,,,,,
10.865,72.191,Tropical Indo Pacific,Coastal,Cymodocea,2006,28,,,1000,63,,,,,,
5.041667,115.116667,Tropical Indo Pacific,Estuarine,Halodule,2017,,,,1820,,,,,,,
5,115.1,Tropical Indo Pacific,Estuarine,Halodule,2017,,,,7388,,,,,,,
5,115.1,Tropical Indo Pacific,Estuarine,Halodule,2017,,,,2122,,,,,,,
4.978333,115.061667,Tropical Indo Pacific,Estuarine,Halodule,2017,,,,654,,,,,,,
4.978333,115.061667,Tropical Indo Pacific,Estuarine,Halodule,2017,,,,821,,,,,,,
4.978333,115.061667,Tropical Indo Pacific,Estuarine,Halophila,2017,,,,1099,,,,,,,
4.978333,115.061667,Tropical Indo Pacific,Estuarine,Halophila,2017,,,,2292,,,,,,,
4.978333,115.061667,Tropical Indo Pacific,Estuarine,Thalassia,2017,,,,93,,,,,,,
4.978333,115.061667,Tropical Indo Pacific,Estuarine,Thalassia,2017,,,,122,,,,,,,
5,115.1,Tropical Indo Pacific,Estuarine,Cymodocea,2017,,,,351,,,,,,,
5.041667,115.116667,Tropical Indo Pacific,Estuarine,Halophila,2017,,,,2440,,,,,,,
4.978333,115.061667,Tropical Indo Pacific,Estuarine,Thalassia,2017,14.7,27.5,42.2,,,,,,,,
4.978333,115.061667,Tropical Indo Pacific,Estuarine,Thalassia,2017,7.9,7.46,15.36,,,,,,,,
4.978333,115.061667,Tropical Indo Pacific,Estuarine,Halophila,2017,2.99,3.48,6.47,,,,,,,,
4.978333,115.061667,Tropical Indo Pacific,Estuarine,Halophila,2017,1.49,0.5,1.99,,,,,,,,
-34.016,151.187,Temperate Southern,Coastal,Posidonia,1977,282.1,,,,,,,,,,
-34.016,151.187,Temperate Southern,Coastal,Posidonia,1977,190.6,,,,,,,,,,
-34.008,151.187,Temperate Southern,Coastal,Posidonia,1977,119.08,,,,,,,,,,
-34.008,151.187,Temperate Southern,Coastal,Posidonia,1977,122.34,,,,,,,,,,
-34.016,151.187,Temperate Southern,Coastal,Posidonia,1978,216.62,,,,,,,,,,
-34.016,151.187,Temperate Southern,Coastal,Posidonia,1978,45.48,,,,,,,,,,
-34.008,151.187,Temperate Southern,Coastal,Posidonia,1978,123.7,,,,,,,,,,
-34.008,151.187,Temperate Southern,Coastal,Posidonia,1978,127,,,,,,,,,,
-34.031,151.16,Temperate Southern,Estuarine,Zostera,1974,,,,1584,,,,,,,
-34.024,151.182,Temperate Southern,Estuarine,Zostera,1974,,,,1520,,,,,,,
-34.019,151.19,Temperate Southern,Estuarine,Zostera,1974,,,,960,,,,,,,
-34.018,151.168,Temperate Southern,Estuarine,Zostera,1974,12.1,,,2496,11,,,,,,
-34.018,151.172,Temperate Southern,Estuarine,Zostera,1974,,,,4106,,,,,,,
-34.015,151.14,Temperate Southern,Estuarine,Zostera,1974,,,,688,,,,,,,
-34.014,151.165,Temperate Southern,Estuarine,Zostera,1974,,,,2928,,,,,,,
-34.012,151.152,Temperate Southern,Estuarine,Zostera,1974,,,,1712,,,,,,,
-34.009,151.144,Temperate Southern,Estuarine,Zostera,1974,,,,1408,,,,,,,
-34.008,151.2,Temperate Southern,Estuarine,Zostera,1974,,,,2416,,,,,,,
-34.007,151.188,Temperate Southern,Estuarine,Zostera,1974,,,,1616,,,,,,,
-34.006,151.155,Temperate Southern,Estuarine,Zostera,1974,,,,2192,,,,,,,
-34.003,151.141,Temperate Southern,Estuarine,Zostera,1974,17.4,,,1728,19,,,,,,
-34.003,151.169,Temperate Southern,Estuarine,Zostera,1974,,,,2672,,,,,,,
-34.003,151.169,Temperate Southern,Estuarine,Zostera,1974,18.2,,,3280,20,,,,,,
-34,151.11,Temperate Southern,Estuarine,Zostera,1974,78.72,90.3,177.79,2024,,,,,,,
-34,151.11,Temperate Southern,Estuarine,Zostera,1974,25,54.5,83.5,842,,,,,,,
-33.994,151.149,Temperate Southern,Estuarine,Zostera,1974,,,,1952,,,,,,,
-33.986,151.231,Temperate Southern,Estuarine,Zostera,1974,,,,896,,,,,,,
-33.98,151.223,Temperate Southern,Estuarine,Zostera,1974,39.1,,,1152,40,,,,,,
-33.98,151.223,Temperate Southern,Estuarine,Zostera,1974,31.3,,,,40,,,,,,
-33.972,151.203,Temperate Southern,Estuarine,Zostera,1974,,,,1440,,,,,,,
-34.024,151.182,Temperate Southern,Estuarine,Zostera,1977,69,1162,1231,1084,,,,,,,
-34.024,151.182,Temperate Southern,Estuarine,Zostera,1977,85.9,893,978.9,2128,,,,,,,
-34.024,151.182,Temperate Southern,Estuarine,Zostera,1977,192,1253,1445,2480,,,,,,,
-34.007,151.188,Temperate Southern,Estuarine,Zostera,1977,13.2,,,,18,,,,,,
-34.024,151.182,Temperate Southern,Estuarine,Zostera,1978,289.6,707,996.6,2176,,,,,,8.92,
-34.024,151.182,Temperate Southern,Estuarine,Zostera,1978,158.4,493,651.4,1614,,,,,,,
-34.024,151.182,Temperate Southern,Estuarine,Zostera,1978,64.2,610,674.2,1797,,,,,,1.37,
-34.024,151.182,Temperate Southern,Estuarine,Zostera,1978,173.8,738,911.8,1648,,,,,,,
-34,151.11,Temperate Southern,Estuarine,Zostera,1978,200.5,787,987.5,1984,25,,,,,,
-34,151.11,Temperate Southern,Estuarine,Zostera,1978,64,493,557,,,,,,,,1.37
-34,151.11,Temperate Southern,Estuarine,Zostera,1978,331,1253,1584,,,,,,,,8.92
-33.98,151.223,Temperate Southern,Estuarine,Zostera,1978,180.5,200.5,406.3,2392,,,,,,,
13.241,144.729,Tropical Indo Pacific,Coastal,Enhalus,2015,107.91,2319.86,2427.78,,,,,,,,
13.241,144.715,Tropical Indo Pacific,Coastal,Enhalus,2015,138.14,2314.66,2452.81,,,,,,,,
13.246,144.648,Tropical Indo Pacific,Coastal,Enhalus,2015,155.27,1876.86,2032.13,,,,,,,,
13.255,144.741,Tropical Indo Pacific,Coastal,Enhalus,2015,134.82,1891.38,2026.2,,,,,,,,
13.358,144.637,Tropical Indo Pacific,Coastal,Enhalus,2015,425,1785.09,2210.08,,,,,,,,
13.39,144.782,Tropical Indo Pacific,Coastal,Enhalus,2015,170.26,1778.54,1948.79,,,,,,,,
13.39,144.653,Tropical Indo Pacific,Coastal,Enhalus,2015,745.79,2368.26,3114.05,,,,,,,,
13.459,144.791,Tropical Indo Pacific,Coastal,Enhalus,2015,147.45,2837.94,2985.39,,,,,,,,
13.459,144.791,Tropical Indo Pacific,Coastal,Enhalus,2015,247.69,2021.87,2269.56,,,,,,,,
13.479,144.695,Tropical Indo Pacific,Coastal,Enhalus,2015,267.53,1843.75,2111.28,,,,,,,,
13.491,144.74,Tropical Indo Pacific,Coastal,Enhalus,2015,219.33,1732.07,1951.4,,,,,,,,
13.241,144.729,Tropical Indo Pacific,Coastal,Enhalus,2016,228.47,2069.27,2297.74,,,,,,,,
13.241,144.715,Tropical Indo Pacific,Coastal,Enhalus,2016,167.82,1877.4,2045.22,,,,,,,,
13.246,144.648,Tropical Indo Pacific,Coastal,Enhalus,2016,411.72,1906.84,2318.56,,,,,,,,
13.255,144.741,Tropical Indo Pacific,Coastal,Enhalus,2016,138.85,2535.84,2674.69,,,,,,,,
13.358,144.637,Tropical Indo Pacific,Coastal,Enhalus,2016,571.42,1817.49,2388.91,,,,,,,,
13.39,144.782,Tropical Indo Pacific,Coastal,Enhalus,2016,161.99,2040.16,2202.15,,,,,,,,
13.39,144.653,Tropical Indo Pacific,Coastal,Enhalus,2016,271.48,3037.96,3309.44,,,,,,,,
13.459,144.791,Tropical Indo Pacific,Coastal,Enhalus,2016,158.12,1642.65,1800.77,,,,,,,,
13.459,144.791,Tropical Indo Pacific,Coastal,Enhalus,2016,243.45,2008.91,2252.36,,,,,,,,
13.479,144.695,Tropical Indo Pacific,Coastal,Enhalus,2016,232.74,1930.76,2163.5,,,,,,,,
13.491,144.74,Tropical Indo Pacific,Coastal,Enhalus,2016,166.95,1522.33,1689.28,,,,,,,,
22.292,113.921,Tropical Indo Pacific,Coastal,Zostera,1993,,,,,17,,,,,,
22.292,113.921,Tropical Indo Pacific,Coastal,Zostera,1993,,,,,18,,,,,,
22.292,113.921,Tropical Indo Pacific,Coastal,Zostera,1993,,,,,19,,,,,,
22.292,113.921,Tropical Indo Pacific,Coastal,Zostera,1994,,,,,19,,,,,,
22.292,113.921,Tropical Indo Pacific,Coastal,Zostera,1994,,,,,25,,,,,,
22.292,113.921,Tropical Indo Pacific,Coastal,Zostera,1994,,,,,24,,,,,,
22.292,113.921,Tropical Indo Pacific,Coastal,Zostera,1994,,,,,24,,,,,,
22.292,113.921,Tropical Indo Pacific,Coastal,Zostera,1994,,,,,30,,,,,,
22.292,113.921,Tropical Indo Pacific,Coastal,Zostera,1994,,,,,30,,,,,,
22.292,113.921,Tropical Indo Pacific,Coastal,Zostera,1994,,,,,33,,,,,,
22.292,113.921,Tropical Indo Pacific,Coastal,Zostera,1994,,,,,18,,,,,,
22.292,113.921,Tropical Indo Pacific,Coastal,Zostera,1994,,,,,22,,,,,,
22.292,113.921,Tropical Indo Pacific,Coastal,Zostera,1994,,,,,22,,,,,,
22.292,113.921,Tropical Indo Pacific,Coastal,Zostera,1994,,,,,23,,,,,,
22.292,113.921,Tropical Indo Pacific,Coastal,Zostera,1994,,,,,24,,,,,,
22.292,113.921,Tropical Indo Pacific,Coastal,Zostera,1994,,,,,21,,,,,,
22.292,113.921,Tropical Indo Pacific,Coastal,Zostera,1994,,,,,19,,,,,,
22.292,113.921,Tropical Indo Pacific,Coastal,Zostera,1994,,,,,19,,,,,,
22.292,113.921,Tropical Indo Pacific,Coastal,Zostera,1994,,,,,15,,,,,,
22.292,113.921,Tropical Indo Pacific,Coastal,Zostera,1994,,,,,10,,,,,,
34.784,128.561,Temperate North Pacific,Coastal,Zostera,2001,699.25,68.1,767.35,165.11,,,,,,,
34.784,128.561,Temperate North Pacific,Coastal,Zostera,2001,365.41,91.8,457.21,170.22,,,,,,,0.022
34.784,128.561,Temperate North Pacific,Coastal,Zostera,2001,214.29,92.4,306.69,111.85,,,,,,,0.025
34.784,128.561,Temperate North Pacific,Coastal,Zostera,2001,81.2,69.6,150.8,75.48,,,,,,,0.025
34.784,128.561,Temperate North Pacific,Coastal,Zostera,2001,,,,35.75,,,,,,,
34.784,128.561,Temperate North Pacific,Coastal,Zostera,2001,22.56,23.7,46.26,70.49,,,,,,,0.011
34.953,128.323,Temperate North Pacific,Coastal,Zostera,2001,51.88,8.1,59.98,86.38,,,,,,,84.906
34.953,128.323,Temperate North Pacific,Coastal,Zostera,2001,218.8,57.3,276.1,85.57,,,,,,,86.321
34.953,128.323,Temperate North Pacific,Coastal,Zostera,2001,191.73,75.6,267.33,72.06,,,,,,,72.877
34.953,128.323,Temperate North Pacific,Coastal,Zostera,2001,99.25,72.9,172.15,87.07,,,,,,,87.736
34.953,128.323,Temperate North Pacific,Coastal,Zostera,2001,54.14,59.1,113.24,164.43,,,,,,,164.858
34.953,128.323,Temperate North Pacific,Coastal,Zostera,2001,121.81,45.6,167.41,147.53,,,,,,,150
34.784,128.561,Temperate North Pacific,Coastal,Zostera,2002,139.9,38.4,178.4,95,,,,,,,0.017
34.784,128.561,Temperate North Pacific,Coastal,Zostera,2002,24.81,25.5,50.31,73.92,,,,,,,0.009
34.784,128.561,Temperate North Pacific,Coastal,Zostera,2002,31.58,8.1,39.68,90.88,,,,,,,0.013
34.784,128.561,Temperate North Pacific,Coastal,Zostera,2002,78.95,14.1,93.05,107.85,,,,,,,0.018
34.784,128.561,Temperate North Pacific,Coastal,Zostera,2002,232.33,45.6,277.93,141.74,,,,,,,0.016
34.784,128.561,Temperate North Pacific,Coastal,Zostera,2002,354.14,82.5,436.64,186.64,,,,,,,0.014
34.784,128.561,Temperate North Pacific,Coastal,Zostera,2002,,,,120.71,,,,,,,0.016
34.784,128.561,Temperate North Pacific,Coastal,Zostera,2002,162.41,42.3,204.71,82.64,,,,,,,0.031
34.784,128.561,Temperate North Pacific,Coastal,Zostera,2002,128.57,45.9,174.47,69.14,,,,,,,0.029
34.784,128.561,Temperate North Pacific,Coastal,Zostera,2002,76.69,48.6,125.29,94.56,,,,,,,0.011
34.784,128.561,Temperate North Pacific,Coastal,Zostera,2002,47.37,24.3,71.67,44.66,,,,,,,
34.953,128.323,Temperate North Pacific,Coastal,Zostera,2002,123.5,38.6,164.2,111,,,,,,,0.013
34.953,128.323,Temperate North Pacific,Coastal,Zostera,2002,78.95,35.1,114.05,172.97,,,,,,,
34.953,128.323,Temperate North Pacific,Coastal,Zostera,2002,94.74,30.9,125.64,166.23,,,,,,,
34.953,128.323,Temperate North Pacific,Coastal,Zostera,2002,110.53,37.5,148.03,275.47,,,,,,,
34.953,128.323,Temperate North Pacific,Coastal,Zostera,2002,182.71,39.9,222.61,277.2,,,,,,,
34.953,128.323,Temperate North Pacific,Coastal,Zostera,2002,421.81,54.9,476.71,134.16,,,,,,,
34.953,128.323,Temperate North Pacific,Coastal,Zostera,2002,354.14,64.5,418.64,109.66,,,,,,,
34.953,128.323,Temperate North Pacific,Coastal,Zostera,2002,94.74,45.9,140.64,70.76,,,,,,,
34.953,128.323,Temperate North Pacific,Coastal,Zostera,2002,42.86,36.6,79.46,47.09,,,,,,,
34.953,128.323,Temperate North Pacific,Coastal,Zostera,2002,20.3,22.5,42.8,39.51,,,,,,,
34.953,128.323,Temperate North Pacific,Coastal,Zostera,2002,33.84,15.3,49.14,49.69,,,,,,,
34.953,128.323,Temperate North Pacific,Coastal,Zostera,2002,13.53,4.8,18.33,32.81,,,,,,,
34.784,128.561,Temperate North Pacific,Coastal,Zostera,2003,18.05,9.6,27.65,89.56,,,,,,,
34.784,128.561,Temperate North Pacific,Coastal,Zostera,2003,45.11,10.8,55.91,89.59,,,,,,,
34.953,128.323,Temperate North Pacific,Coastal,Zostera,2003,38.35,9,47.35,53.19,,,,,,,
34.953,128.323,Temperate North Pacific,Coastal,Zostera,2003,58.65,17.7,76.35,76.94,,,,,,,
34.953,128.323,Temperate North Pacific,Coastal,Zostera,2003,119.55,24.9,144.45,92.21,,,,,,,
34.953,128.323,Temperate North Pacific,Coastal,Zostera,2003,180.45,26.1,206.55,104.09,,,,,,,
34.735,128.628,Temperate North Pacific,Coastal,Zostera,2001,109.31,65.36,,6097.78,,22730.65,,,,,1.983
34.735,128.628,Temperate North Pacific,Coastal,Zostera,2001,143.76,97.48,,8626.55,,32144.68,,,,,
34.735,128.628,Temperate North Pacific,Coastal,Zostera,2001,101.05,72.46,,5965.33,,19251.75,,,,,
34.735,128.628,Temperate North Pacific,Coastal,Zostera,2001,61.09,42.55,,6671.73,,21517.49,,,,,
34.735,128.628,Temperate North Pacific,Coastal,Zostera,2001,81.76,81.11,,6147.36,,19243.82,,,,,
34.735,128.628,Temperate North Pacific,Coastal,Zostera,2001,39.04,94.16,,5601.94,,18171.27,,,,,
34.735,128.628,Temperate North Pacific,Coastal,Zostera,2001,91.6,78.1,170.6,8178,,26987.4,,,,,1.7
34.734,128.628,Temperate North Pacific,Coastal,Zostera,2001,253.99,65.36,,235.37,,1197.12,,,,,2.289
34.734,128.628,Temperate North Pacific,Coastal,Zostera,2001,,98.32,,172.38,,880.04,,,,,2.94
34.734,128.628,Temperate North Pacific,Coastal,Zostera,2001,101.05,74.13,,263.45,,1178.69,,,,,1.731
34.734,128.628,Temperate North Pacific,Coastal,Zostera,2001,62.47,41.72,,278.07,,1249.41,,,,,1.576
34.734,128.628,Temperate North Pacific,Coastal,Zostera,2001,59.71,81.11,,,,,,,,,
34.734,128.628,Temperate North Pacific,Coastal,Zostera,2001,11.48,93.34,,83.01,,298.34,,,,,0.615
34.734,128.628,Temperate North Pacific,Coastal,Zostera,2001,105.9,65,170.9,227,,1044.2,,,,,2.6
34.735,128.628,Temperate North Pacific,Coastal,Zostera,2002,36.29,65.03,,6313.09,,19052.99,,,,,0.401
34.735,128.628,Temperate North Pacific,Coastal,Zostera,2002,37.66,48.33,,4319.55,,13883.98,,,,,0.453
34.735,128.628,Temperate North Pacific,Coastal,Zostera,2002,72.11,86.18,,10911.48,,33963.47,,,,,1.58
34.735,128.628,Temperate North Pacific,Coastal,Zostera,2002,95.53,78.57,,10749.14,,33434.19,,,,,1.135
34.735,128.628,Temperate North Pacific,Coastal,Zostera,2002,160.29,81.72,,11358.41,,39625.41,,,,,2.024
34.735,128.628,Temperate North Pacific,Coastal,Zostera,2002,142.38,92.21,,11115.93,,42327.4,,,,,1.952
34.735,128.628,Temperate North Pacific,Coastal,Zostera,2002,131.36,80.47,,10954.27,,34983.69,,,,,3.109
34.735,128.628,Temperate North Pacific,Coastal,Zostera,2002,34.91,65.86,,251.45,,1259.65,,,,,2.861
34.735,128.628,Temperate North Pacific,Coastal,Zostera,2002,34.91,49.98,,191.4,,874.64,,,,,2.675
34.735,128.628,Temperate North Pacific,Coastal,Zostera,2002,72.11,87.01,,272.88,,1199.97,,,,,1.607
34.734,128.628,Temperate North Pacific,Coastal,Zostera,2002,129.98,78.57,,257.83,,1030.23,,,,,1.359
34.734,128.628,Temperate North Pacific,Coastal,Zostera,2002,215.41,81.72,,339.22,,1796.69,,,,,3.188
34.734,128.628,Temperate North Pacific,Coastal,Zostera,2002,143.76,92.22,,215.35,,988.2,,,,,2.072
34.734,128.628,Temperate North Pacific,Coastal,Zostera,2002,139.63,81.29,,280.73,,1347.26,,,,,3.995
34.734,128.628,Temperate North Pacific,Coastal,Zostera,2002,,,,,,,,,,,8.893
34.734,128.628,Temperate North Pacific,Coastal,Zostera,2002,,,,,,,,,,,3.964
34.734,128.628,Temperate North Pacific,Coastal,Zostera,2002,,,,,,,,,,,2.444
27.817,-97.117,Tropical Atlantic,Coastal,Thalassia,1994,,,622.96,327.17,,,,,,,
27.817,-97.117,Tropical Atlantic,Coastal,Thalassia,1994,,,473.07,469.04,,,,,,,
27.817,-97.117,Tropical Atlantic,Coastal,Thalassia,1994,,,570.42,484.63,,,,,,,
27.817,-97.117,Tropical Atlantic,Coastal,Thalassia,1994,,,743.49,557.13,,,,,,,
27.817,-97.117,Tropical Atlantic,Coastal,Thalassia,1994,,,502.43,386.41,,,,,,,
27.817,-97.117,Tropical Atlantic,Coastal,Thalassia,1994,,,706.4,482.29,,,,,,,
27.817,-97.117,Tropical Atlantic,Coastal,Thalassia,1994,,,879.47,484.63,,,,,,,
27.817,-97.117,Tropical Atlantic,Coastal,Thalassia,1995,,,420.53,,,,,,,,
27.108,-97.39,Tropical Atlantic,Estuarine,Thalassia,1997,141.33,810.26,951.58,1680.74,,,,,,,
27.108,-97.39,Tropical Atlantic,Estuarine,Thalassia,1997,133.78,626.39,760.17,1353.55,,,,,,,2.092
27.108,-97.39,Tropical Atlantic,Estuarine,Thalassia,1997,196.64,797.98,994.62,2209.55,,,,,,,2.814
27.108,-97.39,Tropical Atlantic,Estuarine,Thalassia,1997,203.73,800.76,1004.49,24161.47,,,,,,,3.2
27.108,-97.39,Tropical Atlantic,Estuarine,Thalassia,1997,136.11,626.27,762.38,,,,,,,,1.597
27.817,-97.117,Tropical Atlantic,Estuarine,Thalassia,1997,199.3,312.7,512,1453.32,,,,,,,
27.817,-97.117,Tropical Atlantic,Estuarine,Thalassia,1997,216.39,334.86,551.26,1368.23,,,,,,,4.89
27.817,-97.117,Tropical Atlantic,Estuarine,Thalassia,1997,400.6,430.92,831.52,1889.08,,,,,,,9.29
27.817,-97.117,Tropical Atlantic,Estuarine,Thalassia,1997,393.13,547.4,940.52,2005.06,,,,,,,
27.817,-97.117,Tropical Atlantic,Estuarine,Thalassia,1997,237.76,474.41,712.18,1684.2,,,,,,,7.53
27.817,-97.117,Tropical Atlantic,Estuarine,Thalassia,1997,237.97,387.89,625.86,1951.58,,,,,,,5.96
27.108,-97.39,Tropical Atlantic,Estuarine,Thalassia,1997,149.66,667.02,816.68,1816.9,,,,,,,
27.108,-97.39,Tropical Atlantic,Estuarine,Thalassia,1997,154.26,667.82,822.08,1554.18,,,,,,,3.092
28.505,-80.591,Tropical Atlantic,Estuarine,Halodule,1990,,,32.4,536,,,,,,,
28.505,-80.591,Tropical Atlantic,Estuarine,Syringodium,1990,,,28.1,454.4,,,,,,,
28.505,-80.591,Tropical Atlantic,Estuarine,Halodule,1991,,,10.7,338.6,,,,,,,
28.505,-80.591,Tropical Atlantic,Estuarine,Syringodium,1991,,,9.3,108.2,,,,,,,
28.505,-80.591,Tropical Atlantic,Estuarine,Halodule,1992,,,22.4,512.6,,,,,,,
28.505,-80.591,Tropical Atlantic,Estuarine,Syringodium,1992,,,8.8,78.1,,,,,,,
28.505,-80.591,Tropical Atlantic,Estuarine,Halodule,1993,,,92.3,1294.1,,,,,,,
28.505,-80.591,Tropical Atlantic,Estuarine,Syringodium,1993,,,28.2,453.1,,,,,,,
28.505,-80.591,Tropical Atlantic,Estuarine,Halodule,1994,,,,394.2,,,,,,,
28.505,-80.591,Tropical Atlantic,Estuarine,Syringodium,1994,,,,304.6,,,,,,,
37.35,122.567,Temperate North Pacific,Estuarine,Zostera,2016,,,121.8,533,,,,,,,
37.35,122.567,Temperate North Pacific,Estuarine,Zostera,2016,,,538.55,421,,,,,,,
37.35,122.567,Temperate North Pacific,Estuarine,Zostera,2016,,,702.8,469,,,,,,,
-37.667,176.167,Temperate Southern,Estuarine,Zostera,2015,33.2,,,,76,,,,,,
-37.667,176.167,Temperate Southern,Estuarine,Zostera,2015,27.6,,,,46,,,,,,
-37.667,176.167,Temperate Southern,Estuarine,Zostera,2015,54.8,,,,44,,,,,,
-37.667,176.167,Temperate Southern,Estuarine,Zostera,2015,,,,,67,,,,,,
-37.667,176.167,Temperate Southern,Estuarine,Zostera,2015,,,,,62,,,,,,
-37.667,176.167,Temperate Southern,Estuarine,Zostera,2015,,,,,26,,,,,,
-37.667,176.167,Temperate Southern,Estuarine,Zostera,2016,32.56,24.11,56.67,0.34,86,,,,,,
-37.667,176.167,Temperate Southern,Estuarine,Zostera,2016,33.61,28.83,62.44,0.24,50,,,,,,
-37.667,176.167,Temperate Southern,Estuarine,Zostera,2016,36.14,14.15,50.29,0.09,46,,,,,,
-37.667,176.167,Temperate Southern,Estuarine,Zostera,2016,,,,,63,,,,,,
-37.667,176.167,Temperate Southern,Estuarine,Zostera,2016,,,,,56,,,,,,
-37.667,176.167,Temperate Southern,Estuarine,Zostera,2016,,,,,23,,,,,,
-37.667,176.167,Temperate Southern,Estuarine,Zostera,2016,13.22,15.82,29.04,0.18,40,,,,,,
-37.667,176.167,Temperate Southern,Estuarine,Zostera,2016,15.76,6.87,22.63,0.14,51,,,,,,
-37.667,176.167,Temperate Southern,Estuarine,Zostera,2016,25.09,8.42,33.51,0.08,42,,,,,,
50.798,-0.997,Temperate North Atlantic,Coastal,Zostera,2017,,,,,,336.7,,,,,
50.834,-1.04,Temperate North Atlantic,Coastal,Zostera,2017,,,,,,584,,,,,
50.837,-1.131,Temperate North Atlantic,Coastal,Zostera,2017,,,,,,302,,,,,
50.734,-1.156,Temperate North Atlantic,Coastal,Zostera,2017,,,,,,427,,,,,
50.765,-1.282,Temperate North Atlantic,Coastal,Zostera,2017,,,,,,346,,,,,
50.818,-0.893,Temperate North Atlantic,Coastal,Zostera,2017,,,,,,367,,,,,
21.95,120.749,Tropical Indo Pacific,Coastal,Thalassia,1994,,,,672.21,44,,,,,,
21.95,120.749,Tropical Indo Pacific,Coastal,Thalassia,1994,,,,477.86,28,,,,,,
21.959,120.765,Tropical Indo Pacific,Coastal,Thalassia,1994,,,,340.57,33,,,,,,
21.959,120.765,Tropical Indo Pacific,Coastal,Thalassia,1994,,,,370.88,26,,,,,,
21.95,120.749,Tropical Indo Pacific,Coastal,Thalassia,1995,,,,675.78,33,,,,,,
21.95,120.749,Tropical Indo Pacific,Coastal,Thalassia,1995,,,,754.24,31,,,,,,
21.95,120.749,Tropical Indo Pacific,Coastal,Thalassia,1995,,,,1018.13,41,,,,,,
21.95,120.749,Tropical Indo Pacific,Coastal,Thalassia,1995,,,,731.06,40,,,,,,
21.95,120.749,Tropical Indo Pacific,Coastal,Thalassia,1995,,,,620.51,24,,,,,,
21.95,120.749,Tropical Indo Pacific,Coastal,Thalassia,1995,,,,636.55,41,,,,,,
21.959,120.765,Tropical Indo Pacific,Coastal,Thalassia,1995,,,,231.8,13,,,,,,
21.959,120.765,Tropical Indo Pacific,Coastal,Thalassia,1995,,,,401.19,18,,,,,,
21.959,120.765,Tropical Indo Pacific,Coastal,Thalassia,1995,,,,440.42,22,,,,,,
21.959,120.765,Tropical Indo Pacific,Coastal,Thalassia,1995,,,,320.95,24,,,,,,
21.959,120.765,Tropical Indo Pacific,Coastal,Thalassia,1995,,,,344.13,18,,,,,,
21.959,120.765,Tropical Indo Pacific,Coastal,Thalassia,1995,,,,274.59,24,,,,,,
21.949,120.777,Tropical Indo Pacific,Coastal,Thalassia,2017,0.08,0.15,0.23,4400,19,,,,,,0.001
21.949,120.777,Tropical Indo Pacific,Coastal,Thalassia,2017,0.1,0.15,0.25,2570,11,,,,,,0.002
21.949,120.777,Tropical Indo Pacific,Coastal,Thalassia,2017,0.11,0.11,0.21,3680,17,,,,,,0.002
21.95,120.75,Tropical Indo Pacific,Coastal,Thalassia,2017,0.08,0.12,0.19,5570,20,,,,,,0.001
21.95,120.75,Tropical Indo Pacific,Coastal,Thalassia,2017,0.09,0.12,0.21,3650,17,,,,,,0.001
21.974,120.715,Tropical Indo Pacific,Coastal,Thalassia,2017,0.08,0.12,0.2,4570,16,,,,,,0.001
36.059,120.316,Temperate North Pacific,Coastal,Zostera,2009,,,135,,,,,,,,
36.059,120.316,Temperate North Pacific,Coastal,Zostera,2009,,,262,,,,,,,,
36.059,120.316,Temperate North Pacific,Coastal,Zostera,2009,,,555,,,,,,,,
36.059,120.316,Temperate North Pacific,Coastal,Zostera,2009,,,848,,,,,,,,
36.059,120.316,Temperate North Pacific,Coastal,Zostera,2009,,,174,,,,,,,,
36.059,120.316,Temperate North Pacific,Coastal,Zostera,2009,,,188,,,,,,,,
36.059,120.316,Temperate North Pacific,Coastal,Zostera,2009,,,238,,,,,,,,
36.059,120.316,Temperate North Pacific,Coastal,Zostera,2009,,,418,,,,,,,,
36.059,120.316,Temperate North Pacific,Coastal,Zostera,2009,,,174,,,,,,,,
36.059,120.316,Temperate North Pacific,Coastal,Zostera,2009,,,99,,,,,,,,
36.059,120.316,Temperate North Pacific,Coastal,Zostera,2009,,,99,,,,,,,,
36.059,120.316,Temperate North Pacific,Coastal,Zostera,2009,,,87,,,,,,,,
36.059,120.316,Temperate North Pacific,Coastal,Zostera,2009,,,124,,,,,,,,
36.059,120.316,Temperate North Pacific,Coastal,Zostera,2009,,,264,505,,,,,,,
36.059,120.316,Temperate North Pacific,Coastal,Zostera,2009,,,832,,,,,,,,
36.059,120.316,Temperate North Pacific,Coastal,Zostera,2009,,,711,545,,,,,,,
36.059,120.316,Temperate North Pacific,Coastal,Zostera,2009,,,794,,,,,,,,
36.059,120.316,Temperate North Pacific,Coastal,Zostera,2009,,,383,402,,,,,,,
36.059,120.316,Temperate North Pacific,Coastal,Zostera,2009,,,376,,,,,,,,
36.059,120.316,Temperate North Pacific,Coastal,Zostera,2009,,,309,,,,,,,,
36.059,120.316,Temperate North Pacific,Coastal,Zostera,2010,,,511,,,,,,,,
36.059,120.316,Temperate North Pacific,Coastal,Zostera,2010,,,296,,,,,,,,
36.059,120.316,Temperate North Pacific,Coastal,Zostera,2010,,,44,,,,,,,,
36.059,120.316,Temperate North Pacific,Coastal,Zostera,2010,,,282,314,,,,,,,
36.059,120.316,Temperate North Pacific,Coastal,Zostera,2010,,,241,,,,,,,,
-27.389,153.227,Tropical Indo Pacific,Estuarine,Halophila,1991,,,0.3,76.2,30,,,,,,
-27.287,153.222,Tropical Indo Pacific,Estuarine,Halophila,1991,,,11.45,1121.71,52,,,,,,
-27.287,153.222,Tropical Indo Pacific,Estuarine,Halophila,1991,,,10.33,1206.87,65,,,,,,
-27.287,153.222,Tropical Indo Pacific,Estuarine,Halophila,1991,,,7.11,2620.85,34,,,,,,
-27.287,153.222,Tropical Indo Pacific,Estuarine,Halophila,1991,,,0.52,89.38,11,,,,,,
-27.287,153.222,Tropical Indo Pacific,Estuarine,Halodule,1991,,,2.38,60.65,8,,,,,,
-27.287,153.222,Tropical Indo Pacific,Estuarine,Halodule,1991,,,1.52,48.44,6,,,,,,
-27.287,153.222,Tropical Indo Pacific,Estuarine,Halophila,1991,,,4.97,115.29,23,,,,,,
-27.199,153.102,Tropical Indo Pacific,Estuarine,Zostera,1991,,,363.92,13761.16,63,,,,,,
-27.199,153.102,Tropical Indo Pacific,Estuarine,Halophila,1991,,,6.28,1623.98,56,,,,,,
-27.389,153.227,Tropical Indo Pacific,Estuarine,Zostera,1991,,,258.24,4615.7,80,,,,,,
-27.287,153.222,Tropical Indo Pacific,Estuarine,Zostera,1991,,,117.04,2079.41,61,,,,,,
-27.287,153.222,Tropical Indo Pacific,Estuarine,Zostera,1991,,,111.36,2059.62,76,,,,,,
-27.287,153.222,Tropical Indo Pacific,Estuarine,Zostera,1991,,,120.55,1487.02,37,,,,,,
-27.287,153.222,Tropical Indo Pacific,Estuarine,Zostera,1991,,,44.96,442.28,28,,,,,,
25.111,-80.308,Tropical Atlantic,Coastal,Thalassia,2010,193,,,755,,,,,,,
24.968,-80.839,Tropical Atlantic,Estuarine,Thalassia,2012,136,,,565,,,,,,,
25.036,-80.686,Tropical Atlantic,Estuarine,Thalassia,2012,75,,,642,,,,,,,
25.177,-80.489,Tropical Atlantic,Estuarine,Thalassia,2012,24,,,406,,,,,,,
9.35,-82.25,Tropical Atlantic,Estuarine,Thalassia,1999,74.18,,1408.25,,,,,,,,1.84
9.35,-82.25,Tropical Atlantic,Estuarine,Thalassia,1999,83.97,,918.41,,,,,,,,1.911
9.35,-82.25,Tropical Atlantic,Estuarine,Thalassia,2000,66.85,,1156.09,,,,,,,,1.082
9.35,-82.25,Tropical Atlantic,Estuarine,Thalassia,2000,55.43,,1382.93,,,,,,,,1.368
9.35,-82.25,Tropical Atlantic,Estuarine,Thalassia,2001,57.88,,1534.97,,,,,,,,1.324
9.35,-82.25,Tropical Atlantic,Estuarine,Thalassia,2001,57.88,,1407.97,,,,,,,,1.255
9.35,-82.25,Tropical Atlantic,Estuarine,Thalassia,2002,62.77,,1027.58,,,,,,,,2.913
9.35,-82.25,Tropical Atlantic,Estuarine,Thalassia,2002,70.11,,1449.39,,,,,,,,1.497
9.35,-82.25,Tropical Atlantic,Estuarine,Thalassia,2003,63.59,,1545.65,,,,,,,,1.358
9.35,-82.25,Tropical Atlantic,Estuarine,Thalassia,2003,70.11,,1471.02,,,,,,,,2.806
9.35,-82.25,Tropical Atlantic,Estuarine,Thalassia,2004,66.03,,1286.45,,,,,,,,1.927
9.35,-82.25,Tropical Atlantic,Estuarine,Thalassia,2004,53.8,,1415.12,,,,,,,,1.727
9.35,-82.25,Tropical Atlantic,Estuarine,Thalassia,2005,56.25,,1443.58,,,,,,,,1.484
9.35,-82.25,Tropical Atlantic,Estuarine,Thalassia,2005,79.08,,1787.52,,,,,,,,1.653
9.35,-82.25,Tropical Atlantic,Estuarine,Thalassia,2006,77.45,,1463.81,,,,,,,,1.723
9.35,-82.25,Tropical Atlantic,Estuarine,Thalassia,2006,76.63,,1752.92,,,,,,,,1.602
9.35,-82.25,Tropical Atlantic,Estuarine,Thalassia,2007,93.75,,1859.63,,,,,,,,5.806
9.35,-82.25,Tropical Atlantic,Estuarine,Thalassia,2007,63.59,,1568.29,,,,,,,,1.219
9.35,-82.25,Tropical Atlantic,Estuarine,Thalassia,2008,61.96,,2130.74,,,,,,,,1.097
9.35,-82.25,Tropical Atlantic,Estuarine,Thalassia,2008,62.77,,1848.56,,,,,,,,1.451
9.35,-82.25,Tropical Atlantic,Estuarine,Thalassia,2009,61.96,,1907.25,,,,,,,,1.458
9.35,-82.25,Tropical Atlantic,Estuarine,Thalassia,2009,75,,1802.44,,,,,,,,1.255
9.35,-82.25,Tropical Atlantic,Estuarine,Thalassia,2010,57.07,,1524.18,,,,,,,,1.869
9.737,-82.807,Tropical Atlantic,Coastal,Thalassia,2009,,,1107.32,1164.63,,,,,1.3,,
9.737,-82.807,Tropical Atlantic,Coastal,Thalassia,2009,,,1468.29,932.93,,,,,1.425,,
9.737,-82.807,Tropical Atlantic,Coastal,Thalassia,2009,,,990.24,823.17,,,,,0.488,,
9.737,-82.807,Tropical Atlantic,Coastal,Thalassia,2009,,,1297.56,609.76,,,,,0.675,,
9.737,-82.807,Tropical Atlantic,Coastal,Thalassia,2010,,,1409.76,1420.73,,,,,1.35,,
9.737,-82.807,Tropical Atlantic,Coastal,Thalassia,2010,,,1458.54,1250,,,,,0.825,,
9.737,-82.807,Tropical Atlantic,Coastal,Thalassia,2010,,,1024.39,780.49,,,,,0.725,,
9.737,-82.807,Tropical Atlantic,Coastal,Thalassia,2010,,,995.12,1158.54,,,,,1.238,,
9.737,-82.807,Tropical Atlantic,Coastal,Thalassia,2010,,,,1219.51,,,,,1.538,,
9.737,-82.807,Tropical Atlantic,Coastal,Thalassia,2011,,,1087.81,1207.32,,,,,2.963,,
9.737,-82.807,Tropical Atlantic,Coastal,Thalassia,2011,,,1341.46,780.49,,,,,1.625,,
9.737,-82.807,Tropical Atlantic,Coastal,Thalassia,2011,,,1404.88,512.2,,,,,1.8,,
9.737,-82.807,Tropical Atlantic,Coastal,Thalassia,2011,,,1482.93,1426.83,,,,,2.288,,
9.737,-82.807,Tropical Atlantic,Coastal,Thalassia,2011,,,1443.9,,,,,,,,
9.737,-82.807,Tropical Atlantic,Coastal,Thalassia,2011,,,1643.9,,,,,,,,
9.737,-82.807,Tropical Atlantic,Coastal,Thalassia,2012,,,868.29,1054.88,,,,,2.35,,
9.737,-82.807,Tropical Atlantic,Coastal,Thalassia,2012,,,1370.73,1182.93,,,,,1.575,,
9.737,-82.807,Tropical Atlantic,Coastal,Thalassia,2012,,,1058.54,817.07,,,,,1.113,,
9.737,-82.807,Tropical Atlantic,Coastal,Thalassia,2012,,,1297.56,1140.24,,,,,1.663,,
9.737,-82.807,Tropical Atlantic,Coastal,Thalassia,2012,,,,871.95,,,,,1.113,,
9.737,-82.807,Tropical Atlantic,Coastal,Thalassia,2013,,,1658.54,1140.24,,,,,2.9,,
9.737,-82.807,Tropical Atlantic,Coastal,Thalassia,2013,,,1024.39,1128.05,,,,,1.538,,
9.737,-82.807,Tropical Atlantic,Coastal,Thalassia,2013,,,1058.54,,,,,,,,
9.737,-82.807,Tropical Atlantic,Coastal,Thalassia,2013,,,1326.83,,,,,,,,
9.737,-82.807,Tropical Atlantic,Coastal,Thalassia,2014,,,1551.22,1835.37,,,,,1.875,,
9.737,-82.807,Tropical Atlantic,Coastal,Thalassia,2014,,,1429.27,,,,,,,,
9.737,-82.807,Tropical Atlantic,Coastal,Thalassia,2015,,,1058.54,1676.83,,,,,0.713,,
9.737,-82.807,Tropical Atlantic,Coastal,Thalassia,2015,,,843.9,1341.46,,,,,0.738,,
9.737,-82.807,Tropical Atlantic,Coastal,Thalassia,2015,,,1282.93,1091.46,,,,,,,
9.737,-82.807,Tropical Atlantic,Coastal,Thalassia,2015,,,1200,,,,,,,,
-6.099496,39.430929,Tropical Indo Pacific,Coastal,Thalassia,2004,301,442,742,384,,,,,1.97,,
-6.099496,39.430929,Tropical Indo Pacific,Coastal,Enhalus,2004,143,512,655,134,,,,,2.05,,
-6.170885,39.442869,Tropical Indo Pacific,Coastal,Thalassia,2004,175,220,393,380,,,,,1.86,,
-6.170885,39.442869,Tropical Indo Pacific,Coastal,Enhalus,2004,199,415,614,128,,,,,2.767,,
-6.315466,39.549897,Tropical Indo Pacific,Coastal,Thalassia,2004,609,2455,3063,1090,,,,,5.92,,
35.447,11.059,Mediterranean,Coastal,Posidonia,2011,,,,413,,,,,,,
35.447,11.059,Mediterranean,Coastal,Posidonia,2011,,,,573,,,,,,,
35.478,11.079,Mediterranean,Coastal,Posidonia,2011,,,,748.64,,,,,,,
35.478,11.079,Mediterranean,Coastal,Posidonia,2011,,,,652.23,,,,,,,
35.512,11.082,Mediterranean,Coastal,Posidonia,2011,,,,760.7,,,,,,,
35.512,11.082,Mediterranean,Coastal,Posidonia,2011,,,,722.3,,,,,,,
35.545,11.044,Mediterranean,Coastal,Posidonia,2011,,,,646.8,,,,,,,
35.545,11.044,Mediterranean,Coastal,Posidonia,2011,,,,598.9,,,,,,,
40.55,22.967,Mediterranean,Coastal,Cymodocea,2007,27.18,123.34,155.36,,,,,,,,
40.55,22.967,Mediterranean,Coastal,Cymodocea,2007,20.91,118.12,139.29,,,,,,,,
40.55,22.967,Mediterranean,Coastal,Cymodocea,2007,37.63,107.67,144.64,,,,,,,,
40.55,22.967,Mediterranean,Coastal,Cymodocea,2007,35.54,100.35,144.64,,,,,,,,
40.55,22.967,Mediterranean,Coastal,Cymodocea,2007,64.81,144.25,216.07,,,,,,,,
40.55,22.967,Mediterranean,Coastal,Cymodocea,2007,141.11,169.34,314.29,,,,,,,,
40.55,22.967,Mediterranean,Coastal,Cymodocea,2007,149.48,157.84,416.07,,,,,,,,
40.55,22.967,Mediterranean,Coastal,Cymodocea,2007,32.4,124.39,160.71,,,,,,,,
40.55,22.967,Mediterranean,Coastal,Cymodocea,2007,61.67,344.95,414.29,,,,,,,,
40.55,22.967,Mediterranean,Coastal,Cymodocea,2007,52.26,288.5,346.43,,,,,,,,
40.55,22.967,Mediterranean,Coastal,Cymodocea,2007,27.18,251.92,287.5,,,,,,,,
41.673,2.794,Mediterranean,Coastal,Cymodocea,1998,85.7,144.2,229.9,964,,,,,,,
41.673,2.794,Mediterranean,Coastal,Cymodocea,1998,123.6,192.3,315.9,1219,,,3.98,0.9,4.88,,
41.673,2.794,Mediterranean,Coastal,Cymodocea,1998,108.5,181.4,289.9,736,,,2.55,1.13,3.68,,
41.673,2.794,Mediterranean,Coastal,Cymodocea,1998,73,168.7,241.7,931,,,1.17,0.41,1.58,,
41.673,2.794,Mediterranean,Coastal,Cymodocea,1998,38.4,122.9,161.3,837,,,1.23,0.05,1.235,,
16.428417,119.921104,Tropical Indo Pacific,Coastal,Enhalus,2009,56.7,,,29,,,,,,,
16.428417,119.921104,Tropical Indo Pacific,Coastal,Cymodocea,2009,2.8,,,62,,,,,,,
16.428417,119.921104,Tropical Indo Pacific,Coastal,Cymodocea,2009,6,,,22,,,,,,,
16.428417,119.921104,Tropical Indo Pacific,Coastal,Thalassia,2009,57.3,,,335,,,,,,,
16.428417,119.921104,Tropical Indo Pacific,Coastal,Syringodium,2009,5.5,,,208,,,,,,,
16.428417,119.921104,Tropical Indo Pacific,Coastal,Halodule,2009,3,,,164,,,,,,,
16.428417,119.921104,Tropical Indo Pacific,Coastal,Enhalus,2009,12.2,,,14,,,,,,,
16.428417,119.921104,Tropical Indo Pacific,Coastal,Cymodocea,2009,12,,,287,,,,,,,
16.428417,119.921104,Tropical Indo Pacific,Coastal,Cymodocea,2009,13.5,,,153,,,,,,,
16.428417,119.921104,Tropical Indo Pacific,Coastal,Thalassia,2009,31.6,,,64,,,,,,,
16.428417,119.921104,Tropical Indo Pacific,Coastal,Syringodium,2009,,,,12,,,,,,,
16.428417,119.921104,Tropical Indo Pacific,Coastal,Halodule,2009,3.2,,,33,,,,,,,
16.428417,119.921104,Tropical Indo Pacific,Coastal,Enhalus,2009,57.3,,,23,,,,,,,
16.428417,119.921104,Tropical Indo Pacific,Coastal,Cymodocea,2009,5.9,,,48,,,,,,,
16.428417,119.921104,Tropical Indo Pacific,Coastal,Cymodocea,2009,1.8,,,21,,,,,,,
16.428417,119.921104,Tropical Indo Pacific,Coastal,Thalassia,2009,88.4,,,413,,,,,,,
16.428417,119.921104,Tropical Indo Pacific,Coastal,Syringodium,2009,8.1,,,633,,,,,,,
16.428417,119.921104,Tropical Indo Pacific,Coastal,Halodule,2009,4.3,,,35,,,,,,,
16.428417,119.921104,Tropical Indo Pacific,Coastal,Enhalus,2009,3.2,,,5,,,,,,,
12.27947,109.230559,Tropical Indo Pacific,Coastal,Enhalus,2009,42.6,,,29,,,,,,,
12.27947,109.230559,Tropical Indo Pacific,Coastal,Cymodocea,2009,149.5,,,859,,,,,,,
12.27947,109.230559,Tropical Indo Pacific,Coastal,Halodule,2009,146.2,,,5039,,,,,,,
12.27947,109.230559,Tropical Indo Pacific,Coastal,Enhalus,2009,,,,7,,,,,,,
12.27947,109.230559,Tropical Indo Pacific,Coastal,Thalassia,2009,45.6,,,325,,,,,,,
12.27947,109.230559,Tropical Indo Pacific,Coastal,Enhalus,2009,110.1,,,74,,,,,,,
12.27947,109.230559,Tropical Indo Pacific,Coastal,Thalassia,2009,54.3,,,517,,,,,,,
12.27947,109.230559,Tropical Indo Pacific,Coastal,Cymodocea,2009,1.6,,,47,,,,,,,
12.27947,109.230559,Tropical Indo Pacific,Coastal,Cymodocea,2009,35.3,,,705,,,,,,,
12.27947,109.230559,Tropical Indo Pacific,Coastal,Halodule,2009,5.9,,,423,,,,,,,
12.27947,109.230559,Tropical Indo Pacific,Coastal,Enhalus,2009,,,,21,,,,,,,
12.27947,109.230559,Tropical Indo Pacific,Coastal,Thalassia,2009,,,,728,,,,,,,
12.27947,109.230559,Tropical Indo Pacific,Coastal,Cymodocea,2009,,,,917,,,,,,,
12.27947,109.230559,Tropical Indo Pacific,Coastal,Enhalus,2009,128.6,,,86,,,,,,,
12.27947,109.230559,Tropical Indo Pacific,Coastal,Enhalus,2009,5.2,,,3,,,,,,,
12.27947,109.230559,Tropical Indo Pacific,Coastal,Halodule,2009,0.6,,,282,,,,,,,
12.27947,109.230559,Tropical Indo Pacific,Coastal,Halophila,2009,0.5,,,524,,,,,,,
20.973597,107.221019,Tropical Indo Pacific,Coastal,Halophila,2009,9.3,,,,,,,,,,
20.973597,107.221019,Tropical Indo Pacific,Coastal,Zostera,2009,34.1,,,,,,,,,,
37.727,-0.713,Mediterranean,Coastal,Posidonia,2012,,,,573.5,,,,,,,
37.728,-0.711,Mediterranean,Coastal,Posidonia,2012,,,,543.39,,,,,,,
37.727,-0.713,Mediterranean,Coastal,Posidonia,2013,,,,470.9,,,,,,,
37.728,-0.711,Mediterranean,Coastal,Posidonia,2013,,,,457.3,,,,,,,
37.727,-0.713,Mediterranean,Coastal,Posidonia,2014,,,,436.2,,,,,,,
37.728,-0.711,Mediterranean,Coastal,Posidonia,2014,,,,486,,,,,,,
37.727,-0.713,Mediterranean,Coastal,Posidonia,2015,,,,537.3,,,,,,,
37.728,-0.711,Mediterranean,Coastal,Posidonia,2015,,,,676.2,,,,,,,
23.46,-76.06,Tropical Atlantic,Coastal,Thalassia,1999,,,,557.28,,,,,1.008,,
23.46,-76.06,Tropical Atlantic,Coastal,Thalassia,1999,,55.64,,545.63,,,,,1.23,,
23.46,-76.06,Tropical Atlantic,Coastal,Thalassia,1999,,,,634.95,,,,,0.998,,
23.46,-76.06,Tropical Atlantic,Coastal,Thalassia,1999,,64.41,,782.52,,,,,0.781,,
23.46,-76.06,Tropical Atlantic,Coastal,Thalassia,1999,,,,693.2,,,,,0.706,,
23.46,-76.06,Tropical Atlantic,Coastal,Thalassia,1999,,,,691.26,,,,,0.639,,
23.46,-76.06,Tropical Atlantic,Coastal,Thalassia,1999,,,,666.02,,,,,0.587,,
23.46,-76.06,Tropical Atlantic,Coastal,Thalassia,1999,,,,658.25,,,,,0.602,,
23.46,-76.06,Tropical Atlantic,Coastal,Thalassia,1999,,,,683.5,,,,,0.531,,
23.46,-76.06,Tropical Atlantic,Coastal,Thalassia,2000,,68.79,,693.2,,,,,0.479,,
23.46,-76.06,Tropical Atlantic,Coastal,Thalassia,2000,,,,671.84,,,,,0.602,,
23.46,-76.06,Tropical Atlantic,Coastal,Thalassia,2000,,,,667.96,,,,,0.507,,
23.46,-76.06,Tropical Atlantic,Coastal,Thalassia,2000,,,,650.49,,,,,0.45,,
23.46,-76.06,Tropical Atlantic,Coastal,Thalassia,2000,,,,642.72,,,,,0.653,,
23.46,-76.06,Tropical Atlantic,Coastal,Thalassia,2000,,,,650.49,,,,,0.653,,
23.46,-76.06,Tropical Atlantic,Coastal,Thalassia,2000,,,,666.02,,,,,0.597,,
23.46,-76.06,Tropical Atlantic,Coastal,Thalassia,2000,,,,677.67,,,,,0.653,,
23.46,-76.06,Tropical Atlantic,Coastal,Thalassia,2000,,,,654.37,,,,,0.805,,
23.46,-76.06,Tropical Atlantic,Coastal,Thalassia,2000,,,,638.83,,,,,0.701,,
23.46,-76.06,Tropical Atlantic,Coastal,Thalassia,2000,,67.44,,695.15,,,,,0.89,,
23.46,-76.06,Tropical Atlantic,Coastal,Thalassia,2000,,,,704.85,,,,,1.121,,
23.46,-76.06,Tropical Atlantic,Coastal,Thalassia,2000,,,,677.67,,,,,1.211,,
23.46,-76.06,Tropical Atlantic,Coastal,Thalassia,2000,,,,693.2,,,,,1.102,,
23.46,-76.06,Tropical Atlantic,Coastal,Thalassia,2000,,,,677.67,,,,,1.102,,
23.46,-76.06,Tropical Atlantic,Coastal,Thalassia,2000,,,,699.03,,,,,1.041,,
23.46,-76.06,Tropical Atlantic,Coastal,Thalassia,2000,,,,732.04,,,,,0.885,,
23.46,-76.06,Tropical Atlantic,Coastal,Thalassia,2000,,,,693.2,,,,,0.772,,
23.46,-76.06,Tropical Atlantic,Coastal,Thalassia,2000,,61.04,,683.5,,,,,0.772,,
23.46,-76.06,Tropical Atlantic,Coastal,Thalassia,2000,,,,,,,,,0.682,,
20.853,-86.868,Tropical Atlantic,Coastal,Syringodium,2016,2.7,39,41.6,,,,,,,,
20.853,-86.868,Tropical Atlantic,Coastal,Thalassia,2016,160.7,1000.8,1161.5,,,,,,,,
23.183,-82.314,Tropical Atlantic,Coastal,Thalassia,1995,,,,1075,,,,,3.1,,
23.183,-82.314,Tropical Atlantic,Coastal,Thalassia,1995,,,,1225,,,,,4.3,,
23.183,-82.314,Tropical Atlantic,Coastal,Thalassia,1995,,,,1266.7,,,,,3.8,,
23.183,-82.314,Tropical Atlantic,Coastal,Thalassia,1995,,,,980,,,,,4,,
23.183,-82.314,Tropical Atlantic,Coastal,Thalassia,1995,,,,1016.7,,,,,3.8,,
23.183,-82.314,Tropical Atlantic,Coastal,Thalassia,1995,,,,610,,,,,2.6,,
23.183,-82.314,Tropical Atlantic,Coastal,Thalassia,1995,,,,1100,,,,,3.1,,
23.183,-82.314,Tropical Atlantic,Coastal,Thalassia,1995,,,,875,,,,,3.5,,
23.183,-82.314,Tropical Atlantic,Coastal,Thalassia,1995,,,,920,,,,,2.7,,
23.183,-82.314,Tropical Atlantic,Coastal,Thalassia,1996,,,,1010,,,,,3.6,,
-25.883,114.25,Tropical Indo Pacific,Coastal,Halodule,1988,16.7,,,,,,,,,,
-25.883,114.25,Tropical Indo Pacific,Coastal,Halodule,1988,1.56,,,,,,,,,,
-25.883,114.25,Tropical Indo Pacific,Coastal,Halodule,1988,5,,,,,,,,,,
-25.883,114.25,Tropical Indo Pacific,Coastal,Halodule,1988,0.15,,,,,,,,,,
-25.883,114.25,Tropical Indo Pacific,Coastal,Halodule,1988,8.1,,,,,,,,,,
-25.883,114.25,Tropical Indo Pacific,Coastal,Halodule,1988,1.88,,,,,,,,,,
-25.883,114.25,Tropical Indo Pacific,Coastal,Halodule,1988,6.4,,,,,,,,,,
-25.883,114.25,Tropical Indo Pacific,Coastal,Halodule,1988,1.72,,,,,,,,,,
-25.883,114.25,Tropical Indo Pacific,Coastal,Halodule,1988,7.5,,,,,,,,,,
-25.883,114.25,Tropical Indo Pacific,Coastal,Halodule,1988,0.47,,,,,,,,,,
-25.883,114.25,Tropical Indo Pacific,Coastal,Halodule,1988,3.4,,,,,,,,,,
-25.883,114.25,Tropical Indo Pacific,Coastal,Halodule,1988,0.94,,,,,,,,,,
-25.883,114.25,Tropical Indo Pacific,Coastal,Halodule,1988,7.5,,,,,,,,,,
-25.883,114.25,Tropical Indo Pacific,Coastal,Halodule,1988,0.31,,,,,,,,,,
-25.883,114.25,Tropical Indo Pacific,Coastal,Halodule,1989,13,,,,,,,,,,
-25.883,114.25,Tropical Indo Pacific,Coastal,Halodule,1989,0.31,,,,,,,,,,
-25.883,114.25,Tropical Indo Pacific,Coastal,Halodule,1989,14.2,,,,,,,,,,
-25.883,114.25,Tropical Indo Pacific,Coastal,Halodule,1989,1.09,,,,,,,,,,
-25.883,114.25,Tropical Indo Pacific,Coastal,Halodule,1989,8,,,,,,,,,,
32.593,-80.463,Tropical Atlantic,Estuarine,Ruppia,2016,1020.89,142.23,1163.12,,,,,,,,
52.946,-4.568,Temperate North Pacific,Coastal,Zostera,2012,,,,198.4,16,,,,,,
52.946,-4.568,Temperate North Pacific,Coastal,Zostera,2013,,,,580.4,65,,,,,,
52.946,-4.568,Temperate North Pacific,Coastal,Zostera,2014,,,,256,16,,,,,,
52.946,-4.568,Temperate North Pacific,Coastal,Zostera,2015,,,,124,29,,,,,,
52.946,-4.568,Temperate North Pacific,Coastal,Zostera,2016,,,,219.2,27,,,,,,
52.946,-4.568,Temperate North Pacific,Coastal,Zostera,2017,,,,69.6,7,,,,,,
32.35,-64.725,Tropical Atlantic,Coastal,Thalassia,1990,,,28,,,,,,,,
32.35,-64.725,Tropical Atlantic,Coastal,Thalassia,1990,,,18.5,,,,,,,,
29.612791,-84.14955,Tropical Atlantic,Coastal,Halodule,2006,4.87,7.51,12.39,,,,,,,,
29.612791,-84.14955,Tropical Atlantic,Coastal,Halodule,2006,2.64,11.57,14.21,,,,,,,,
29.612791,-84.14955,Tropical Atlantic,Coastal,Halodule,2006,3.05,15.43,18.48,,,,,,,,
29.612791,-84.14955,Tropical Atlantic,Coastal,Halodule,2006,2.23,6.7,8.93,,,,,,,,
29.612791,-84.14955,Tropical Atlantic,Coastal,Halodule,2006,3.45,6.29,9.75,,,,,,,,
29.612791,-84.14955,Tropical Atlantic,Coastal,Halodule,2006,8.53,17.46,25.99,,,,,,,,
29.612791,-84.14955,Tropical Atlantic,Coastal,Halodule,2006,10.36,20.3,30.66,,,,,,,,
29.612791,-84.14955,Tropical Atlantic,Coastal,Halodule,2006,11.98,16.65,28.63,,,,,,,,
29.612791,-84.14955,Tropical Atlantic,Coastal,Halodule,2006,25.38,41.83,67.21,,,,,,,,
29.612791,-84.14955,Tropical Atlantic,Coastal,Halodule,2006,37.16,55.03,92.18,,,,,,,,
29.612791,-84.14955,Tropical Atlantic,Coastal,Halodule,2006,24.57,59.7,84.26,,,,,,,,
29.612791,-84.14955,Tropical Atlantic,Coastal,Halodule,2006,13.81,23.35,37.16,,,,,,,,
29.612791,-84.14955,Tropical Atlantic,Coastal,Halodule,2006,23.35,39.59,62.94,,,,,,,,
46.503,-64.668,Temperate North Atlantic,Estuarine,Zostera,2013,78.56,261.8,340.3,535.66,88,,,,,,
46.389,-64.606,Temperate North Atlantic,Estuarine,Zostera,2013,108.74,154.73,263.47,291.64,81,,,,,,
46.696,-64.811,Temperate North Atlantic,Estuarine,Zostera,2013,136.77,140.36,277.13,325.07,91,,,,,,
46.841,-64.935,Temperate North Atlantic,Estuarine,Zostera,2013,128.86,177.73,306.59,338.44,97,,,,,,
47.381,-64.927,Temperate North Atlantic,Estuarine,Zostera,2013,112.34,241.68,354.01,353.48,85,,,,,,
47.721,-64.771,Temperate North Atlantic,Estuarine,Zostera,2013,138.2,205.75,343.95,577.44,100,,,,,,
47.788,-64.672,Temperate North Atlantic,Estuarine,Zostera,2013,126.71,250.3,377.01,851.53,98,,,,,,
-16.879,145.777,Tropical Indo Pacific,Coastal,Zostera,1989,92.61,176.13,268.74,,,33.99,,,,,
-16.879,145.777,Tropical Indo Pacific,Coastal,Zostera,1989,90.89,194.12,285.01,,,33.32,,,,,
-16.879,145.777,Tropical Indo Pacific,Coastal,Zostera,1989,91.15,123.28,214.43,,,42.18,,,,,
-16.879,145.777,Tropical Indo Pacific,Coastal,Zostera,1989,107.73,218.6,326.33,,,22.8,,,,,
-35.470667,138.28825,Temperate Southern,Coastal,Posidonia,2012,143.75,,,,,,,,,,
40.733,13.963,Mediterranean,Coastal,Posidonia,2016,,,,435.64,,,,,,,
1.333,103.599,Tropical Indo Pacific,Estuarine,Enhalus,2009,,,,,54,,,,,,
1.333,103.599,Tropical Indo Pacific,Estuarine,Halophila,2009,,,,,21,,,,,,
1.333,103.599,Tropical Indo Pacific,Estuarine,Halophila,2009,,,,,11,,,,,,
1.333,103.599,Tropical Indo Pacific,Estuarine,Thalassia,2009,,,,,14,,,,,,
1.333,103.599,Tropical Indo Pacific,Estuarine,Enhalus,2013,,,,,58,,,,,,
1.333,103.599,Tropical Indo Pacific,Estuarine,Halodule,2013,,,,,1,,,,,,
1.333,103.599,Tropical Indo Pacific,Estuarine,Halophila,2013,,,,,24,,,,,,
1.333,103.599,Tropical Indo Pacific,Estuarine,Halophila,2013,,,,,12,,,,,,
1.333,103.599,Tropical Indo Pacific,Estuarine,Thalassia,2013,,,,,5,,,,,,
43.069,144.864,Temperate North Pacific,Estuarine,Zostera,2013,,,22.71,,,,,,,,
43.059,144.915,Temperate North Pacific,Estuarine,Zostera,2013,,,118.13,,,,,,,,
43.036,114.923,Temperate North Pacific,Estuarine,Zostera,2013,,,130.32,,,,,,,,
43.023,114.903,Temperate North Pacific,Estuarine,Zostera,2013,,,125.43,,,,,,,,
43.046,114.9,Temperate North Pacific,Estuarine,Zostera,2013,,,144.06,,,,,,,,
43.033,144.876,Temperate North Pacific,Estuarine,Zostera,2013,,,186.85,,,,,,,,
43.053,114.84,Temperate North Pacific,Estuarine,Zostera,2013,,,186.62,,,,,,,,
43.006,144.856,Temperate North Pacific,Estuarine,Zostera,2013,,,41.29,,,,,,,,
43.069,144.864,Temperate North Pacific,Estuarine,Zostera,2013,,,37.03,,,,,,,,
43.059,144.915,Temperate North Pacific,Estuarine,Zostera,2013,,,126.59,,,,,,,,
43.036,114.923,Temperate North Pacific,Estuarine,Zostera,2013,,,153.69,,,,,,,,
43.023,114.903,Temperate North Pacific,Estuarine,Zostera,2013,,,177.6,,,,,,,,
43.046,114.9,Temperate North Pacific,Estuarine,Zostera,2013,,,210.58,,,,,,,,
43.033,144.876,Temperate North Pacific,Estuarine,Zostera,2013,,,259.35,,,,,,,,
43.053,114.84,Temperate North Pacific,Estuarine,Zostera,2013,,,295.09,,,,,,,,
43.006,144.856,Temperate North Pacific,Estuarine,Zostera,2013,,,163.13,,,,,,,,
43.069,144.864,Temperate North Pacific,Estuarine,Zostera,2013,,,224.31,,,,,,,,
43.059,144.915,Temperate North Pacific,Estuarine,Zostera,2013,,,221.17,,,,,,,,
43.036,114.923,Temperate North Pacific,Estuarine,Zostera,2013,,,197.94,,,,,,,,
43.023,114.903,Temperate North Pacific,Estuarine,Zostera,2013,,,172.22,,,,,,,,
43.046,114.9,Temperate North Pacific,Estuarine,Zostera,2013,,,247.62,,,,,,,,
43.033,144.876,Temperate North Pacific,Estuarine,Zostera,2013,,,316.13,,,,,,,,
43.053,114.84,Temperate North Pacific,Estuarine,Zostera,2013,,,372.59,,,,,,,,
43.006,144.856,Temperate North Pacific,Estuarine,Zostera,2013,,,112.49,,,,,,,,
43.069,144.864,Temperate North Pacific,Estuarine,Zostera,2013,,,140.32,,,,,,,,
43.059,144.915,Temperate North Pacific,Estuarine,Zostera,2013,,,150.88,,,,,,,,
43.036,114.923,Temperate North Pacific,Estuarine,Zostera,2013,,,104.22,,,,,,,,
43.023,114.903,Temperate North Pacific,Estuarine,Zostera,2013,,,240.76,,,,,,,,
43.046,114.9,Temperate North Pacific,Estuarine,Zostera,2013,,,324.94,,,,,,,,
43.033,144.876,Temperate North Pacific,Estuarine,Zostera,2013,,,241.39,,,,,,,,
43.053,114.84,Temperate North Pacific,Estuarine,Zostera,2013,,,267.75,,,,,,,,
43.006,144.856,Temperate North Pacific,Estuarine,Zostera,2013,,,344.18,,,,,,,,
43.069,144.864,Temperate North Pacific,Estuarine,Zostera,2013,,,83.83,,,,,,,,
43.059,144.915,Temperate North Pacific,Estuarine,Zostera,2013,,,57.92,,,,,,,,
43.036,114.923,Temperate North Pacific,Estuarine,Zostera,2013,,,34.36,,,,,,,,
43.023,114.903,Temperate North Pacific,Estuarine,Zostera,2013,,,80.88,,,,,,,,
43.046,114.9,Temperate North Pacific,Estuarine,Zostera,2013,,,118.31,,,,,,,,
43.033,144.876,Temperate North Pacific,Estuarine,Zostera,2013,,,108.38,,,,,,,,
43.053,114.84,Temperate North Pacific,Estuarine,Zostera,2013,,,67.3,,,,,,,,
43.006,144.856,Temperate North Pacific,Estuarine,Zostera,2013,,,297.65,,,,,,,,
43.069,144.864,Temperate North Pacific,Estuarine,Zostera,2013,,,57.75,,,,,,,,
43.059,144.915,Temperate North Pacific,Estuarine,Zostera,2013,,,19.93,,,,,,,,
43.036,114.923,Temperate North Pacific,Estuarine,Zostera,2013,,,31.98,,,,,,,,
43.023,114.903,Temperate North Pacific,Estuarine,Zostera,2013,,,69.68,,,,,,,,
43.046,114.9,Temperate North Pacific,Estuarine,Zostera,2013,,,86.76,,,,,,,,
43.033,144.876,Temperate North Pacific,Estuarine,Zostera,2013,,,109.89,,,,,,,,
43.053,114.84,Temperate North Pacific,Estuarine,Zostera,2013,,,65.13,,,,,,,,
43.006,144.856,Temperate North Pacific,Estuarine,Zostera,2013,,,172.17,,,,,,,,
43.069,144.864,Temperate North Pacific,Estuarine,Zostera,2013,,,27.31,,,,,,,,
43.059,144.915,Temperate North Pacific,Estuarine,Zostera,2013,,,12.2,,,,,,,,
43.036,114.923,Temperate North Pacific,Estuarine,Zostera,2013,,,35.31,,,,,,,,
43.023,114.903,Temperate North Pacific,Estuarine,Zostera,2013,,,54.96,,,,,,,,
43.046,114.9,Temperate North Pacific,Estuarine,Zostera,2013,,,58.3,,,,,,,,
43.033,144.876,Temperate North Pacific,Estuarine,Zostera,2013,,,94.92,,,,,,,,
43.053,114.84,Temperate North Pacific,Estuarine,Zostera,2013,,,86.04,,,,,,,,
43.006,144.856,Temperate North Pacific,Estuarine,Zostera,2013,,,139.16,,,,,,,,
34.28138,10.25463,Mediterranean,Coastal,Zostera,2014,,,,437.89,,,,,,,
34.28138,10.25463,Mediterranean,Coastal,Zostera,2014,,,,458.85,,,,,,,
34.28138,10.25463,Mediterranean,Coastal,Zostera,2014,,,,370.34,,,,,,,
34.28138,10.25463,Mediterranean,Coastal,Zostera,2014,,,,416.15,,,,,,,
34.28138,10.25463,Mediterranean,Coastal,Zostera,2014,,,,427.8,,,,,,,
34.28138,10.25463,Mediterranean,Coastal,Zostera,2014,,,,337.73,,,,,,,
34.28138,10.25463,Mediterranean,Coastal,Zostera,2014,,,,469.72,,,,,,,
34.28138,10.25463,Mediterranean,Coastal,Zostera,2014,,,,408.39,,,,,,,
34.28138,10.25463,Mediterranean,Coastal,Zostera,2014,,,,360.25,,,,,,,
34.28138,10.25463,Mediterranean,Coastal,Zostera,2014,,,,381.21,,,,,,,
34.28138,10.25463,Mediterranean,Coastal,Zostera,2014,,,,417.7,,,,,,,
34.28138,10.25463,Mediterranean,Coastal,Zostera,2014,,,,359.47,,,,,,,
34.28138,10.25463,Mediterranean,Coastal,Zostera,2014,,,,399.07,,,,,,,
34.28138,10.25463,Mediterranean,Coastal,Zostera,2014,,,,417.7,,,,,,,
34.28138,10.25463,Mediterranean,Coastal,Zostera,2014,,,,359.47,,,,,,,
34.28138,10.25463,Mediterranean,Coastal,Zostera,2014,,,,380.43,,,,,,,
34.28138,10.25463,Mediterranean,Coastal,Zostera,2014,,,,396.74,,,,,,,
34.28138,10.25463,Mediterranean,Coastal,Zostera,2014,,,,362.58,,,,,,,
34.28138,10.25463,Mediterranean,Coastal,Zostera,2014,,,,373.45,,,,,,,
34.28138,10.25463,Mediterranean,Coastal,Zostera,2014,,,,388.98,,,,,,,
34.28138,10.25463,Mediterranean,Coastal,Zostera,2014,,,,317.55,,,,,,,
34.28138,10.25463,Mediterranean,Coastal,Zostera,2014,,,,407.61,,,,,,,
34.28138,10.25463,Mediterranean,Coastal,Zostera,2014,,,,439.44,,,,,,,
34.28138,10.25463,Mediterranean,Coastal,Zostera,2014,,,,358.7,,,,,,,
34.28138,10.25463,Mediterranean,Coastal,Zostera,2015,,,,359.47,,,,,,,
34.28138,10.25463,Mediterranean,Coastal,Zostera,2015,,,,310.56,,,,,,,
34.28138,10.25463,Mediterranean,Coastal,Zostera,2015,,,,309.01,,,,,,,
34.28138,10.25463,Mediterranean,Coastal,Zostera,2015,,,,297.36,,,,,,,
34.28138,10.25463,Mediterranean,Coastal,Zostera,2015,,,,310.56,,,,,,,
34.28138,10.25463,Mediterranean,Coastal,Zostera,2015,,,,277.17,,,,,,,
34.28138,10.25463,Mediterranean,Coastal,Zostera,2015,,,,258.54,,,,,,,
34.28138,10.25463,Mediterranean,Coastal,Zostera,2015,,,,298.91,,,,,,,
34.351,10.3,Mediterranean,Coastal,Zostera,2014,96,,,437.06,,,,,,,
34.351,10.3,Mediterranean,Coastal,Zostera,2014,103.9,,,415.41,,,,,,,
34.351,10.3,Mediterranean,Coastal,Zostera,2014,112.42,,,467.8,,,,,,,
34.351,10.3,Mediterranean,Coastal,Zostera,2014,108.63,,,377.67,,,,,,,
34.351,10.3,Mediterranean,Coastal,Zostera,2014,99.47,,,394.23,,,,,,,
34.351,10.3,Mediterranean,Coastal,Zostera,2014,98.21,,,378.15,,,,,,,
34.351,10.3,Mediterranean,Coastal,Zostera,2014,104.21,,,368.43,,,,,,,
34.351,10.3,Mediterranean,Coastal,Zostera,2014,108.63,,,404.9,,,,,,,
34.351,10.3,Mediterranean,Coastal,Zostera,2014,91.58,,,457.73,,,,,,,
34.351,10.3,Mediterranean,Coastal,Zostera,2014,100.42,,,427.32,,,,,,,
34.351,10.3,Mediterranean,Coastal,Zostera,2014,101.05,,,405.66,,,,,,,
34.351,10.3,Mediterranean,Coastal,Zostera,2014,104.53,,,415.85,,,,,,,
34.351,10.3,Mediterranean,Coastal,Zostera,2014,91.9,,,415.69,,,,,,,
34.351,10.3,Mediterranean,Coastal,Zostera,2014,96.63,,,395.64,,,,,,,
34.351,10.3,Mediterranean,Coastal,Zostera,2014,100.42,,,384.34,,,,,,,
34.351,10.3,Mediterranean,Coastal,Zostera,2014,104.21,,,436.71,,,,,,,
34.351,10.3,Mediterranean,Coastal,Zostera,2014,88.11,,,367.74,,,,,,,
34.351,10.3,Mediterranean,Coastal,Zostera,2014,90,,,336.53,,,,,,,
34.351,10.3,Mediterranean,Coastal,Zostera,2014,80.21,,,357.86,,,,,,,
34.351,10.3,Mediterranean,Coastal,Zostera,2014,81.79,,,358.5,,,,,,,
34.351,10.3,Mediterranean,Coastal,Zostera,2014,79.9,,,357.55,,,,,,,
34.351,10.3,Mediterranean,Coastal,Zostera,2014,81.47,,,358.18,,,,,,,
34.351,10.3,Mediterranean,Coastal,Zostera,2014,86.21,,,317.41,,,,,,,
34.351,10.3,Mediterranean,Coastal,Zostera,2014,87.79,,,357.06,,,,,,,
34.351,10.3,Mediterranean,Coastal,Zostera,2015,85.58,,,358.15,,,,,,,
34.351,10.3,Mediterranean,Coastal,Zostera,2015,86.84,,,306.24,,,,,,,
34.351,10.3,Mediterranean,Coastal,Zostera,2015,67.9,,,306.08,,,,,,,
34.351,10.3,Mediterranean,Coastal,Zostera,2015,78,,,297.17,,,,,,,
34.351,10.3,Mediterranean,Coastal,Zostera,2015,74.53,,,306.55,,,,,,,
34.351,10.3,Mediterranean,Coastal,Zostera,2015,80.21,,,276.94,,,,,,,
34.351,10.3,Mediterranean,Coastal,Zostera,2015,82.11,,,254.49,,,,,,,
34.351,10.3,Mediterranean,Coastal,Zostera,2015,86.84,,,296.52,,,,,,,
35.214,139.62,Temperate North Pacific,Coastal,Zostera,1977,,,,,92,,,,,,
35.214,139.62,Temperate North Pacific,Coastal,Zostera,1977,,,,,90,,,,,,
35.214,139.62,Temperate North Pacific,Coastal,Zostera,1977,,,,,89,,,,,,
35.214,139.62,Temperate North Pacific,Coastal,Zostera,1977,,,,,71,,,,,,
35.214,139.62,Temperate North Pacific,Coastal,Zostera,1977,,,,,100,,,,,,
35.214,139.62,Temperate North Pacific,Coastal,Zostera,1977,,,,,16,,,,,,
35.214,139.62,Temperate North Pacific,Coastal,Zostera,1977,,,,,100,,,,,,
35.214,139.62,Temperate North Pacific,Coastal,Zostera,1977,,,,,86,,,,,,
35.214,139.62,Temperate North Pacific,Coastal,Zostera,1977,,,,,80,,,,,,
-52.561,-72.043,Temperate Southern,Estuarine,Ruppia,2011,,,143,1582.82,,,,,,,
-52.561,-72.043,Temperate Southern,Estuarine,Ruppia,2011,,,58,,,,,,,,
-52.561,-72.043,Temperate Southern,Estuarine,Ruppia,2011,,,148,,,,,,,,
-52.561,-72.043,Temperate Southern,Estuarine,Ruppia,2012,,,293,5190.18,,,,,,,
-52.561,-72.043,Temperate Southern,Estuarine,Ruppia,2012,,,146,,,,,,,,
-52.561,-72.043,Temperate Southern,Estuarine,Ruppia,2012,,,247,,,,,,,,
-52.561,-72.043,Temperate Southern,Estuarine,Ruppia,2012,,,166,3607.36,,,,,,,
-52.561,-72.043,Temperate Southern,Estuarine,Ruppia,2012,,,123,1914.11,,,,,,,
-52.561,-72.043,Temperate Southern,Estuarine,Ruppia,2012,,,60,,,,,,,,
-52.561,-72.043,Temperate Southern,Estuarine,Ruppia,2012,,,91,,,,,,,,
-52.561,-72.043,Temperate Southern,Estuarine,Ruppia,2013,,,133,883.44,,,,,,,
30.314,-87.382,Tropical Atlantic,Estuarine,Halodule,2010,40.06,,,,,,,,,,
24.38988,124.1347,Tropical Indo Pacific,Coastal,Cymodocea,2014,,,4.09,,,,,,,,
24.38988,124.1347,Tropical Indo Pacific,Coastal,Cymodocea,2014,,,12.8,,,,,,,,
24.38988,124.1347,Tropical Indo Pacific,Coastal,Cymodocea,2014,,,6.7,,,,,,,,
24.38988,124.1347,Tropical Indo Pacific,Coastal,Cymodocea,2014,,,11.31,,,,,,,,
24.38988,124.1347,Tropical Indo Pacific,Coastal,Cymodocea,2014,,,11.18,,,,,,,,
24.38988,124.1347,Tropical Indo Pacific,Coastal,Cymodocea,2014,,,9.54,,,,,,,,
24.38988,124.1347,Tropical Indo Pacific,Coastal,Cymodocea,2014,,,6.01,,,,,,,,
24.38988,124.1347,Tropical Indo Pacific,Coastal,Cymodocea,2014,,,5.3,,,,,,,,
24.38988,124.1347,Tropical Indo Pacific,Coastal,Cymodocea,2014,,,9.36,,,,,,,,
24.38988,124.1347,Tropical Indo Pacific,Coastal,Cymodocea,2014,,,7.58,,,,,,,,
24.38988,124.1347,Tropical Indo Pacific,Coastal,Cymodocea,2014,,,6.4,,,,,,,,
24.38988,124.1347,Tropical Indo Pacific,Coastal,Cymodocea,2014,,,9.22,,,,,,,,
24.38988,124.1347,Tropical Indo Pacific,Coastal,Cymodocea,2014,,,21.78,,,,,,,,
24.38988,124.1347,Tropical Indo Pacific,Coastal,Cymodocea,2014,,,6.49,,,,,,,,
24.38988,124.1347,Tropical Indo Pacific,Coastal,Cymodocea,2014,,,6.7,,,,,,,,
24.38988,124.1347,Tropical Indo Pacific,Coastal,Cymodocea,2014,,,11.31,,,,,,,,
24.38988,124.1347,Tropical Indo Pacific,Coastal,Cymodocea,2014,,,3.08,,,,,,,,
24.38988,124.1347,Tropical Indo Pacific,Coastal,Cymodocea,2014,,,1.54,,,,,,,,
24.38988,124.1347,Tropical Indo Pacific,Coastal,Cymodocea,2014,,,7.94,,,,,,,,
24.38988,124.1347,Tropical Indo Pacific,Coastal,Cymodocea,2014,,,10.79,,,,,,,,
24.38988,124.1347,Tropical Indo Pacific,Coastal,Cymodocea,2014,,,9.58,,,,,,,,
24.38988,124.1347,Tropical Indo Pacific,Coastal,Cymodocea,2014,,,6,,,,,,,,
24.38988,124.1347,Tropical Indo Pacific,Coastal,Cymodocea,2014,,,41.02,,,,,,,,
24.38988,124.1347,Tropical Indo Pacific,Coastal,Cymodocea,2014,,,7.98,,,,,,,,
24.38988,124.1347,Tropical Indo Pacific,Coastal,Syringodium,2014,,,1.28,,,,,,,,
24.38988,124.1347,Tropical Indo Pacific,Coastal,Syringodium,2014,,,1.68,,,,,,,,
24.38988,124.1347,Tropical Indo Pacific,Coastal,Syringodium,2014,,,3.13,,,,,,,,
24.38988,124.1347,Tropical Indo Pacific,Coastal,Syringodium,2014,,,1.27,,,,,,,,
24.38988,124.1347,Tropical Indo Pacific,Coastal,Syringodium,2014,,,1.68,,,,,,,,
24.38988,124.1347,Tropical Indo Pacific,Coastal,Syringodium,2014,,,0.07,,,,,,,,
24.38988,124.1347,Tropical Indo Pacific,Coastal,Syringodium,2014,,,3.84,,,,,,,,
24.38988,124.1347,Tropical Indo Pacific,Coastal,Syringodium,2014,,,2.31,,,,,,,,
24.38988,124.1347,Tropical Indo Pacific,Coastal,Syringodium,2014,,,0.06,,,,,,,,
24.38988,124.1347,Tropical Indo Pacific,Coastal,Syringodium,2014,,,1.4,,,,,,,,
24.38988,124.1347,Tropical Indo Pacific,Coastal,Syringodium,2014,,,,,,,,,,,
24.38988,124.1347,Tropical Indo Pacific,Coastal,Syringodium,2014,,,0.68,,,,,,,,
24.38988,124.1347,Tropical Indo Pacific,Coastal,Halodule,2014,,,2.24,,,,,,,,
24.38988,124.1347,Tropical Indo Pacific,Coastal,Halodule,2014,,,2.17,,,,,,,,
24.38988,124.1347,Tropical Indo Pacific,Coastal,Halodule,2014,,,3.64,,,,,,,,
24.38988,124.1347,Tropical Indo Pacific,Coastal,Halodule,2014,,,2.3,,,,,,,,
24.38988,124.1347,Tropical Indo Pacific,Coastal,Halodule,2014,,,1.28,,,,,,,,
24.38988,124.1347,Tropical Indo Pacific,Coastal,Halodule,2014,,,1.78,,,,,,,,
24.38988,124.1347,Tropical Indo Pacific,Coastal,Halodule,2014,,,1.77,,,,,,,,
24.38988,124.1347,Tropical Indo Pacific,Coastal,Halodule,2014,,,5.3,,,,,,,,
24.38988,124.1347,Tropical Indo Pacific,Coastal,Halodule,2014,,,3.34,,,,,,,,
24.38988,124.1347,Tropical Indo Pacific,Coastal,Halodule,2014,,,6.6,,,,,,,,
24.38988,124.1347,Tropical Indo Pacific,Coastal,Halodule,2014,,,5.47,,,,,,,,
24.38988,124.1347,Tropical Indo Pacific,Coastal,Halodule,2014,,,2.29,,,,,,,,
24.38988,124.1347,Tropical Indo Pacific,Coastal,Thalassia,2014,,,11.94,,,,,,,,
24.38988,124.1347,Tropical Indo Pacific,Coastal,Thalassia,2014,,,6.8,,,,,,,,
24.38988,124.1347,Tropical Indo Pacific,Coastal,Thalassia,2014,,,10.6,,,,,,,,
24.38988,124.1347,Tropical Indo Pacific,Coastal,Thalassia,2014,,,6.81,,,,,,,,
24.38988,124.1347,Tropical Indo Pacific,Coastal,Thalassia,2014,,,10.96,,,,,,,,
24.38988,124.1347,Tropical Indo Pacific,Coastal,Thalassia,2014,,,10.5,,,,,,,,
24.38988,124.1347,Tropical Indo Pacific,Coastal,Thalassia,2014,,,9.95,,,,,,,,
24.38988,124.1347,Tropical Indo Pacific,Coastal,Thalassia,2014,,,36.18,,,,,,,,
24.38988,124.1347,Tropical Indo Pacific,Coastal,Thalassia,2014,,,24.87,,,,,,,,
24.38988,124.1347,Tropical Indo Pacific,Coastal,Thalassia,2014,,,18,,,,,,,,
24.38988,124.1347,Tropical Indo Pacific,Coastal,Thalassia,2014,,,10.77,,,,,,,,
24.38988,124.1347,Tropical Indo Pacific,Coastal,Thalassia,2014,,,8.64,,,,,,,,
24.38988,124.1347,Tropical Indo Pacific,Coastal,Halophila,2014,,,0.07,,,,,,,,
24.38988,124.1347,Tropical Indo Pacific,Coastal,Cymodocea,2015,,,11.18,,,,,,,,
24.38988,124.1347,Tropical Indo Pacific,Coastal,Cymodocea,2015,,,10.2,,,,,,,,
24.38988,124.1347,Tropical Indo Pacific,Coastal,Cymodocea,2015,,,8.17,,,,,,,,
24.38988,124.1347,Tropical Indo Pacific,Coastal,Cymodocea,2015,,,13.2,,,,,,,,
24.38988,124.1347,Tropical Indo Pacific,Coastal,Cymodocea,2015,,,4.13,,,,,,,,
24.38988,124.1347,Tropical Indo Pacific,Coastal,Cymodocea,2015,,,6.67,,,,,,,,
24.38988,124.1347,Tropical Indo Pacific,Coastal,Cymodocea,2015,,,9.09,,,,,,,,
24.38988,124.1347,Tropical Indo Pacific,Coastal,Cymodocea,2015,,,4.74,,,,,,,,
24.38988,124.1347,Tropical Indo Pacific,Coastal,Cymodocea,2015,,,8,,,,,,,,
24.38988,124.1347,Tropical Indo Pacific,Coastal,Cymodocea,2015,,,3.74,,,,,,,,
24.38988,124.1347,Tropical Indo Pacific,Coastal,Cymodocea,2015,,,6.69,,,,,,,,
24.38988,124.1347,Tropical Indo Pacific,Coastal,Cymodocea,2015,,,4.95,,,,,,,,
24.38988,124.1347,Tropical Indo Pacific,Coastal,Cymodocea,2015,,,1.28,,,,,,,,
24.38988,124.1347,Tropical Indo Pacific,Coastal,Cymodocea,2015,,,4.69,,,,,,,,
24.38988,124.1347,Tropical Indo Pacific,Coastal,Cymodocea,2015,,,6.85,,,,,,,,
24.38988,124.1347,Tropical Indo Pacific,Coastal,Cymodocea,2015,,,5.28,,,,,,,,
24.38988,124.1347,Tropical Indo Pacific,Coastal,Cymodocea,2015,,,12.09,,,,,,,,
24.38988,124.1347,Tropical Indo Pacific,Coastal,Cymodocea,2015,,,10.08,,,,,,,,
24.38988,124.1347,Tropical Indo Pacific,Coastal,Cymodocea,2015,,,4.16,,,,,,,,
24.38988,124.1347,Tropical Indo Pacific,Coastal,Cymodocea,2015,,,14.55,,,,,,,,
24.38988,124.1347,Tropical Indo Pacific,Coastal,Cymodocea,2015,,,1.74,,,,,,,,
24.38988,124.1347,Tropical Indo Pacific,Coastal,Cymodocea,2015,,,1.81,,,,,,,,
24.38988,124.1347,Tropical Indo Pacific,Coastal,Cymodocea,2015,,,3.22,,,,,,,,
24.38988,124.1347,Tropical Indo Pacific,Coastal,Cymodocea,2015,,,5.82,,,,,,,,
24.38988,124.1347,Tropical Indo Pacific,Coastal,Syringodium,2015,,,0.85,,,,,,,,
24.38988,124.1347,Tropical Indo Pacific,Coastal,Syringodium,2015,,,5.07,,,,,,,,
24.38988,124.1347,Tropical Indo Pacific,Coastal,Syringodium,2015,,,0.14,,,,,,,,
24.38988,124.1347,Tropical Indo Pacific,Coastal,Syringodium,2015,,,,,,,,,,,
24.38988,124.1347,Tropical Indo Pacific,Coastal,Syringodium,2015,,,6.05,,,,,,,,
24.38988,124.1347,Tropical Indo Pacific,Coastal,Syringodium,2015,,,1.16,,,,,,,,
24.38988,124.1347,Tropical Indo Pacific,Coastal,Syringodium,2015,,,7.45,,,,,,,,
24.38988,124.1347,Tropical Indo Pacific,Coastal,Syringodium,2015,,,3.5,,,,,,,,
24.38988,124.1347,Tropical Indo Pacific,Coastal,Syringodium,2015,,,0.86,,,,,,,,
24.38988,124.1347,Tropical Indo Pacific,Coastal,Syringodium,2015,,,3.06,,,,,,,,
24.38988,124.1347,Tropical Indo Pacific,Coastal,Syringodium,2015,,,0.82,,,,,,,,
24.38988,124.1347,Tropical Indo Pacific,Coastal,Syringodium,2015,,,2.23,,,,,,,,
24.38988,124.1347,Tropical Indo Pacific,Coastal,Halodule,2015,,,3.23,,,,,,,,
24.38988,124.1347,Tropical Indo Pacific,Coastal,Halodule,2015,,,4.98,,,,,,,,
24.38988,124.1347,Tropical Indo Pacific,Coastal,Halodule,2015,,,3.34,,,,,,,,
24.38988,124.1347,Tropical Indo Pacific,Coastal,Halodule,2015,,,5.68,,,,,,,,
24.38988,124.1347,Tropical Indo Pacific,Coastal,Halodule,2015,,,2.19,,,,,,,,
24.38988,124.1347,Tropical Indo Pacific,Coastal,Halodule,2015,,,21.89,,,,,,,,
24.38988,124.1347,Tropical Indo Pacific,Coastal,Halodule,2015,,,11.14,,,,,,,,
24.38988,124.1347,Tropical Indo Pacific,Coastal,Halodule,2015,,,10.36,,,,,,,,
24.38988,124.1347,Tropical Indo Pacific,Coastal,Halodule,2015,,,22.32,,,,,,,,
24.38988,124.1347,Tropical Indo Pacific,Coastal,Halodule,2015,,,1.32,,,,,,,,
24.38988,124.1347,Tropical Indo Pacific,Coastal,Halodule,2015,,,5.12,,,,,,,,
24.38988,124.1347,Tropical Indo Pacific,Coastal,Halodule,2015,,,3.63,,,,,,,,
24.38988,124.1347,Tropical Indo Pacific,Coastal,Thalassia,2015,,,48.08,,,,,,,,
24.38988,124.1347,Tropical Indo Pacific,Coastal,Thalassia,2015,,,18.84,,,,,,,,
24.38988,124.1347,Tropical Indo Pacific,Coastal,Thalassia,2015,,,19.34,,,,,,,,
24.38988,124.1347,Tropical Indo Pacific,Coastal,Thalassia,2015,,,20,,,,,,,,
24.38988,124.1347,Tropical Indo Pacific,Coastal,Thalassia,2015,,,25.69,,,,,,,,
24.38988,124.1347,Tropical Indo Pacific,Coastal,Thalassia,2015,,,38.07,,,,,,,,
24.38988,124.1347,Tropical Indo Pacific,Coastal,Thalassia,2015,,,46.66,,,,,,,,
24.38988,124.1347,Tropical Indo Pacific,Coastal,Thalassia,2015,,,78.71,,,,,,,,
24.38988,124.1347,Tropical Indo Pacific,Coastal,Thalassia,2015,,,12.05,,,,,,,,
24.38988,124.1347,Tropical Indo Pacific,Coastal,Thalassia,2015,,,69.93,,,,,,,,
24.38988,124.1347,Tropical Indo Pacific,Coastal,Thalassia,2015,,,56.63,,,,,,,,
24.38988,124.1347,Tropical Indo Pacific,Coastal,Thalassia,2015,,,39.62,,,,,,,,
24.38988,124.1347,Tropical Indo Pacific,Coastal,Halophila,2015,,,0.02,,,,,,,,
24.38988,124.1347,Tropical Indo Pacific,Coastal,Halophila,2015,,,0.02,,,,,,,,
24.38988,124.1347,Tropical Indo Pacific,Coastal,Halophila,2015,,,0.02,,,,,,,,
7.409,99.3394,Tropical Indo Pacific,Coastal,Halophila,1988,40,32,71,,,,,,,,
7.409,99.3394,Tropical Indo Pacific,Coastal,Halophila,1988,10,10,20,,,,,,,,
7.409,99.3394,Tropical Indo Pacific,Coastal,Halophila,1988,10,9,19,,,,,,,,
7.381,99.324,Tropical Indo Pacific,Coastal,Halophila,1998,38.75,,,,,,,,,,
7.381,99.324,Tropical Indo Pacific,Coastal,Halophila,1998,50.5,,,,,,,,,,
44.123,143.789,Temperate North Pacific,Estuarine,Zostera,2016,413.9,,,,,,,,,,
44.123,143.789,Temperate North Pacific,Estuarine,Zostera,2016,162,,,,,,,,,,
43.041,144.904,Temperate North Pacific,Estuarine,Zostera,2016,295.9,,,,,,,,,,
43.041,144.904,Temperate North Pacific,Estuarine,Zostera,2016,232.6,,,,,,,,,,
44.067,144.172,Temperate North Pacific,Estuarine,Zostera,2016,488.7,,,,,,,,,,
44.067,144.172,Temperate North Pacific,Estuarine,Zostera,2016,239,,,,,,,,,,
44.817,-62.617,Temperate North Atlantic,Coastal,Zostera,2007,225,401,626,229,,,,,,,
46.54,-63.775,Temperate North Atlantic,Estuarine,Zostera,2007,201,781,982,704,,,,,,,
47.361,-64.937,Temperate North Atlantic,Estuarine,Zostera,2007,164,444,608,343,,,,,,,
48.537,-122.8,Temperate North Pacific,Coastal,Zostera,1999,,,,51,,,,,,,
48.537,-122.8,Temperate North Pacific,Coastal,Zostera,2000,,,,59,,,,,,,
44.62,-124.037,Temperate North Atlantic,Estuarine,Zostera,2000,,,,3.83,,,,,,,
44.62,-124.037,Temperate North Atlantic,Estuarine,Zostera,2000,,,,9.92,,,,,,,
44.62,-124.037,Temperate North Atlantic,Estuarine,Zostera,2000,,,,6.6,,,,,,,
44.62,-124.037,Temperate North Atlantic,Estuarine,Zostera,2000,,,,10.88,,,,,,,
44.62,-124.037,Temperate North Atlantic,Estuarine,Zostera,2000,,,,7.5,,,,,,,
44.62,-124.037,Temperate North Atlantic,Estuarine,Zostera,2000,,,,27.42,,,,,,,
44.62,-124.037,Temperate North Atlantic,Estuarine,Zostera,2000,,,,5.63,,,,,,,
44.62,-124.037,Temperate North Atlantic,Estuarine,Zostera,2000,,,,25.2,,,,,,,
44.62,-124.037,Temperate North Atlantic,Estuarine,Zostera,2000,,,,2.59,,,,,,,
44.62,-124.037,Temperate North Atlantic,Estuarine,Zostera,2000,,,,18.82,,,,,,,
48.543,-123.016,Temperate North Pacific,Coastal,Zostera,1990,,,435.78,,,,,,,,
48.543,-123.016,Temperate North Pacific,Coastal,Zostera,1990,,,306.31,,,,,,,,
48.543,-123.016,Temperate North Pacific,Coastal,Zostera,1990,,,128.58,,,,,,,,
48.543,-123.016,Temperate North Pacific,Coastal,Zostera,1990,,,382.82,,,,,,,,
48.543,-123.016,Temperate North Pacific,Coastal,Zostera,1990,,,302.78,,,,,,,,
48.543,-123.016,Temperate North Pacific,Coastal,Zostera,1991,,,133.29,,,,,,,,
48.543,-123.016,Temperate North Pacific,Coastal,Zostera,1991,,,256.87,,,,,,,,
48.543,-123.016,Temperate North Pacific,Coastal,Zostera,1991,,,318.08,,,,,,,,
48.543,-123.016,Temperate North Pacific,Coastal,Zostera,1991,,,189.78,,,,,,,,
48.543,-123.016,Temperate North Pacific,Coastal,Zostera,1991,,,196.85,,,,,,,,
48.543,-123.016,Temperate North Pacific,Coastal,Zostera,1991,,,74.44,,,,,,,,
48.543,-123.016,Temperate North Pacific,Coastal,Zostera,1991,,,139.17,,,,,,,,
48.543,-123.016,Temperate North Pacific,Coastal,Zostera,1991,,,240.4,,,,,,,,
48.543,-123.016,Temperate North Pacific,Coastal,Zostera,1991,,,408.71,,,,,,,,
48.543,-123.016,Temperate North Pacific,Coastal,Zostera,1991,,,314.55,,,,,,,,
48.543,-123.016,Temperate North Pacific,Coastal,Zostera,1992,,,253.34,,,,,,,,
48.543,-123.016,Temperate North Pacific,Coastal,Zostera,1992,,,449.91,,,,,,,,
48.543,-123.016,Temperate North Pacific,Coastal,Zostera,1992,,,87.38,,,,,,,,
48.543,-123.016,Temperate North Pacific,Coastal,Zostera,1992,,,363.98,,,,,,,,
48.543,-123.016,Temperate North Pacific,Coastal,Zostera,1992,,,198.02,,,,,,,,
29.548,34.956,Tropical Indo Pacific,Coastal,Halophila,2017,56,71.7,127.7,1322,48,,,,,,
29.548,34.956,Tropical Indo Pacific,Coastal,Halophila,2017,92.5,71,163.5,2671,56,,,,,,
29.548,34.956,Tropical Indo Pacific,Coastal,Halophila,2017,83.2,95.2,178.4,1950,49,,,,,,
29.548,34.956,Tropical Indo Pacific,Coastal,Halophila,2017,46.1,49.1,95.2,1821,37,,,,,,
34.706,33.123,Mediterranean,Coastal,Halophila,2017,17.7,54.5,72.2,1279,23,,,,,,
34.706,33.123,Mediterranean,Coastal,Halophila,2017,8.8,17.9,26.7,938,11,,,,,,
34.706,33.123,Mediterranean,Coastal,Halophila,2017,27.7,27.5,55.2,1876,25,,,,,,
34.706,33.123,Mediterranean,Coastal,Halophila,2017,15.4,34.8,50.2,1382,29,,,,,,
-26,32.901,Tropical Indo Pacific,Coastal,Thalassodendron,2006,156,595,751,418,,,,,,,
-25.984,32.906,Tropical Indo Pacific,Coastal,Thalassodendron,2006,74,985,1059,367,,,,,,,
-25.983,32.902,Tropical Indo Pacific,Coastal,Thalassodendron,2006,110,1047,1157,504,,,,,,,
11.406492,98.128385,Tropical Indo Pacific,Coastal,Cymodocea,2007,,,,,50,,,,,,
11.406492,98.128385,Tropical Indo Pacific,Coastal,Halophila,2007,,,,,1,,,,,,
11.342953,98.002385,Tropical Indo Pacific,Coastal,Halodule,2007,,,,,15,,,,,,
10.683167,98.239167,Tropical Indo Pacific,Coastal,Cymodocea,2007,,,,,45,,,,,,
10.683167,98.239167,Tropical Indo Pacific,Coastal,Enhalus,2007,,,,,5,,,,,,
10.683167,98.239167,Tropical Indo Pacific,Coastal,Halodule,2007,,,,,1,,,,,,
10.683167,98.239167,Tropical Indo Pacific,Coastal,Cymodocea,2007,,,,,80,,,,,,
10.558604,97.956154,Tropical Indo Pacific,Coastal,Halophila,2007,,,,,15,,,,,,
10.558604,97.956154,Tropical Indo Pacific,Coastal,Halodule,2007,,,,,15,,,,,,
10.502646,98.198077,Tropical Indo Pacific,Coastal,Halodule,2007,,,,,5,,,,,,
10.502646,98.198077,Tropical Indo Pacific,Coastal,Cymodocea,2007,,,,,70,,,,,,
10.502646,98.198077,Tropical Indo Pacific,Coastal,Halophila,2007,,,,,76,,,,,,
10.502646,98.198077,Tropical Indo Pacific,Coastal,Cymodocea,2007,,,,,15,,,,,,
10.502646,98.198077,Tropical Indo Pacific,Coastal,Thalassia,2007,,,,,1,,,,,,
10.502646,98.198077,Tropical Indo Pacific,Coastal,Halodule,2007,,,,,20,,,,,,
10.258604,98.243154,Tropical Indo Pacific,Coastal,Halophila,2007,,,,,5,,,,,,
20.973597,107.221019,Tropical Indo Pacific,Coastal,Zostera,2009,38.4,,,,,,,,,,
-25.7623,113.792,Tropical Indo Pacific,Coastal,Amphibolis,2007,,,,,89.5,,,,,,
-25.7623,113.792,Tropical Indo Pacific,Coastal,Posidonia,2007,,,,,39.5,,,,,,
-25.7623,113.792,Tropical Indo Pacific,Coastal,Halodule,2007,,,,,3.1,,,,,,
-25.7623,113.792,Tropical Indo Pacific,Coastal,Halophila,2007,,,,,2.5,,,,,,
-25.7623,113.792,Tropical Indo Pacific,Coastal,Halophila,2007,,,,,24.3,,,,,,
-25.7623,113.792,Tropical Indo Pacific,Coastal,Cymodocea,2007,,,,,8.3,,,,,,
-25.7623,113.792,Tropical Indo Pacific,Coastal,Amphibolis,2012,,,,,4.8,,,,,,
-25.7623,113.792,Tropical Indo Pacific,Coastal,Posidonia,2012,,,,,5.2,,,,,,
-25.7623,113.792,Tropical Indo Pacific,Coastal,Cymodocea,2012,,,,,4.2,,,,,,
-25.7623,113.792,Tropical Indo Pacific,Coastal,Amphibolis,2013,,,,,6.3,,,,,,
-25.7623,113.792,Tropical Indo Pacific,Coastal,Posidonia,2013,,,,,12.6,,,,,,
-25.7623,113.792,Tropical Indo Pacific,Coastal,Halodule,2013,,,,,7.7,,,,,,
-25.7623,113.792,Tropical Indo Pacific,Coastal,Halophila,2013,,,,,1.2,,,,,,
-25.7623,113.792,Tropical Indo Pacific,Coastal,Cymodocea,2013,,,,,5.7,,,,,,
-25.7623,113.792,Tropical Indo Pacific,Coastal,Amphibolis,2014,,,,,3.8,,,,,,
-25.7623,113.792,Tropical Indo Pacific,Coastal,Posidonia,2014,,,,,8.4,,,,,,
-25.7623,113.792,Tropical Indo Pacific,Coastal,Halodule,2014,,,,,8.5,,,,,,
-25.7623,113.792,Tropical Indo Pacific,Coastal,Halophila,2014,,,,,0.3,,,,,,
-25.7623,113.792,Tropical Indo Pacific,Coastal,Cymodocea,2014,,,,,2.3,,,,,,
56.619,8.368,Temperate North Atlantic,Coastal,Zostera,1990,40,79,119,822,,,,,,,
56.619,8.368,Temperate North Atlantic,Coastal,Zostera,1990,38,69,107,843,,,,,,,
56.619,8.368,Temperate North Atlantic,Coastal,Zostera,1990,88,81,169,834,,,,,,,
56.619,8.368,Temperate North Atlantic,Coastal,Zostera,1990,206,118,324,856,,,,,,,
56.619,8.368,Temperate North Atlantic,Coastal,Zostera,1990,219,119,338,846,,,,,,,
56.619,8.368,Temperate North Atlantic,Coastal,Zostera,1990,189,100,289,687,,,,,,,
56.619,8.368,Temperate North Atlantic,Coastal,Zostera,1990,102,94,196,592,,,,,,,
56.619,8.368,Temperate North Atlantic,Coastal,Zostera,1991,25,64,89,660,,,,,,,1.792
56.619,8.368,Temperate North Atlantic,Coastal,Zostera,1991,,,,,,,,,,,2.022
56.619,8.368,Temperate North Atlantic,Coastal,Zostera,1991,,,,,,,,,,,2.101
56.619,8.368,Temperate North Atlantic,Coastal,Zostera,1991,,,,,,,,,,,2.132
56.619,8.368,Temperate North Atlantic,Coastal,Zostera,1991,,,,,,,,,,,2.668
56.619,8.368,Temperate North Atlantic,Coastal,Zostera,1991,,,,,,,,,,,2.726
64.171,-51.81,Temperate North Atlantic,Coastal,Zostera,2009,90,103,193,2064,,,,,,,
64.32,-50.451,Temperate North Atlantic,Estuarine,Zostera,2009,328,246,574,1487,,,,,,,
64.449,-50.252,Temperate North Atlantic,Estuarine,Zostera,2009,301,210,511,1113,,,,,,,
64.768,-51.093,Temperate North Atlantic,Estuarine,Zostera,2010,246,306,552,870,,,,,,,
64.1436,-51.616534,Temperate North Atlantic,Coastal,Zostera,2012,,,,,10,,,,,,
64.280522,-50.47817,Temperate North Atlantic,Coastal,Zostera,2012,,,,,100,,,,,,
64.440716,-50.251163,Temperate North Atlantic,Coastal,Zostera,2012,,,,,90,,,,,,
43.453,-3.768,Mediterranean,Estuarine,Zostera,2000,49.9,,,951.1,,,,,,,
43.453,-3.768,Mediterranean,Estuarine,Zostera,2000,54.4,,,765.4,,,,,,,
43.453,-3.768,Mediterranean,Estuarine,Zostera,2000,71.7,,,1037.4,,,,,,,
43.453,-3.768,Mediterranean,Estuarine,Zostera,2000,115.9,,,1159.6,,,,,,,
43.453,-3.768,Mediterranean,Estuarine,Zostera,2000,104.4,,,1115.1,,,,,,,
43.453,-3.768,Mediterranean,Estuarine,Zostera,2000,85.4,,,889.1,,,,,,,
43.453,-3.768,Mediterranean,Estuarine,Zostera,2000,15.7,,,357.8,,,,,,,
43.453,-3.768,Mediterranean,Estuarine,Zostera,2000,14.7,,,1478,,,,,,,
43.453,-3.768,Mediterranean,Estuarine,Zostera,2000,43.3,,,2075.3,,,,,,,
43.453,-3.768,Mediterranean,Estuarine,Zostera,2000,50.9,,,3369.4,,,,,,,
43.453,-3.768,Mediterranean,Estuarine,Zostera,2000,35.9,,,2234.3,,,,,,,
43.453,-3.768,Mediterranean,Estuarine,Zostera,2000,27.4,,,2215,,,,,,,
43.453,-3.768,Mediterranean,Estuarine,Zostera,2000,30.3,,,1907.9,,,,,,,
43.453,-3.768,Mediterranean,Estuarine,Zostera,2000,23.6,,,1825.3,,,,,,,
43.453,-3.768,Mediterranean,Estuarine,Zostera,2001,28.7,,,517.4,,,,,,,
43.453,-3.768,Mediterranean,Estuarine,Zostera,2001,26.5,,,726.1,,,,,,,
43.453,-3.768,Mediterranean,Estuarine,Zostera,2001,22.3,,,1232.7,,,,,,,
43.453,-3.768,Mediterranean,Estuarine,Zostera,2001,19.7,,,2629.2,,,,,,,
26.657,-97.392,Tropical Atlantic,Estuarine,Halodule,1988,,,158,,,,,,,,
26.657,-97.392,Tropical Atlantic,Estuarine,Halodule,1988,,,77.6,,,,,,,,
26.657,-97.392,Tropical Atlantic,Estuarine,Halophila,1988,,,4.7,,,,,,,,
26.657,-97.392,Tropical Atlantic,Estuarine,Halophila,1988,,,6.1,,,,,,,,
26.657,-97.392,Tropical Atlantic,Estuarine,Ruppia,1988,,,9.9,,,,,,,,
26.657,-97.392,Tropical Atlantic,Estuarine,Syringodium,1988,,,138,,,,,,,,
26.657,-97.392,Tropical Atlantic,Estuarine,Thalassia,1988,,,373,,,,,,,,
2.313219,104.104149,Tropical Indo Pacific,Coastal,Halophila,2009,11.41,14.11,25.53,1454.57,,,,,,,
2.313219,104.104149,Tropical Indo Pacific,Coastal,Halodule,2009,11.25,31.67,42.91,861.67,,,,,,,
2.313219,104.104149,Tropical Indo Pacific,Coastal,Cymodocea,2009,2.98,10.5,13.47,95.5,,,,,,,
2.313219,104.104149,Tropical Indo Pacific,Coastal,Syringodium,2009,4.46,12.83,17.28,439.3,,,,,,,
37.28,-76.357,Temperate North Atlantic,Estuarine,Zostera,1978,128.28,105.32,233.6,1355.77,,,,,,,
37.28,-76.357,Temperate North Atlantic,Estuarine,Zostera,1978,156.9,54.26,211.16,1524.4,,,,,,,
37.28,-76.357,Temperate North Atlantic,Estuarine,Zostera,1978,26.29,6.99,33.28,643.51,,,,,,,
37.28,-76.357,Temperate North Atlantic,Estuarine,Zostera,1978,57.58,59.57,117.15,736.16,,,,,,,
37.28,-76.357,Temperate North Atlantic,Estuarine,Zostera,1978,67.68,13.83,81.51,1237.54,,,,,,,
37.28,-76.357,Temperate North Atlantic,Estuarine,Zostera,1978,27.27,6.99,34.26,750.25,,,,,,,
37.28,-76.357,Temperate North Atlantic,Estuarine,Zostera,1978,60.94,19.15,80.09,1572.7,,,,,,,
37.28,-76.357,Temperate North Atlantic,Estuarine,Zostera,1979,13.7,6.99,20.69,722.65,,,,,,,
37.28,-76.357,Temperate North Atlantic,Estuarine,Zostera,1979,35.69,11.7,47.39,1766.17,,,,,,,
37.28,-76.357,Temperate North Atlantic,Estuarine,Zostera,1979,39.76,23.12,62.88,1525.14,,,,,,,
37.28,-76.357,Temperate North Atlantic,Estuarine,Zostera,1979,69.76,38.27,108.03,1478.26,,,,,,,
37.28,-76.357,Temperate North Atlantic,Estuarine,Zostera,1979,60.94,34.04,94.99,1830.35,,,,,,,
37.28,-76.357,Temperate North Atlantic,Estuarine,Zostera,1979,90.78,56.45,147.23,1544.85,,,,,,,
37.28,-76.357,Temperate North Atlantic,Estuarine,Zostera,1979,152.23,54.39,206.63,1434.78,,,,,,,
37.28,-76.357,Temperate North Atlantic,Estuarine,Zostera,1979,177.1,75.53,252.64,1957.1,,,,,,,
37.28,-76.357,Temperate North Atlantic,Estuarine,Zostera,1979,139.07,69.36,208.42,2086.62,,,,,,,
37.28,-76.357,Temperate North Atlantic,Estuarine,Zostera,1979,226.12,61.37,287.49,956.52,,,,,,,
37.28,-76.357,Temperate North Atlantic,Estuarine,Zostera,1979,294.85,67.2,362.04,1347.83,,,,,,,
37.28,-76.357,Temperate North Atlantic,Estuarine,Zostera,1979,268.01,68.09,336.1,1604.53,,,,,,,
37.28,-76.357,Temperate North Atlantic,Estuarine,Zostera,1979,330.3,128.72,459.03,1605.7,,,,,,,
37.28,-76.357,Temperate North Atlantic,Estuarine,Zostera,1979,162.38,155.38,317.76,2411.14,,,,,,,
37.28,-76.357,Temperate North Atlantic,Estuarine,Zostera,1979,144.06,102.69,246.74,2475.01,,,,,,,
37.28,-76.357,Temperate North Atlantic,Estuarine,Zostera,1979,253.61,41.23,294.84,804.35,,,,,,,
37.28,-76.357,Temperate North Atlantic,Estuarine,Zostera,1979,237.71,129.79,367.5,1857.3,,,,,,,
37.28,-76.357,Temperate North Atlantic,Estuarine,Zostera,1979,64.55,85.48,150.03,1342.65,,,,,,,
37.28,-76.357,Temperate North Atlantic,Estuarine,Zostera,1979,35.4,26.67,62.06,108.7,,,,,,,
37.28,-76.357,Temperate North Atlantic,Estuarine,Zostera,1979,195.62,130.85,326.47,1692.38,,,,,,,
37.28,-76.357,Temperate North Atlantic,Estuarine,Zostera,1979,11.51,12.37,23.88,493.36,,,,,,,
37.28,-76.357,Temperate North Atlantic,Estuarine,Zostera,1979,18.21,9.81,28.03,195.65,,,,,,,
37.28,-76.357,Temperate North Atlantic,Estuarine,Zostera,1979,72.73,60.64,133.37,1048.15,,,,,,,
37.28,-76.357,Temperate North Atlantic,Estuarine,Zostera,1979,27.77,22.04,49.81,947.87,,,,,,,
37.28,-76.357,Temperate North Atlantic,Estuarine,Zostera,1979,9.62,10,19.62,195.65,,,,,,,
37.28,-76.357,Temperate North Atlantic,Estuarine,Zostera,1979,138.38,52.13,190.51,1945.88,,,,,,,
37.28,-76.357,Temperate North Atlantic,Estuarine,Zostera,1979,45.52,34.95,80.47,1468.05,,,,,,,
37.28,-76.357,Temperate North Atlantic,Estuarine,Zostera,1979,9.62,6.81,16.43,260.87,,,,,,,
37.28,-76.357,Temperate North Atlantic,Estuarine,Zostera,1979,72.73,42.55,115.28,1759.98,,,,,,,
37.28,-76.357,Temperate North Atlantic,Estuarine,Zostera,1980,43.55,58.6,102.15,2029.83,,,,,,,
37.28,-76.357,Temperate North Atlantic,Estuarine,Zostera,1980,4.47,4.69,9.16,478.26,,,,,,,
37.28,-76.357,Temperate North Atlantic,Estuarine,Zostera,1980,91.25,67.02,158.27,2284.38,,,,,,,
37.28,-76.357,Temperate North Atlantic,Estuarine,Zostera,1980,44.66,72.58,117.24,1789.18,,,,,,,
37.28,-76.357,Temperate North Atlantic,Estuarine,Zostera,1980,18.21,13.92,32.14,652.17,,,,,,,
37.28,-76.357,Temperate North Atlantic,Estuarine,Zostera,1980,124.92,88.3,213.21,3014.93,,,,,,,
37.28,-76.357,Temperate North Atlantic,Estuarine,Zostera,1980,45.64,45.7,91.34,2895.89,,,,,,,
37.28,-76.357,Temperate North Atlantic,Estuarine,Zostera,1980,4.47,13,17.47,456.52,,,,,,,
37.28,-76.357,Temperate North Atlantic,Estuarine,Zostera,1980,37.37,87.23,124.61,2183.42,,,,,,,
37.28,-76.357,Temperate North Atlantic,Estuarine,Zostera,1980,73.06,109.14,182.2,2002.67,,,,,,,
37.28,-76.357,Temperate North Atlantic,Estuarine,Zostera,1980,49.14,42.75,91.89,1804.35,,,,,,,
37.28,-76.357,Temperate North Atlantic,Estuarine,Zostera,1980,104.71,109.57,214.29,2623.03,,,,,,,
37.28,-76.357,Temperate North Atlantic,Estuarine,Zostera,1980,90.86,136.02,226.88,1848.99,,,,,,,
37.28,-76.357,Temperate North Atlantic,Estuarine,Zostera,1980,234.34,144.68,379.02,2895.11,,,,,,,
37.28,-76.357,Temperate North Atlantic,Estuarine,Zostera,1980,161.34,201.61,362.95,2216.31,,,,,,,
37.28,-76.357,Temperate North Atlantic,Estuarine,Zostera,1980,136.77,103.17,239.94,2369.57,,,,,,,
37.28,-76.357,Temperate North Atlantic,Estuarine,Zostera,1980,188.32,119.25,307.57,2478.26,,,,,,,
37.28,-76.357,Temperate North Atlantic,Estuarine,Zostera,1980,379.13,152.13,531.25,1730.48,,,,,,,
37.28,-76.357,Temperate North Atlantic,Estuarine,Zostera,1980,152.64,106.99,259.63,1605.79,,,,,,,
37.28,-76.357,Temperate North Atlantic,Estuarine,Zostera,1980,385.86,140.43,526.28,1794.87,,,,,,,
37.28,-76.357,Temperate North Atlantic,Estuarine,Zostera,1980,411.68,131.98,543.66,2108.7,,,,,,,
-32.027,115.529,Temperate Southern,Coastal,Amphibolis,2003,,,,500,,,,,,,
-32.017,115.499,Temperate Southern,Coastal,Amphibolis,2003,,,,520,,,,,,,
-32.008,115.485,Temperate Southern,Coastal,Amphibolis,2003,,,,640,,,,,,,
-31.99,115.505,Temperate Southern,Coastal,Amphibolis,2003,,,,970,,,,,,,
-31.989,115.515,Temperate Southern,Coastal,Amphibolis,2003,,,,630,,,,,,,
-32.027,115.529,Temperate Southern,Coastal,Halophila,2003,,,,900,,,,,,,
-32.017,115.499,Temperate Southern,Coastal,Halophila,2003,,,,1040,,,,,,,
-32.027,115.529,Temperate Southern,Coastal,Posidonia,2003,,,,380,,,,,,,
-32.017,115.499,Temperate Southern,Coastal,Posidonia,2003,,,,460,,,,,,,
-32.008,115.485,Temperate Southern,Coastal,Posidonia,2003,,,,390,,,,,,,
-31.99,115.505,Temperate Southern,Coastal,Posidonia,2003,,,,510,,,,,,,
-31.989,115.515,Temperate Southern,Coastal,Posidonia,2003,,,,600,,,,,,,
-35.012,118.139,Temperate Southern,Coastal,Halophila,2003,,,,203,,,,,,,
-35.012,118.139,Temperate Southern,Coastal,Posidonia,2003,,,,670,,,,,,,
-35.012,118.139,Temperate Southern,Coastal,Posidonia,2003,,,,103,,,,,,,
34.342,132.331,Temperate North Pacific,Coastal,Zostera,2016,22,,,,1,,,,,,
34.342,132.331,Temperate North Pacific,Coastal,Zostera,2016,81,,,,10,,,,,,
40.808,14.327,Mediterranean,Coastal,Posidonia,1976,,,61,,,,,,,,0.2
40.808,14.327,Mediterranean,Coastal,Posidonia,1976,,,,,,,,,,,3
40.808,14.327,Mediterranean,Coastal,Posidonia,1976,,,396,,,,,,,,6.3
40.808,14.327,Mediterranean,Coastal,Posidonia,1976,,,436,,,,,,,,7.9
40.808,14.327,Mediterranean,Coastal,Posidonia,1976,,,701,,,,,,,,8.3
40.808,14.327,Mediterranean,Coastal,Posidonia,1977,,,804,1138,80,,,,,,9.9
40.808,14.327,Mediterranean,Coastal,Posidonia,1977,,,,,,,,,,,9.3
40.808,14.327,Mediterranean,Coastal,Posidonia,1977,,,1270,,,,,,,,12
40.808,14.327,Mediterranean,Coastal,Posidonia,1977,,,,,,,,,,,11.6
40.808,14.327,Mediterranean,Coastal,Posidonia,1977,,,1093,,,,,,,,11.1
40.808,14.327,Mediterranean,Coastal,Posidonia,1977,,,,,,,,,,,9.3
40.808,14.327,Mediterranean,Coastal,Posidonia,1977,,,677,,,,,,,,7.5
40.808,14.327,Mediterranean,Coastal,Posidonia,1977,,,,,,,,,,,4
40.808,14.327,Mediterranean,Coastal,Posidonia,1977,,,,,,,,,,,1.6
48.633,-2.045,Temperate North Atlantic,Coastal,Zostera,2015,33.23,,,354,,,,,,,
48.633,-2.045,Temperate North Atlantic,Coastal,Zostera,2015,36.2,,,328,,,,,,,
48.633,-2.045,Temperate North Atlantic,Coastal,Zostera,2015,31.16,,,385,,,,,,,
48.633,-2.045,Temperate North Atlantic,Coastal,Zostera,2015,35.09,,,394,,,,,,,
7.812,98.403,Tropical Indo Pacific,Coastal,Cymodocea,2015,,,,994,80,,,,,,
7.812,98.403,Tropical Indo Pacific,Coastal,Cymodocea,2015,,,,310,20,,,,,,
7.812,98.403,Tropical Indo Pacific,Coastal,Cymodocea,2015,,,,230,60,,,,,,
7.812,98.403,Tropical Indo Pacific,Coastal,Cymodocea,2015,,,,284,40,,,,,,
7.812,98.403,Tropical Indo Pacific,Coastal,Cymodocea,2015,,,,2866,80,,,,,,
7.812,98.403,Tropical Indo Pacific,Coastal,Cymodocea,2015,,,,738,20,,,,,,
7.812,98.403,Tropical Indo Pacific,Coastal,Cymodocea,2015,,,,522,60,,,,,,
7.812,98.403,Tropical Indo Pacific,Coastal,Cymodocea,2015,,,,707,40,,,,,,
40.545,22.979,Mediterranean,Coastal,Cymodocea,2004,,,,866.1,,,,,,,
40.545,22.979,Mediterranean,Coastal,Cymodocea,2004,,,,772,,,,,,,
40.545,22.979,Mediterranean,Coastal,Cymodocea,2004,,,,1170.5,,,,,,,
40.545,22.979,Mediterranean,Coastal,Cymodocea,2004,,,,1060.1,,,,,,,
40.825,24.323,Mediterranean,Coastal,Cymodocea,2004,,,,2129.6,,,,,,,
40.825,24.323,Mediterranean,Coastal,Cymodocea,2004,,,,2228.7,,,,,,,
40.825,24.323,Mediterranean,Coastal,Cymodocea,2004,,,,2058.9,,,,,,,
40.825,24.323,Mediterranean,Coastal,Cymodocea,2004,,,,1459.7,,,,,,,
40.864,24.625,Mediterranean,Coastal,Cymodocea,2004,,,,1350.8,,,,,,,
40.864,24.625,Mediterranean,Coastal,Cymodocea,2004,,,,1088.6,,,,,,,
40.864,24.625,Mediterranean,Coastal,Cymodocea,2004,,,,1128.8,,,,,,,
40.864,24.625,Mediterranean,Coastal,Cymodocea,2004,,,,977.2,,,,,,,
40.908,24.582,Mediterranean,Coastal,Cymodocea,2004,,,,1501.7,,,,,,,
40.908,24.582,Mediterranean,Coastal,Cymodocea,2004,,,,825.9,,,,,,,
40.908,24.582,Mediterranean,Coastal,Cymodocea,2004,,,,1727,,,,,,,
40.908,24.582,Mediterranean,Coastal,Cymodocea,2004,,,,737.8,,,,,,,
40.954,24.506,Mediterranean,Coastal,Cymodocea,2004,,,,334,,,,,,,
40.954,24.506,Mediterranean,Coastal,Cymodocea,2004,,,,375.6,,,,,,,
40.954,24.506,Mediterranean,Coastal,Cymodocea,2004,,,,397.3,,,,,,,
40.954,24.506,Mediterranean,Coastal,Cymodocea,2004,,,,497.2,,,,,,,
40.502,22.876,Mediterranean,Coastal,Cymodocea,2013,,,,862.8,,,,,,,
40.502,22.876,Mediterranean,Coastal,Cymodocea,2013,,,,806.8,,,,,,,
40.545,22.979,Mediterranean,Coastal,Cymodocea,2013,,,,434.2,,,,,,,
40.545,22.979,Mediterranean,Coastal,Cymodocea,2013,,,,508.3,,,,,,,
40.827,24.336,Mediterranean,Coastal,Cymodocea,2013,,,,930.5,,,,,,,
40.827,24.336,Mediterranean,Coastal,Cymodocea,2013,,,,772.4,,,,,,,
40.938,25.349,Mediterranean,Coastal,Cymodocea,2013,,,,727,,,,,,,
40.938,25.349,Mediterranean,Coastal,Cymodocea,2013,,,,713.3,,,,,,,
40.954,24.506,Mediterranean,Coastal,Cymodocea,2013,,,,800.9,,,,,,,
40.954,24.506,Mediterranean,Coastal,Cymodocea,2013,,,,842.7,,,,,,,
40.966,25.126,Mediterranean,Coastal,Cymodocea,2013,,,,906.6,,,,,,,
40.966,25.126,Mediterranean,Coastal,Cymodocea,2013,,,,705.8,,,,,,,
34.773,127.925,Temperate North Pacific,Coastal,Zostera,2005,,,5,,,,,,,,
34.773,127.925,Temperate North Pacific,Coastal,Zostera,2005,,,5.4,,,,,,,,
34.773,127.925,Temperate North Pacific,Coastal,Zostera,2005,,,10.7,,,,,,,,
34.773,127.925,Temperate North Pacific,Coastal,Zostera,2005,,,28.4,,,,,,,,
34.773,127.925,Temperate North Pacific,Coastal,Zostera,2005,,,37.9,,,,,,,,
34.773,127.925,Temperate North Pacific,Coastal,Zostera,2005,,,50.9,,,,,,,,
34.773,127.925,Temperate North Pacific,Coastal,Zostera,2005,,,46.7,,,,,,,,
34.773,127.925,Temperate North Pacific,Coastal,Zostera,2005,,,31.7,,,,,,,,
34.773,127.925,Temperate North Pacific,Coastal,Zostera,2005,,,19.5,,,,,,,,
34.773,127.925,Temperate North Pacific,Coastal,Zostera,2005,,,13.3,,,,,,,,
34.773,127.925,Temperate North Pacific,Coastal,Zostera,2005,,,7.4,,,,,,,,
34.773,127.925,Temperate North Pacific,Coastal,Zostera,2005,,,3.5,,,,,,,,
34.889,128.021,Temperate North Pacific,Coastal,Zostera,2005,,,66.1,,,,,,,,
34.889,128.021,Temperate North Pacific,Coastal,Zostera,2005,,,103.2,,,,,,,,
34.889,128.021,Temperate North Pacific,Coastal,Zostera,2005,,,135.1,,,,,,,,
34.889,128.021,Temperate North Pacific,Coastal,Zostera,2005,,,156.3,,,,,,,,
34.889,128.021,Temperate North Pacific,Coastal,Zostera,2005,,,179.1,,,,,,,,
34.889,128.021,Temperate North Pacific,Coastal,Zostera,2005,,,161.3,,,,,,,,
34.889,128.021,Temperate North Pacific,Coastal,Zostera,2005,,,143.2,,,,,,,,
34.889,128.021,Temperate North Pacific,Coastal,Zostera,2005,,,83.8,,,,,,,,
34.889,128.021,Temperate North Pacific,Coastal,Zostera,2005,,,73,,,,,,,,
34.889,128.021,Temperate North Pacific,Coastal,Zostera,2005,,,55.1,,,,,,,,
34.889,128.021,Temperate North Pacific,Coastal,Zostera,2005,,,53.1,,,,,,,,
34.889,128.021,Temperate North Pacific,Coastal,Zostera,2005,,,48.2,,,,,,,,
35.105,128.524,Temperate North Pacific,Coastal,Zostera,2002,,,50.2,,,,,,,,
35.105,128.524,Temperate North Pacific,Coastal,Zostera,2002,,,273.2,,,,,,,,
35.105,128.524,Temperate North Pacific,Coastal,Zostera,2002,,,163.9,,,,,,,,
35.105,128.524,Temperate North Pacific,Coastal,Zostera,2002,,,32.1,,,,,,,,
35.109,128.546,Temperate North Pacific,Coastal,Zostera,2002,,,65.5,,,,,,,,
35.109,128.546,Temperate North Pacific,Coastal,Zostera,2002,,,282.1,,,,,,,,
35.109,128.546,Temperate North Pacific,Coastal,Zostera,2002,,,152,,,,,,,,
35.109,128.546,Temperate North Pacific,Coastal,Zostera,2002,,,41.7,,,,,,,,
37.088,129.406,Temperate North Pacific,Coastal,Zostera,2012,245.26,65.36,309.16,219.58,,,,,,,4.899
37.088,129.406,Temperate North Pacific,Coastal,Zostera,2012,212.89,51.72,264.46,181.44,,,,,,,3.263
37.088,129.406,Temperate North Pacific,Coastal,Zostera,2012,168.68,43.8,212.75,113.56,,,,,,,1.475
37.088,129.406,Temperate North Pacific,Coastal,Zostera,2013,148.55,46.67,195.66,106.31,,,,,,,1.374
37.088,129.406,Temperate North Pacific,Coastal,Zostera,2013,163.95,48.92,213.63,118.9,,,,,,,1.515
37.088,129.406,Temperate North Pacific,Coastal,Zostera,2013,193.55,54.04,246.93,168.47,,,,,,,3.525
37.088,129.406,Temperate North Pacific,Coastal,Zostera,2013,215.66,47.55,263.59,169.24,,,,,,,3.414
37.088,129.406,Temperate North Pacific,Coastal,Zostera,2013,186.45,40.87,228.09,150.17,,,,,,,2
37.088,129.406,Temperate North Pacific,Coastal,Zostera,2013,168.68,45.17,214.06,118.9,,,,,,,1.394
37.088,129.406,Temperate North Pacific,Coastal,Zostera,2014,162.37,46.46,208.8,125.38,,,,,,,1.414
37.088,129.406,Temperate North Pacific,Coastal,Zostera,2014,156.84,50.97,207.93,119.28,,,,,,,1.525
37.088,129.406,Temperate North Pacific,Coastal,Zostera,2014,184.87,43.19,227.62,156.27,,,,,,,2.838
37.088,129.406,Temperate North Pacific,Coastal,Zostera,2014,247.63,64,310.92,206.61,,,,,,,4.273
37.088,129.406,Temperate North Pacific,Coastal,Zostera,2014,216.05,50.9,266.65,144.07,,,,,,,3.01
37.088,129.406,Temperate North Pacific,Coastal,Zostera,2014,154.08,53.42,207.93,112.42,,,,,,,1.535
37.088,129.406,Temperate North Pacific,Coastal,Zostera,2015,142.24,40.73,183.39,125.76,,,,,,,1.707
37.088,129.406,Temperate North Pacific,Coastal,Zostera,2015,148.55,50.69,199.96,106.69,,,,,,,1.404
37.088,129.406,Temperate North Pacific,Coastal,Zostera,2015,159.61,47,206.61,163.14,,,,,,,2.252
34.48,127.807,Temperate North Pacific,Coastal,Halophila,2008,,,23,616,,,,,,,
34.48,127.807,Temperate North Pacific,Coastal,Halophila,2008,,,32,595,,,,,,,
34.48,127.807,Temperate North Pacific,Coastal,Halophila,2008,,,19,523,,,,,,,
34.48,127.807,Temperate North Pacific,Coastal,Halophila,2008,,,26.7,592,,,,,,,
34.48,127.807,Temperate North Pacific,Coastal,Halophila,2008,,,22,633,,,,,,,
34.48,127.807,Temperate North Pacific,Coastal,Halophila,2008,,,26,1088,,,,,,,
34.48,127.807,Temperate North Pacific,Coastal,Halophila,2008,,,40,1323,,,,,,,
34.48,127.807,Temperate North Pacific,Coastal,Halophila,2008,,,69.9,1255,,,,,,,
34.48,127.807,Temperate North Pacific,Coastal,Halophila,2008,,,65.3,1033,,,,,,,
34.48,127.807,Temperate North Pacific,Coastal,Halophila,2008,,,67,816,,,,,,,
34.48,127.807,Temperate North Pacific,Coastal,Halophila,2008,,,66.3,660,,,,,,,
34.48,127.807,Temperate North Pacific,Coastal,Halophila,2008,,,44.8,578,,,,,,,
34.48,127.807,Temperate North Pacific,Coastal,Zostera,2008,,,38.36,91.34,,,,,,,
34.48,127.807,Temperate North Pacific,Coastal,Zostera,2008,,,62.38,89.28,,,,,,,
34.48,127.807,Temperate North Pacific,Coastal,Zostera,2008,,,82.26,122.4,,,,,,,
34.48,127.807,Temperate North Pacific,Coastal,Zostera,2008,,,136.32,194.27,,,,,,,
34.48,127.807,Temperate North Pacific,Coastal,Zostera,2008,,,109.52,188.65,,,,,,,
34.48,127.807,Temperate North Pacific,Coastal,Zostera,2008,,,212.11,174.16,,,,,,,
34.48,127.807,Temperate North Pacific,Coastal,Zostera,2008,,,170.06,130.09,,,,,,,
34.48,127.807,Temperate North Pacific,Coastal,Zostera,2008,,,127.08,90.46,,,,,,,
34.48,127.807,Temperate North Pacific,Coastal,Zostera,2008,,,84.57,94.31,,,,,,,
34.48,127.807,Temperate North Pacific,Coastal,Zostera,2008,,,51.76,88.39,,,,,,,
34.48,127.807,Temperate North Pacific,Coastal,Zostera,2008,,,55.45,96.38,,,,,,,
34.48,127.807,Temperate North Pacific,Coastal,Zostera,2008,,,49.45,96.67,,,,,,,
34.48,127.807,Temperate North Pacific,Coastal,Halophila,2009,,,31.2,499,,,,,,,
34.48,127.807,Temperate North Pacific,Coastal,Halophila,2009,,,23.1,471,,,,,,,
34.48,127.807,Temperate North Pacific,Coastal,Halophila,2009,,,23.8,441,,,,,,,
34.48,127.807,Temperate North Pacific,Coastal,Halophila,2009,,,32.3,499,,,,,,,
34.48,127.807,Temperate North Pacific,Coastal,Halophila,2009,,,29.6,553,,,,,,,
34.48,127.807,Temperate North Pacific,Coastal,Halophila,2009,,,39.3,1134,,,,,,,
34.48,127.807,Temperate North Pacific,Coastal,Halophila,2009,,,47.4,1189,,,,,,,
34.48,127.807,Temperate North Pacific,Coastal,Zostera,2009,,,36.16,121.22,,,,,,,
34.48,127.807,Temperate North Pacific,Coastal,Zostera,2009,,,68.85,123.59,,,,,,,
34.48,127.807,Temperate North Pacific,Coastal,Zostera,2009,,,88.73,125.95,,,,,,,
34.48,127.807,Temperate North Pacific,Coastal,Zostera,2009,,,111.83,167.36,,,,,,,
34.48,127.807,Temperate North Pacific,Coastal,Zostera,2009,,,134.01,187.87,,,,,,,
34.48,127.807,Temperate North Pacific,Coastal,Zostera,2009,,,175.6,183.03,,,,,,,
34.48,127.807,Temperate North Pacific,Coastal,Zostera,2009,,,198.71,179.19,,,,,,,
38.498,-8.914,Mediterranean,Coastal,Zostera,2009,,,,288.48,,,,,,,
9.737,-82.807,Tropical Atlantic,Coastal,Thalassia,1999,264.37,793.36,1057.73,1418,,,,,,,
9.744,-82.809,Tropical Atlantic,Coastal,Thalassia,1999,499.42,810.27,1309.69,2460,,,,,,,
9.75,-82.816,Tropical Atlantic,Coastal,Thalassia,1999,180.65,600.95,781.6,1600,,,,,,,
55.748,12.611,Temperate North Atlantic,Coastal,Zostera,1988,205.47,212.74,418.21,,,,1.23,1.037,,,
55.748,12.611,Temperate North Atlantic,Coastal,Zostera,1988,224.74,217.46,442.2,,,,4.068,3.875,,,
55.748,12.611,Temperate North Atlantic,Coastal,Zostera,1988,265.72,225.66,491.38,,,,5.462,4.594,,,
55.748,12.611,Temperate North Atlantic,Coastal,Zostera,1988,429.42,261.89,691.31,,,,10.759,5.599,,,
55.748,12.611,Temperate North Atlantic,Coastal,Zostera,1988,448.56,264.04,712.59,,,,17.893,6.416,,,
55.748,12.611,Temperate North Atlantic,Coastal,Zostera,1988,218.69,182.26,400.95,,,,14.275,5.352,,,
55.748,12.611,Temperate North Atlantic,Coastal,Zostera,1988,167.34,155.19,322.53,,,,11.283,5.398,,,
55.748,12.611,Temperate North Atlantic,Coastal,Zostera,1988,,,,,,,10.365,4.623,,,
55.748,12.611,Temperate North Atlantic,Coastal,Zostera,1988,,,,,,,11.182,4.233,,,
55.748,12.611,Temperate North Atlantic,Coastal,Zostera,1988,,,,,,,11.563,3.215,,,
55.748,12.611,Temperate North Atlantic,Coastal,Zostera,1988,,,,,,,10.015,3.404,,,
55.748,12.611,Temperate North Atlantic,Coastal,Zostera,1988,,,,,,,8.13,2.58,,,
55.748,12.611,Temperate North Atlantic,Coastal,Zostera,1988,,,,,,,7.113,1.658,,,
55.748,12.611,Temperate North Atlantic,Coastal,Zostera,1988,,,,,,,4.889,0.784,,,
55.748,12.611,Temperate North Atlantic,Coastal,Zostera,1988,,,,,,,1.411,,,,
55.748,12.611,Temperate North Atlantic,Coastal,Zostera,1988,,,,,,,1.014,,,,
55.748,12.611,Temperate North Atlantic,Coastal,Zostera,1989,83,143.7,226.7,,,,0.56,0.854,,,
55.748,12.611,Temperate North Atlantic,Coastal,Zostera,1989,47.4,78.95,126.35,,,,1.695,1.042,,,
55.748,12.611,Temperate North Atlantic,Coastal,Zostera,1989,198.76,130.78,329.54,,,,7.573,0.827,,,
55.748,12.611,Temperate North Atlantic,Coastal,Zostera,1989,262.96,128.21,391.17,,,,7.426,2.317,,,
55.748,12.611,Temperate North Atlantic,Coastal,Zostera,1989,,,,,,,7.906,2.073,,,
55.748,12.611,Temperate North Atlantic,Coastal,Zostera,1989,,,,,,,12.485,1.684,,,
55.748,12.611,Temperate North Atlantic,Coastal,Zostera,1989,,,,,,,8.384,2.743,,,
55.748,12.611,Temperate North Atlantic,Coastal,Zostera,1989,,,,,,,8.67,1.97,,,
55.748,12.611,Temperate North Atlantic,Coastal,Zostera,1989,,,,,,,,1.726,,,
45.5,13.569,Mediterranean,Coastal,Cymodocea,1987,,,916.67,1835.2,,,,,0.697,,
45.5,13.569,Mediterranean,Coastal,Cymodocea,1987,,,280.7,1066.5,,,,,0.212,,
45.5,13.569,Mediterranean,Coastal,Cymodocea,1987,,,267.54,992.1,,,,,,,
45.5,13.569,Mediterranean,Coastal,Cymodocea,1987,,,907.9,2318.8,,,,,,,
45.5,13.569,Mediterranean,Coastal,Cymodocea,1987,,,241.23,1202.7,,,,,,,
45.5,13.569,Mediterranean,Coastal,Cymodocea,1987,,,320.18,1760.8,,,,,,,
45.5,13.569,Mediterranean,Coastal,Cymodocea,1987,,,1013.16,2612.7,,,,,,,
45.5,13.569,Mediterranean,Coastal,Cymodocea,1987,,,311.4,2157.7,,,,,,,
45.5,13.569,Mediterranean,Coastal,Cymodocea,1987,,,337.72,1116.1,,,,,,,
45.5,13.569,Mediterranean,Coastal,Cymodocea,1987,,,991.23,1822.9,,,,,,,
45.5,13.569,Mediterranean,Coastal,Cymodocea,1987,,,315.79,942.3,,,,,,,
45.5,13.569,Mediterranean,Coastal,Cymodocea,1987,,,219.3,,,,,,,,
45.5,13.569,Mediterranean,Coastal,Cymodocea,1987,,,732.46,,,,,,,,
45.5,13.569,Mediterranean,Coastal,Cymodocea,1987,,,179.83,967.3,,,,,,,
45.5,13.569,Mediterranean,Coastal,Cymodocea,1987,,,254.39,930.1,,,,,,,
45.5,13.569,Mediterranean,Coastal,Cymodocea,1987,,,263.16,681.9,,,,,,,
45.5,13.569,Mediterranean,Coastal,Cymodocea,1988,,,491.23,1153.3,,,,,0.209,,
45.5,13.569,Mediterranean,Coastal,Cymodocea,1988,,,135.97,545.8,,,,,0.6,,
45.5,13.569,Mediterranean,Coastal,Cymodocea,1988,,,149.12,512.1,,,,,2.832,,
45.5,13.569,Mediterranean,Coastal,Cymodocea,1988,,,,,,,,,2.611,,
45.5,13.569,Mediterranean,Coastal,Cymodocea,1988,,,,,,,,,1.183,,
43.786973,7.603,Mediterranean,Coastal,Posidonia,1999,,,,252.82,,,,,,,
43.882314,8.033,Mediterranean,Coastal,Posidonia,1999,,,,212.68,,,,,,,
44.205759,8.42,Mediterranean,Coastal,Posidonia,1999,,,,276.76,,,,,,,
44.403323,8.688,Mediterranean,Coastal,Posidonia,1999,,,,179.58,,,,,,,
44.335112,9.23,Mediterranean,Coastal,Posidonia,1999,,,,235.92,,,,,,,
44.256769,9.422,Mediterranean,Coastal,Posidonia,1999,,,,140.14,,,,,,,
44.143947,9.649,Mediterranean,Coastal,Posidonia,1999,,,,130.28,,,,,,,
44.050575,9.83,Mediterranean,Coastal,Posidonia,1999,,,,100.7,,,,,,,
40.609,0.703,Mediterranean,Coastal,Cymodocea,1986,196.55,,,1748.64,,,,,,,3.396
40.609,0.703,Mediterranean,Coastal,Cymodocea,1986,182.76,,,2186.59,,,,,,,3.626
40.609,0.703,Mediterranean,Coastal,Cymodocea,1986,145.69,,,1934.29,,,,,,,2.648
40.609,0.703,Mediterranean,Coastal,Cymodocea,1986,132.76,,,1930.15,,,,,,,1.33
40.609,0.703,Mediterranean,Coastal,Cymodocea,1986,90.52,,,1217.85,,,,,,,1.044
40.609,0.703,Mediterranean,Coastal,Cymodocea,1986,165.52,,,1306.53,,,,,,,0.615
40.609,0.703,Mediterranean,Coastal,Cymodocea,1986,65.52,,,1496.33,,,,,,,0.352
40.609,0.703,Mediterranean,Coastal,Cymodocea,1987,50,,,1098.48,,,,,,,0.297
40.609,0.703,Mediterranean,Coastal,Cymodocea,1987,43.1,,,1227.08,,,,,,,0.835
40.609,0.703,Mediterranean,Coastal,Cymodocea,1987,38.79,,,1373,,,,,,,2.077
40.609,0.703,Mediterranean,Coastal,Cymodocea,1987,88.79,,,1377.33,,,,,,,2.67
40.609,0.703,Mediterranean,Coastal,Cymodocea,1987,135.34,,,2386.75,,,,,,,1.506
40.609,0.703,Mediterranean,Coastal,Cymodocea,1987,154.31,,,2231.97,,,,,,,0.714
40.609,0.703,Mediterranean,Coastal,Cymodocea,1987,125,,,1576.92,,,,,,,0.407
40.609,0.703,Mediterranean,Coastal,Cymodocea,1987,71.55,,,,,,,,,,0.308
40.609,0.703,Mediterranean,Coastal,Cymodocea,1987,56.03,,,,,,,,,,2.231
40.609,0.703,Mediterranean,Coastal,Cymodocea,1987,121.55,,,,,,,,,,
40.609,0.703,Mediterranean,Coastal,Cymodocea,1988,44.83,,,1310.11,,,,,,,0.154
40.609,0.703,Mediterranean,Coastal,Cymodocea,1988,56.9,,,,,,,,,,0.011
40.609,0.703,Mediterranean,Coastal,Cymodocea,1988,68.97,,,,,,,,,,0.846
40.609,0.703,Mediterranean,Coastal,Cymodocea,1988,106.03,,,,,,,,,,2.275
40.609,0.703,Mediterranean,Coastal,Cymodocea,1988,193.97,,,,,,,,,,2.066
40.609,0.703,Mediterranean,Coastal,Cymodocea,1988,203.45,,,,,,,,,,2.231
40.609,0.703,Mediterranean,Coastal,Cymodocea,1988,182.76,,,,,,,,,,1.462
40.609,0.703,Mediterranean,Coastal,Cymodocea,1988,146.55,,,,,,,,,,
40.609,0.703,Mediterranean,Coastal,Cymodocea,1988,150,,,,,,,,,,
10.852,-68.29,Tropical Atlantic,Coastal,Thalassia,1992,342.61,350.87,623.99,,,,,,,,1.85
10.852,-68.29,Tropical Atlantic,Coastal,Thalassia,1992,392.44,325.21,668.33,,,,,,,,2.91
10.852,-68.29,Tropical Atlantic,Coastal,Thalassia,1992,351.95,260.26,543.22,,,,,,,,1.71
10.852,-68.29,Tropical Atlantic,Coastal,Thalassia,1992,379,386.35,721.91,,,,,,,,2.12
10.852,-68.29,Tropical Atlantic,Coastal,Thalassia,1992,416.51,367.57,711.33,,,,,,,,2.4
10.852,-68.29,Tropical Atlantic,Coastal,Thalassia,1992,320.44,299.84,620.27,,,,,,,,3.33
10.852,-68.29,Tropical Atlantic,Coastal,Thalassia,1992,485.61,329.51,711.91,,,,,,,,3.1
10.852,-68.29,Tropical Atlantic,Coastal,Thalassia,1992,395.91,281.76,626.11,,,,,,,,2.72
10.852,-68.29,Tropical Atlantic,Coastal,Thalassia,1992,316.08,274.07,590.04,,,,,,,,1.7
10.852,-68.29,Tropical Atlantic,Coastal,Thalassia,1992,391.12,342,681.55,,,,,,,,1.77
10.852,-68.29,Tropical Atlantic,Coastal,Thalassia,1992,315.77,278.24,558.52,,,,,,,,2.3
10.852,-68.29,Tropical Atlantic,Coastal,Thalassia,1993,343.13,305.4,601.73,,,,,,,,2.66
36.174,-5.436,Mediterranean,Estuarine,Zostera,1988,149.32,47.35,196.66,,,,,,,,
36.174,-5.436,Mediterranean,Estuarine,Zostera,1988,108.83,54.01,162.84,,,,,,,,
36.174,-5.436,Mediterranean,Estuarine,Zostera,1988,148.02,74.87,222.9,,,,,,,,
36.174,-5.436,Mediterranean,Estuarine,Zostera,1988,187.22,75.86,263.08,,,,,,,,
36.174,-5.436,Mediterranean,Estuarine,Zostera,1988,163.07,72.1,235.17,,,,,,,,
36.174,-5.436,Mediterranean,Estuarine,Zostera,1988,139.52,53.21,192.73,,,,,,,,
36.174,-5.436,Mediterranean,Estuarine,Zostera,1988,141.71,86.68,228.39,,,,,,,,
36.174,-5.436,Mediterranean,Estuarine,Zostera,1989,50.05,16.34,66.39,,,,,,,,
36.174,-5.436,Mediterranean,Estuarine,Zostera,1989,76.67,25.35,102.02,,,,,,,,
36.174,-5.436,Mediterranean,Estuarine,Zostera,1989,97.04,47.13,144.18,,,,,,,,
36.174,-5.436,Mediterranean,Estuarine,Zostera,1989,129.13,66.55,195.68,,,,,,,,
36.174,-5.436,Mediterranean,Estuarine,Zostera,1989,118.31,73.69,192,,,,,,,,
36.174,-5.436,Mediterranean,Estuarine,Zostera,1989,123.83,41.53,165.36,,,,,,,,
36.174,-5.436,Mediterranean,Estuarine,Zostera,1989,202.02,65.68,267.7,,,,,,,,
36.174,-5.436,Mediterranean,Estuarine,Zostera,1989,145.05,71.85,216.89,,,,,,,,
36.174,-5.436,Mediterranean,Estuarine,Zostera,1989,126.35,65.24,191.59,,,,,,,,
36.174,-5.436,Mediterranean,Estuarine,Zostera,1990,,29.33,,,,,,,,,
36.174,-5.436,Mediterranean,Estuarine,Zostera,1990,31.28,31.71,62.99,,,,,,,,
40.754,13.888,Mediterranean,Coastal,Posidonia,1989,,,,473,,,,,,,
40.754,13.888,Mediterranean,Coastal,Posidonia,1989,,,,351,,,,,,,
40.754,13.888,Mediterranean,Coastal,Posidonia,1989,,,,253,,,,,,,
40.754,13.891,Mediterranean,Coastal,Posidonia,1997,,,,351,,,,,,,
40.754,13.891,Mediterranean,Coastal,Posidonia,1997,,,,253,,,,,,,
43.182,5.376,Mediterranean,Coastal,Posidonia,1997,,,,473,,,,,,,
42.642722,9.455,Mediterranean,Estuarine,Zostera,1998,38.47,53.33,,7416.7,,,,,,,
42.642722,9.455,Mediterranean,Estuarine,Zostera,1998,41.39,95.38,,19625,,,,,,,
42.642722,9.455,Mediterranean,Estuarine,Zostera,1998,88.38,94.36,,4375,,,,,,,
42.642722,9.455,Mediterranean,Estuarine,Zostera,1998,13.15,91.28,,3708.3,,,,,,,
42.055374,9.493,Mediterranean,Estuarine,Zostera,1998,42.12,130.26,,7625,,,,,,,
42.055374,9.493,Mediterranean,Estuarine,Zostera,1998,49.18,144.62,,13125,,,,,,,
42.055374,9.493,Mediterranean,Estuarine,Zostera,1998,92.28,282.05,,4583.3,,,,,,,
42.055374,9.493,Mediterranean,Estuarine,Zostera,1998,18.5,137.44,,4291.7,,,,,,,
42.642722,9.455,Mediterranean,Estuarine,Zostera,1999,17.53,53.33,,1458.3,,,,,,,
42.642722,9.455,Mediterranean,Estuarine,Zostera,1999,15.58,45.13,,1750,,,,,,,
42.642722,9.455,Mediterranean,Estuarine,Zostera,1999,39.44,53.33,,1791.7,,,,,,,
42.055374,9.493,Mediterranean,Estuarine,Zostera,1999,18.02,368.21,,3041.7,,,,,,,
42.055374,9.493,Mediterranean,Estuarine,Zostera,1999,10.96,156.92,,2458.3,,,,,,,
42.055374,9.493,Mediterranean,Estuarine,Zostera,1999,44.56,148.72,,1541.7,,,,,,,
-27.312,153.345,Tropical Indo Pacific,Estuarine,Zostera,1993,,,,26084,,,,,,,
-27.312,153.345,Tropical Indo Pacific,Estuarine,Zostera,1993,,,,12771,,,,,,,
-27.312,153.345,Tropical Indo Pacific,Estuarine,Zostera,1993,,,,11506,,,,,,,
-27.312,153.345,Tropical Indo Pacific,Estuarine,Zostera,1993,,,,16265,,,,,,,
-27.312,153.345,Tropical Indo Pacific,Estuarine,Zostera,1993,,,,11626,,,,,,,
-27.312,153.345,Tropical Indo Pacific,Estuarine,Zostera,1993,,,,13614,,,,,,,
-27.312,153.345,Tropical Indo Pacific,Estuarine,Zostera,1993,,,,15524,,,,,,,
-27.312,153.345,Tropical Indo Pacific,Estuarine,Zostera,1993,,,,18132,,,,,,,
-27.312,153.345,Tropical Indo Pacific,Estuarine,Zostera,1993,,,,16988,,,,,,,
-27.312,153.345,Tropical Indo Pacific,Estuarine,Zostera,1994,,,,12711,,,,,,,
-27.312,153.345,Tropical Indo Pacific,Estuarine,Zostera,1994,,,,10482,,,,,,,
-27.312,153.345,Tropical Indo Pacific,Estuarine,Zostera,1994,,,,10060,,,,,,,
18.464,-77.407,Tropical Atlantic,Estuarine,Thalassia,2012,,,,466,,,,,,,
18.464,-77.407,Tropical Atlantic,Estuarine,Thalassia,2012,,,,588,,,,,,,
49.07,-1.603,Temperate North Atlantic,Estuarine,Zostera,2016,,,,384,,,,,,,
49.07,-1.603,Temperate North Atlantic,Estuarine,Zostera,2016,,,,352,,,,,,,
53.393,5.367,Temperate North Atlantic,Coastal,Zostera,1989,,,103.69,,,,,,,,
53.393,5.367,Temperate North Atlantic,Coastal,Zostera,1989,,,106.92,,,,,,,,
53.393,5.367,Temperate North Atlantic,Coastal,Zostera,1989,,,133.27,,,,,,,,
53.393,5.367,Temperate North Atlantic,Coastal,Zostera,1989,,,143.08,,,,,,,,
53.393,5.367,Temperate North Atlantic,Coastal,Zostera,1989,,,135.25,,,,,,,,
53.393,5.367,Temperate North Atlantic,Coastal,Zostera,1989,,,110.52,,,,,,,,
53.393,5.367,Temperate North Atlantic,Coastal,Zostera,1989,,,111.33,,,,,,,,
43.378,3.614,Mediterranean,Estuarine,Zostera,1996,99.9,93.4,193.3,3593,,,,,,,
43.378,3.614,Mediterranean,Estuarine,Zostera,1997,67.7,106.9,174.6,2288,,,,,,,
43.378,3.614,Mediterranean,Estuarine,Zostera,1997,136.3,125,261.3,2175,,,,,,,
43.378,3.614,Mediterranean,Estuarine,Zostera,1997,54.2,30,84.2,2251,,,,,,,
43.378,3.614,Mediterranean,Estuarine,Zostera,1998,26.6,19.2,45.8,1061,,,,,,,
43.378,3.614,Mediterranean,Estuarine,Zostera,1998,27.8,34.4,62.2,1917,,,,,,,
43.378,3.614,Mediterranean,Estuarine,Zostera,1998,36.4,40.8,77.2,1241,,,,,,,
-16.897,145.786,Tropical Indo Pacific,Coastal,Cymodocea,1988,,,,,,,,,,0.001,
-16.897,145.786,Tropical Indo Pacific,Coastal,Thalassia,1988,,,,,,,,,,0.002,
-16.897,145.786,Tropical Indo Pacific,Coastal,Zostera,1988,,,,,,,,,,0.001,
-13.531,139.018,Tropical Indo Pacific,Coastal,Cymodocea,1987,,,,1100,,,,,,,
-13.948,136.742,Tropical Indo Pacific,Coastal,Enhalus,1987,,,,70,,,,,,,
-12.641,141.84,Tropical Indo Pacific,Coastal,Enhalus,1987,42,,,20,,,,,,,
-13.531,139.018,Tropical Indo Pacific,Coastal,Syringodium,1987,,,,2700,,,,,,,
-13.771,136.822,Tropical Indo Pacific,Coastal,Thalassia,1987,,,,560,,,,,,,
-13.771,136.822,Tropical Indo Pacific,Coastal,Cymodocea,1987,,,,620,,,,,,,
49.113,-125.776,Temperate North Atlantic,Coastal,Zostera,2016,49,15,64,131,,,,,,,
49.113,-125.776,Temperate North Atlantic,Coastal,Zostera,2016,65,20,85,272,,,,,,,
49.113,-125.776,Temperate North Atlantic,Coastal,Zostera,2016,,,,99,,,,,,,
49.138,-125.675,Temperate North Atlantic,Coastal,Zostera,2016,13,10,23,54,,,,,,,
49.138,-125.674,Temperate North Atlantic,Coastal,Zostera,2016,11,5,16,45,,,,,,,
49.218,-125.934,Temperate North Atlantic,Coastal,Zostera,2016,92,26,118,254,,,,,,,
49.218,-125.932,Temperate North Atlantic,Coastal,Zostera,2016,,,,256,,,,,,,
49.218,-125.93,Temperate North Atlantic,Coastal,Zostera,2016,53,20,73,155,,,,,,,
30.4514,-116.006,Temperate North Pacific,Coastal,Zostera,1987,60,50,,,,,,,,,
30.4514,-116.006,Temperate North Pacific,Coastal,Zostera,1987,30,,,,,,,,,,
30.4514,-116.006,Temperate North Pacific,Coastal,Zostera,1987,15,45,,,,,,,,,
30.4514,-116.006,Temperate North Pacific,Coastal,Zostera,1987,14,,,,,,,,,,
30.4514,-116.006,Temperate North Pacific,Coastal,Zostera,1987,25,37,,,,,,,,,
30.4514,-116.006,Temperate North Pacific,Coastal,Zostera,1987,23,,,,,,,,,,
30.4514,-116.006,Temperate North Pacific,Coastal,Zostera,1987,48,44,,,,,,,,,
30.4514,-116.006,Temperate North Pacific,Coastal,Zostera,1987,65,60,,,,,,,,,
30.4514,-116.006,Temperate North Pacific,Coastal,Zostera,1987,73,36,,,,,,,,,
30.4514,-116.006,Temperate North Pacific,Coastal,Zostera,1987,79,,,,,,,,,,
30.4514,-116.006,Temperate North Pacific,Coastal,Zostera,1987,55,49,,,,,,,,,
0.97,104.219,Tropical Indo Pacific,Coastal,Enhalus,2017,56.03,94.14,150.17,115,27,,,,,,
1.002,104.265,Tropical Indo Pacific,Coastal,Enhalus,2017,118.32,134.32,252.64,128,30,,,,,,
-27.287,153.222,Tropical Indo Pacific,Estuarine,Halophila,1989,,,,2839.2,,,,,,,
-27.287,153.222,Tropical Indo Pacific,Estuarine,Halophila,1989,22.6,27.9,50.5,1445.7,,,,,,,
-27.287,153.222,Tropical Indo Pacific,Estuarine,Halophila,1989,,,,155.9,,,,,,,
-27.287,153.222,Tropical Indo Pacific,Estuarine,Halophila,1989,1,8,9,118.3,,,,,,,
-27.287,153.222,Tropical Indo Pacific,Estuarine,Halophila,1989,16.9,137.6,154.5,2875.3,,,,,,,
-27.287,153.222,Tropical Indo Pacific,Estuarine,Halophila,1989,4.6,94.8,99.4,1016.4,,,,,,,
-27.287,153.222,Tropical Indo Pacific,Estuarine,Halodule,1990,,,,66.7,,,,,,,
-27.287,153.222,Tropical Indo Pacific,Estuarine,Halodule,1990,,,,3.8,,,,,,,
-27.287,153.222,Tropical Indo Pacific,Estuarine,Halophila,1990,,,,980.4,,,,,,,
-27.287,153.222,Tropical Indo Pacific,Estuarine,Halophila,1990,,,,115.3,,,,,,,
-27.287,153.222,Tropical Indo Pacific,Estuarine,Halophila,1990,,,,504.2,,,,,,,
-27.287,153.222,Tropical Indo Pacific,Estuarine,Halophila,1990,,,,76.9,,,,,,,
-27.287,153.222,Tropical Indo Pacific,Estuarine,Zostera,1990,,,,17.3,,,,,,,
25.088,50.612,Tropical Indo Pacific,Coastal,Halodule,1985,,,80.73,,,,,,,,
25.535,50.4,Tropical Indo Pacific,Coastal,Halodule,1985,,,247.5,,,,,,,,
25.535,50.4,Tropical Indo Pacific,Coastal,Halodule,1985,,,52.93,,,,,,,,
25.535,50.4,Tropical Indo Pacific,Coastal,Halodule,1985,,,64.67,,,,,,,,
25.731,50.229,Tropical Indo Pacific,Coastal,Halodule,1985,,,65.77,,,,,,,,
25.731,50.229,Tropical Indo Pacific,Coastal,Halodule,1985,,,125.53,,,,,,,,
25.731,50.229,Tropical Indo Pacific,Coastal,Halodule,1985,,,74,,,,,,,,
26.18,50.347,Tropical Indo Pacific,Coastal,Halodule,1985,,,141.6,,,,,,,,
26.18,50.347,Tropical Indo Pacific,Coastal,Halodule,1985,,,183.77,,,,,,,,
26.18,50.347,Tropical Indo Pacific,Coastal,Halodule,1985,,,117.33,,,,,,,,
26.5,50.088,Tropical Indo Pacific,Coastal,Halodule,1985,,,201.67,,,,,,,,
26.5,50.088,Tropical Indo Pacific,Coastal,Halodule,1985,,,384.47,,,,,,,,
26.5,50.088,Tropical Indo Pacific,Coastal,Halodule,1985,,,210.33,,,,,,,,
27.38,49.385,Tropical Indo Pacific,Coastal,Halodule,1985,,,111.77,,,,,,,,
27.38,49.385,Tropical Indo Pacific,Coastal,Halodule,1985,,,100,,,,,,,,
27.661,49.022,Tropical Indo Pacific,Coastal,Halodule,1985,,,18.37,,,,,,,,
27.661,49.022,Tropical Indo Pacific,Coastal,Halodule,1985,,,56.03,,,,,,,,
27.758,48.9,Tropical Indo Pacific,Coastal,Halodule,1985,,,106.5,,,,,,,,
27.758,48.9,Tropical Indo Pacific,Coastal,Halodule,1985,,,156.4,,,,,,,,
25.088,50.612,Tropical Indo Pacific,Coastal,Halophila,1985,,,76.33,,,,,,,,
25.088,50.612,Tropical Indo Pacific,Coastal,Halophila,1985,,,184.87,,,,,,,,
25.088,50.612,Tropical Indo Pacific,Coastal,Halodule,1986,,,76.67,,,,,,,,
25.088,50.612,Tropical Indo Pacific,Coastal,Halodule,1986,,,109,,,,,,,,
25.088,50.612,Tropical Indo Pacific,Coastal,Halodule,1986,,,26.33,,,,,,,,
25.535,50.4,Tropical Indo Pacific,Coastal,Halodule,1986,,,55,,,,,,,,
25.535,50.4,Tropical Indo Pacific,Coastal,Halodule,1986,,,88.67,,,,,,,,
25.535,50.4,Tropical Indo Pacific,Coastal,Halodule,1986,,,35,,,,,,,,
25.535,50.4,Tropical Indo Pacific,Coastal,Halodule,1986,,,122.33,,,,,,,,
25.731,50.229,Tropical Indo Pacific,Coastal,Halodule,1986,,,321.67,,,,,,,,
25.731,50.229,Tropical Indo Pacific,Coastal,Halodule,1986,,,193.33,,,,,,,,
25.731,50.229,Tropical Indo Pacific,Coastal,Halodule,1986,,,236.67,,,,,,,,
25.731,50.229,Tropical Indo Pacific,Coastal,Halodule,1986,,,80.67,,,,,,,,
26.18,50.347,Tropical Indo Pacific,Coastal,Halodule,1986,,,95.67,,,,,,,,
26.18,50.347,Tropical Indo Pacific,Coastal,Halodule,1986,,,265,,,,,,,,
26.18,50.347,Tropical Indo Pacific,Coastal,Halodule,1986,,,151.33,,,,,,,,
26.18,50.347,Tropical Indo Pacific,Coastal,Halodule,1986,,,160.67,,,,,,,,
26.5,50.088,Tropical Indo Pacific,Coastal,Halodule,1986,,,245,,,,,,,,
26.5,50.088,Tropical Indo Pacific,Coastal,Halodule,1986,,,141.33,,,,,,,,
26.5,50.088,Tropical Indo Pacific,Coastal,Halodule,1986,,,226,,,,,,,,
27.38,49.385,Tropical Indo Pacific,Coastal,Halodule,1986,,,95.67,,,,,,,,
27.38,49.385,Tropical Indo Pacific,Coastal,Halodule,1986,,,112.67,,,,,,,,
27.38,49.385,Tropical Indo Pacific,Coastal,Halodule,1986,,,195.33,,,,,,,,
27.661,49.022,Tropical Indo Pacific,Coastal,Halodule,1986,,,124.33,,,,,,,,
27.661,49.022,Tropical Indo Pacific,Coastal,Halodule,1986,,,25.33,,,,,,,,
27.661,49.022,Tropical Indo Pacific,Coastal,Halodule,1986,,,13.67,,,,,,,,
27.661,49.022,Tropical Indo Pacific,Coastal,Halodule,1986,,,82.33,,,,,,,,
27.758,48.9,Tropical Indo Pacific,Coastal,Halodule,1986,,,213,,,,,,,,
27.758,48.9,Tropical Indo Pacific,Coastal,Halodule,1986,,,131.67,,,,,,,,
27.758,48.9,Tropical Indo Pacific,Coastal,Halodule,1986,,,86.67,,,,,,,,
27.758,48.9,Tropical Indo Pacific,Coastal,Halodule,1986,,,217.67,,,,,,,,
21.435,109.283,Tropical Indo Pacific,Coastal,Halophila,2008,1.7,1.4,3.1,1342,16,,,,,,
21.435,109.283,Tropical Indo Pacific,Coastal,Halophila,2008,2.1,1.9,4,421,5,,,,,,
21.435,109.283,Tropical Indo Pacific,Coastal,Halophila,2009,2.6,4.3,6.9,815,5,,,,,,
21.435,109.283,Tropical Indo Pacific,Coastal,Halophila,2009,0.9,0.7,1.6,236,2,,,,,,
21.435,109.283,Tropical Indo Pacific,Coastal,Halophila,2009,3.4,2.3,5.7,289,3,,,,,,
21.435,109.283,Tropical Indo Pacific,Coastal,Halophila,2009,3.9,2.3,6.2,394,5,,,,,,
21.435,109.283,Tropical Indo Pacific,Coastal,Halophila,2010,1.6,1.9,3.5,421,3,,,,,,
21.435,109.283,Tropical Indo Pacific,Coastal,Halophila,2010,0.9,0.7,1.6,157,2,,,,,,
21.435,109.283,Tropical Indo Pacific,Coastal,Halophila,2010,7.2,6.1,13.3,552,2,,,,,,
21.435,109.283,Tropical Indo Pacific,Coastal,Halophila,2010,2.8,2.8,5.6,526,7,,,,,,
21.435,109.283,Tropical Indo Pacific,Coastal,Halophila,2011,7.7,8.1,15.8,1263,10,,,,,,
21.435,109.283,Tropical Indo Pacific,Coastal,Halophila,2011,1.9,1.6,3.5,552,3,,,,,,
21.435,109.283,Tropical Indo Pacific,Coastal,Halophila,2011,8.2,3.7,11.9,1447,15,,,,,,
21.435,109.283,Tropical Indo Pacific,Coastal,Halophila,2011,5.8,7.3,13.1,868,10,,,,,,
21.435,109.283,Tropical Indo Pacific,Coastal,Halophila,2012,3.1,2.5,5.6,789,6,,,,,,
21.435,109.283,Tropical Indo Pacific,Coastal,Halophila,2012,0.3,0.2,0.5,105,,,,,,,
21.435,109.283,Tropical Indo Pacific,Coastal,Halophila,2012,7.2,6.1,13.3,999,13,,,,,,
21.435,109.283,Tropical Indo Pacific,Coastal,Halophila,2012,2.6,3,5.6,1184,12,,,,,,
21.435,109.283,Tropical Indo Pacific,Coastal,Halophila,2013,5.2,4.2,9.4,999,13,,,,,,
21.435,109.283,Tropical Indo Pacific,Coastal,Halophila,2013,7.5,4.6,12.1,1578,22,,,,,,
21.435,109.283,Tropical Indo Pacific,Coastal,Halophila,2013,14.9,8,22.9,2210,28,,,,,,
21.435,109.283,Tropical Indo Pacific,Coastal,Halophila,2013,9.8,4.9,14.7,1947,27,,,,,,
21.435,109.283,Tropical Indo Pacific,Coastal,Halophila,2014,6,5.8,11.8,1526,20,,,,,,
21.435,109.283,Tropical Indo Pacific,Coastal,Halophila,2014,9.4,4.6,14,2105,23,,,,,,
21.435,109.283,Tropical Indo Pacific,Coastal,Halophila,2014,6.3,2.9,9.2,1052,9,,,,,,
21.435,109.283,Tropical Indo Pacific,Coastal,Halophila,2014,2.6,1.7,4.3,473,6,,,,,,
-8.8,116.508,Tropical Indo Pacific,Coastal,Cymodocea,2017,34.8,49.92,84.72,214.67,33,,,,,,
-8.8,116.508,Tropical Indo Pacific,Coastal,Cymodocea,2017,15.88,16.22,32.1,,,,,,,,
-8.8,116.508,Tropical Indo Pacific,Coastal,Cymodocea,2017,5.55,9.23,14.78,,,,,,,,
-8.8,116.508,Tropical Indo Pacific,Coastal,Cymodocea,2017,9.52,16.8,26.32,,,,,,,,
-8.8,116.508,Tropical Indo Pacific,Coastal,Cymodocea,2017,3.97,7.57,11.54,,,,,,,,
-8.8,116.508,Tropical Indo Pacific,Coastal,Enhalus,2017,9.85,17.3,27.15,20.44,31,,,,,,
-8.8,116.508,Tropical Indo Pacific,Coastal,Enhalus,2017,35.7,108.36,144.06,,,,,,,,
-8.8,116.508,Tropical Indo Pacific,Coastal,Enhalus,2017,61.92,140.55,202.47,,,,,,,,
8.8,116.508,Tropical Indo Pacific,Coastal,Enhalus,2017,25.6,60.42,86.02,,,,,,,,
8.8,116.508,Tropical Indo Pacific,Coastal,Enhalus,2017,54.3,114.58,168.88,,,,,,,,
-8.8,116.508,Tropical Indo Pacific,Coastal,Halodule,2017,8.03,160.85,168.88,16.67,2,,,,,,
8.8,116.508,Tropical Indo Pacific,Coastal,Halophila,2017,3.97,7.57,11.54,42.22,8,,,,,,
-8.8,116.508,Tropical Indo Pacific,Coastal,Thalassia,2017,6.69,11.37,18.06,85.11,23,,,,,,
-8.8,116.508,Tropical Indo Pacific,Coastal,Thalassia,2017,28.65,40.54,69.19,,,,,,,,
-8.8,116.508,Tropical Indo Pacific,Coastal,Thalassia,2017,17.55,24.8,42.35,,,,,,,,
-8.8,116.508,Tropical Indo Pacific,Coastal,Thalassodendron,2017,7.95,15.13,23.08,5.56,2,,,,,,
27.038,-111.962,Temperate North Pacific,Coastal,Phyllospadix,1996,628.95,412.65,1041.6,8505.49,,,15.52,14.05,29.57,15.52,9.316
27.038,-111.962,Temperate North Pacific,Coastal,Phyllospadix,1996,662.85,411.96,1074.81,3600.48,,,7.95,6.02,13.97,7.95,4.65
27.038,-111.962,Temperate North Pacific,Coastal,Phyllospadix,1996,875.78,794.87,1670.65,3233.67,,,9.91,7.33,17.24,9.91,5.756
27.038,-111.962,Temperate North Pacific,Coastal,Phyllospadix,1996,519.62,873.03,1392.65,2467.38,,,9.91,6.9,16.81,9.91,7.586
27.038,-111.962,Temperate North Pacific,Coastal,Phyllospadix,1997,639.08,430.37,1069.45,7458.48,5,,13.64,7.13,20.77,13.64,10.517
27.038,-111.962,Temperate North Pacific,Coastal,Phyllospadix,1997,266.24,138.23,404.47,8495.68,5,,8.26,9.62,17.88,8.26,4.053
27.038,-111.962,Temperate North Pacific,Coastal,Phyllospadix,1997,793.39,495.9,1289.29,8885.43,9,,17.47,15.36,32.83,17.47,10.91
27.038,-111.962,Temperate North Pacific,Coastal,Phyllospadix,1997,565.79,189.43,755.22,6778.13,15,,22.06,11.17,33.23,22.06,18.611
27.038,-111.962,Temperate North Pacific,Coastal,Phyllospadix,1997,275.75,241.63,517.38,3573.91,20,,9.65,11.85,21.5,9.65,8.278
27.038,-111.962,Temperate North Pacific,Coastal,Phyllospadix,1997,189.63,45.04,234.67,8056.28,13,,12.3,10.87,23.17,12.3,11.208
27.038,-111.962,Temperate North Pacific,Coastal,Phyllospadix,1997,750.52,402.72,1153.24,6249.43,5,,19.46,15.99,35.45,19.46,15.35
27.038,-111.962,Temperate North Pacific,Coastal,Phyllospadix,1997,744.82,146.43,891.25,6408.14,10,,23.53,15.01,38.54,23.53,19.198
27.038,-111.962,Temperate North Pacific,Coastal,Phyllospadix,1997,,,,,5,,,,,,
27.038,-111.962,Temperate North Pacific,Coastal,Phyllospadix,1997,,,,,5,,,,,,
27.038,-111.962,Temperate North Pacific,Coastal,Phyllospadix,1997,,,,,5,,,,,,
27.038,-111.962,Temperate North Pacific,Coastal,Phyllospadix,1997,,,,,6,,,,,,
27.038,-111.962,Temperate North Pacific,Coastal,Phyllospadix,1997,,,,,6,,,,,,
27.038,-111.962,Temperate North Pacific,Coastal,Phyllospadix,1997,,,,,10,,,,,,
27.038,-111.962,Temperate North Pacific,Coastal,Phyllospadix,1997,,,,,19,,,,,,
27.038,-111.962,Temperate North Pacific,Coastal,Phyllospadix,1997,,,,,39,,,,,,
27.038,-111.962,Temperate North Pacific,Coastal,Phyllospadix,1997,,,,,43,,,,,,
27.038,-111.962,Temperate North Pacific,Coastal,Phyllospadix,1997,,,,,100,,,,,,
-9.9,142.29,Tropical Indo Pacific,Coastal,Thalassia,2004,15.71,,,,,,,,,,
-9.9,142.29,Tropical Indo Pacific,Coastal,Halophila,2004,0.65,,,,,,0.001,,,,
-9.9,142.29,Tropical Indo Pacific,Coastal,Thalassia,2004,8.62,,,,,,0.004,,,,
-9.9,142.29,Tropical Indo Pacific,Coastal,Enhalus,2004,1.14,,,,,,0.273,,,,
-9.9,142.29,Tropical Indo Pacific,Coastal,Halophila,2004,0.62,,,,,,0.003,,,,
-9.9,142.29,Tropical Indo Pacific,Coastal,Thalassia,2004,25.31,,,,,,,,,,
-9.9,142.29,Tropical Indo Pacific,Coastal,Enhalus,2004,0.52,,,,,,,,,,
-9.9,142.29,Tropical Indo Pacific,Coastal,Halophila,2004,0.26,,,,,,0.001,,,,
-9.9,142.29,Tropical Indo Pacific,Coastal,Thalassodendron,2004,88.42,,,,,,0.01,,,,
-9.9,142.29,Tropical Indo Pacific,Coastal,Thalassia,2004,10.93,,,,,,,,,,
-9.9,142.29,Tropical Indo Pacific,Coastal,Thalassia,2004,20.67,,,,,,,,,,
-9.9,142.29,Tropical Indo Pacific,Coastal,Enhalus,2004,2.55,,,,,,,,,,
-9.9,142.29,Tropical Indo Pacific,Coastal,Halophila,2004,0.23,,,,,,,,,,
-9.9,142.29,Tropical Indo Pacific,Coastal,Thalassodendron,2004,77.1,,,,,,,,,,
-9.9,142.29,Tropical Indo Pacific,Coastal,Enhalus,2004,14.64,,,,,,,,,,
-9.9,142.29,Tropical Indo Pacific,Coastal,Thalassia,2004,5.86,,,,,,,,,,
-9.9,142.29,Tropical Indo Pacific,Coastal,Thalassia,2004,19.37,,,,,,,,,,
-9.9,142.29,Tropical Indo Pacific,Coastal,Enhalus,2004,0.6,,,,,,,,,,
-9.9,142.29,Tropical Indo Pacific,Coastal,Enhalus,2004,36.23,,,,,,,,,,
-9.9,142.29,Tropical Indo Pacific,Coastal,Thalassia,2004,17.05,,,,,,,,,,
-9.9,142.29,Tropical Indo Pacific,Coastal,Enhalus,2004,33.95,,,,,,,,,,
-9.9,142.29,Tropical Indo Pacific,Coastal,Thalassia,2004,11.32,,,,,,,,,,
-9.9,142.29,Tropical Indo Pacific,Coastal,Thalassia,2004,11.51,,,,,,,,,,
-9.9,142.29,Tropical Indo Pacific,Coastal,Enhalus,2004,9.16,,,,,,,,,,
-9.9,142.29,Tropical Indo Pacific,Coastal,Halophila,2004,0.64,,,,,,,,,,
-9.9,142.29,Tropical Indo Pacific,Coastal,Cymodocea,2004,0.01,,,,,,0.003,,,,
-9.9,142.29,Tropical Indo Pacific,Coastal,Syringodium,2004,,,,,,,,,,,
-9.9,142.29,Tropical Indo Pacific,Coastal,Halophila,2004,0.03,,,,,,,,,,
-9.9,142.29,Tropical Indo Pacific,Coastal,Thalassodendron,2004,52.63,,,,,,,,,,
-9.9,142.29,Tropical Indo Pacific,Coastal,Thalassia,2004,2.29,,,,,,,,,,
-9.9,142.29,Tropical Indo Pacific,Coastal,Halophila,2004,1.29,,,,,,,,,,
-9.9,142.29,Tropical Indo Pacific,Coastal,Cymodocea,2004,1.14,,,,,,0.002,,,,
-9.9,142.29,Tropical Indo Pacific,Coastal,Halophila,2004,1.07,,,,,,,,,,
-9.9,142.29,Tropical Indo Pacific,Coastal,Syringodium,2004,0.72,,,,,,,,,,
-9.9,142.29,Tropical Indo Pacific,Coastal,Thalassodendron,2004,0.43,,,,,,,,,,
-9.9,142.29,Tropical Indo Pacific,Coastal,Cymodocea,2004,0.07,,,,,,,,,,
-9.9,142.29,Tropical Indo Pacific,Coastal,Halodule,2004,0.07,,,,,,0.004,,,,
-9.9,142.29,Tropical Indo Pacific,Coastal,Enhalus,2004,0.07,,,,,,,,,,
-9.9,142.29,Tropical Indo Pacific,Coastal,Halophila,2004,0.01,,,,,,,,,,
-9.9,142.29,Tropical Indo Pacific,Coastal,Halophila,2004,,,,,,,,,,,
-9.9,142.29,Tropical Indo Pacific,Coastal,Thalassodendron,2004,48.96,,,,,,,,,,
-9.9,142.29,Tropical Indo Pacific,Coastal,Thalassia,2004,2.02,,,,,,,,,,
-9.9,142.29,Tropical Indo Pacific,Coastal,Cymodocea,2004,0.87,,,,,,,,,,
-9.9,142.29,Tropical Indo Pacific,Coastal,Halophila,2004,0.22,,,,,,,,,,
-9.9,142.29,Tropical Indo Pacific,Coastal,Thalassia,2004,5.33,,,,,,,,,,
-9.9,142.29,Tropical Indo Pacific,Coastal,Cymodocea,2004,0.9,,,,,,,,,,
-9.9,142.29,Tropical Indo Pacific,Coastal,Halophila,2004,0.45,,,,,,,,,,
-9.9,142.29,Tropical Indo Pacific,Coastal,Cymodocea,2004,0.38,,,,,,,,,,
-9.9,142.29,Tropical Indo Pacific,Coastal,Halophila,2004,0.15,,,,,,,,,,
-9.9,142.29,Tropical Indo Pacific,Coastal,Thalassodendron,2004,0.53,,,,,,,,,,
-9.9,142.29,Tropical Indo Pacific,Coastal,Thalassia,2004,6.44,,,,,,,,,,
-9.9,142.29,Tropical Indo Pacific,Coastal,Thalassia,2004,0.67,,,,,,,,,,
-9.9,142.29,Tropical Indo Pacific,Coastal,Cymodocea,2004,0.67,,,,,,,,,,
-9.9,142.29,Tropical Indo Pacific,Coastal,Enhalus,2004,0.15,,,,,,,,,,
-9.9,142.29,Tropical Indo Pacific,Coastal,Cymodocea,2004,0.15,,,,,,,,,,
-9.9,142.29,Tropical Indo Pacific,Coastal,Halophila,2004,0.08,,,,,,,,,,
-9.9,142.29,Tropical Indo Pacific,Coastal,Thalassodendron,2004,29.09,,,,,,,,,,
-9.9,142.29,Tropical Indo Pacific,Coastal,Thalassia,2004,2.03,,,,,,,,,,
-9.9,142.29,Tropical Indo Pacific,Coastal,Enhalus,2004,1.02,,,,,,,,,,
-9.9,142.29,Tropical Indo Pacific,Coastal,Syringodium,2004,1.02,,,,,,,,,,
-9.9,142.29,Tropical Indo Pacific,Coastal,Cymodocea,2004,0.68,,,,,,,,,,
-9.9,142.29,Tropical Indo Pacific,Coastal,Enhalus,2004,2.47,,,,,,,,,,
-9.9,142.29,Tropical Indo Pacific,Coastal,Thalassia,2004,1.95,,,,,,,,,,
-9.9,142.29,Tropical Indo Pacific,Coastal,Cymodocea,2004,3.38,,,,,,,,,,
-9.9,142.29,Tropical Indo Pacific,Coastal,Thalassodendron,2004,0.52,,,,,,,,,,
-9.9,142.29,Tropical Indo Pacific,Coastal,Halophila,2004,0.12,,,,,,,,,,
-9.9,142.29,Tropical Indo Pacific,Coastal,Cymodocea,2004,0.12,,,,,,,,,,
-9.9,142.29,Tropical Indo Pacific,Coastal,Thalassodendron,2004,42.54,,,,,,,,,,
-9.9,142.29,Tropical Indo Pacific,Coastal,Enhalus,2004,1.39,,,,,,,,,,
-9.9,142.29,Tropical Indo Pacific,Coastal,Thalassia,2004,1.39,,,,,,,,,,
-9.9,142.29,Tropical Indo Pacific,Coastal,Syringodium,2004,0.46,,,,,,,,,,
-9.9,142.29,Tropical Indo Pacific,Coastal,Halophila,2004,0.46,,,,,,,,,,
-9.9,142.29,Tropical Indo Pacific,Coastal,Thalassia,2004,2.43,,,,,,,,,,
-9.9,142.29,Tropical Indo Pacific,Coastal,Cymodocea,2004,0.59,,,,,,,,,,
-9.9,142.29,Tropical Indo Pacific,Coastal,Cymodocea,2004,0.21,,,,,,,,,,
-9.9,142.29,Tropical Indo Pacific,Coastal,Halophila,2004,0.21,,,,,,,,,,
-9.9,142.29,Tropical Indo Pacific,Coastal,Enhalus,2004,8.39,,,,,,,,,,
-9.9,142.29,Tropical Indo Pacific,Coastal,Thalassia,2004,2.62,,,,,,,,,,
-9.9,142.29,Tropical Indo Pacific,Coastal,Cymodocea,2004,2.23,,,,,,,,,,
-9.9,142.29,Tropical Indo Pacific,Coastal,Cymodocea,2004,0.79,,,,,,,,,,
-9.9,142.29,Tropical Indo Pacific,Coastal,Halophila,2004,0.13,,,,,,,,,,
-9.9,142.29,Tropical Indo Pacific,Coastal,Enhalus,2004,8.47,,,,,,,,,,
-9.9,142.29,Tropical Indo Pacific,Coastal,Thalassia,2004,8.27,,,,,,,,,,
-9.9,142.29,Tropical Indo Pacific,Coastal,Cymodocea,2004,1.18,,,,,,,,,,
-9.9,142.29,Tropical Indo Pacific,Coastal,Thalassodendron,2004,0.99,,,,,,,,,,
-9.9,142.29,Tropical Indo Pacific,Coastal,Cymodocea,2004,0.59,,,,,,,,,,
-9.9,142.29,Tropical Indo Pacific,Coastal,Halophila,2004,0.2,,,,,,,,,,
-9.9,142.29,Tropical Indo Pacific,Coastal,Enhalus,2004,5.94,,,,,,,,,,
-9.9,142.29,Tropical Indo Pacific,Coastal,Thalassia,2004,2.44,,,,,,,,,,
-9.9,142.29,Tropical Indo Pacific,Coastal,Cymodocea,2004,1.8,,,,,,,,,,
-9.9,142.29,Tropical Indo Pacific,Coastal,Cymodocea,2004,0.32,,,,,,,,,,
-9.9,142.29,Tropical Indo Pacific,Coastal,Halophila,2004,0.21,,,,,,,,,,
-9.9,142.29,Tropical Indo Pacific,Coastal,Thalassia,2004,4.39,,,,,,,,,,
-9.9,142.29,Tropical Indo Pacific,Coastal,Cymodocea,2004,0.73,,,,,,,,,,
-9.9,142.29,Tropical Indo Pacific,Coastal,Enhalus,2004,0.61,,,,,,,,,,
-9.9,142.29,Tropical Indo Pacific,Coastal,Halophila,2004,0.31,,,,,,,,,,
-9.9,142.29,Tropical Indo Pacific,Coastal,Cymodocea,2004,0.06,,,,,,,,,,
-9.9,142.29,Tropical Indo Pacific,Coastal,Halophila,2004,1.83,,,,,,,,,,
-9.9,142.29,Tropical Indo Pacific,Coastal,Halophila,2004,0.19,,,,,,,,,,
-9.9,142.29,Tropical Indo Pacific,Coastal,Cymodocea,2004,0.02,,,,,,,,,,
-9.9,142.29,Tropical Indo Pacific,Coastal,Thalassia,2004,0.02,,,,,,,,,,
-9.9,142.29,Tropical Indo Pacific,Coastal,Syringodium,2004,0.02,,,,,,,,,,
-9.9,142.29,Tropical Indo Pacific,Coastal,Thalassia,2004,0.01,,,,,,,,,,
-9.9,142.29,Tropical Indo Pacific,Coastal,Thalassia,2004,5.78,,,,,,,,,,
-9.9,142.29,Tropical Indo Pacific,Coastal,Thalassodendron,2004,0.5,,,,,,,,,,
-9.9,142.29,Tropical Indo Pacific,Coastal,Halophila,2004,2.15,,,,,,,,,,
-9.9,142.29,Tropical Indo Pacific,Coastal,Cymodocea,2004,1.43,,,,,,,,,,
-9.9,142.29,Tropical Indo Pacific,Coastal,Halophila,2004,0.44,,,,,,,,,,
-9.9,142.29,Tropical Indo Pacific,Coastal,Thalassia,2004,0.44,,,,,,,,,,
-9.9,142.29,Tropical Indo Pacific,Coastal,Syringodium,2004,0.61,,,,,,,,,,
-9.9,142.29,Tropical Indo Pacific,Coastal,Enhalus,2004,0.11,,,,,,,,,,
-9.9,142.29,Tropical Indo Pacific,Coastal,Halodule,2004,0.11,,,,,,,,,,
-9.9,142.29,Tropical Indo Pacific,Coastal,Halophila,2004,0.11,,,,,,,,,,
-9.9,142.29,Tropical Indo Pacific,Coastal,Cymodocea,2004,0.06,,,,,,,,,,
-9.9,142.29,Tropical Indo Pacific,Coastal,Halophila,2004,2.55,,,,,,,,,,
-9.9,142.29,Tropical Indo Pacific,Coastal,Halophila,2004,0.32,,,,,,,,,,
-9.9,142.29,Tropical Indo Pacific,Coastal,Syringodium,2004,7.18,,,,,,,,,,
-9.9,142.29,Tropical Indo Pacific,Coastal,Halophila,2004,0.39,,,,,,,,,,
-9.9,142.29,Tropical Indo Pacific,Coastal,Cymodocea,2004,0.23,,,,,,,,,,
9.322,99.789,Tropical Indo Pacific,Coastal,Cymodocea,2006,,,,,,,,,,,
9.322,99.778,Tropical Indo Pacific,Coastal,Enhalus,2006,,,,,14,,,,,,
9.322,99.778,Tropical Indo Pacific,Coastal,Enhalus,2006,,,,,20,,,,,,
9.322,99.789,Tropical Indo Pacific,Coastal,Enhalus,2006,,,,,9,,,,,,
9.322,99.789,Tropical Indo Pacific,Coastal,Enhalus,2006,,,,,17,,,,,,
9.322,99.789,Tropical Indo Pacific,Coastal,Halodule,2006,,,,,1,,,,,,
9.322,99.789,Tropical Indo Pacific,Coastal,Thalassia,2006,,,,,3,,,,,,
9.322,99.789,Tropical Indo Pacific,Coastal,Thalassia,2006,,,,,2,,,,,,
9.322,99.778,Tropical Indo Pacific,Coastal,Enhalus,2017,,,,,51,,,,,,
9.322,99.778,Tropical Indo Pacific,Coastal,Enhalus,2017,,,,,60,,,,,,
9.322,99.789,Tropical Indo Pacific,Coastal,Enhalus,2017,,,,,17,,,,,,
9.322,99.789,Tropical Indo Pacific,Coastal,Enhalus,2017,,,,,43,,,,,,
9.322,99.789,Tropical Indo Pacific,Coastal,Halodule,2017,,,,,10,,,,,,
9.322,99.789,Tropical Indo Pacific,Coastal,Halodule,2017,,,,,3,,,,,,
9.322,99.789,Tropical Indo Pacific,Coastal,Halophila,2017,,,,,,,,,,,
9.322,99.789,Tropical Indo Pacific,Coastal,Thalassia,2017,,,,,22,,,,,,
9.322,99.789,Tropical Indo Pacific,Coastal,Thalassia,2017,,,,,14,,,,,,
37.255,-75.813,Temperate North Atlantic,Coastal,Zostera,2012,,,,140,,,,,,,
37.255,-75.813,Temperate North Atlantic,Coastal,Zostera,2012,,,,347,,,,,,,
37.255,-75.813,Temperate North Atlantic,Coastal,Zostera,2012,,,,115,,,,,,,
37.255,-75.813,Temperate North Atlantic,Coastal,Zostera,2013,,,,100,,,,,,,
37.255,-75.813,Temperate North Atlantic,Coastal,Zostera,2013,,,,411,,,,,,,
45.405,12.299,Mediterranean,Coastal,Cymodocea,1993,149.47,862.37,1011.84,,,,,,,,
45.405,12.299,Mediterranean,Coastal,Cymodocea,1993,47.52,606.5,654.02,,,,,,,,
45.405,12.299,Mediterranean,Coastal,Cymodocea,1993,49.88,428.73,478.61,,,,,,,,
45.405,12.299,Mediterranean,Coastal,Cymodocea,1993,80.87,389.13,470,,,,1.02,,,,
45.405,12.299,Mediterranean,Coastal,Cymodocea,1993,510.73,622.84,1133.57,,,,6.91,,,,
45.405,12.299,Mediterranean,Coastal,Cymodocea,1993,807.64,918.31,1725.95,,,,12.27,,,,
45.405,12.299,Mediterranean,Coastal,Cymodocea,1993,314.99,575.99,890.98,,,,1.57,,,,
45.405,12.299,Mediterranean,Coastal,Cymodocea,1993,378.71,604.66,983.37,,,,3.63,,,,
45.405,12.299,Mediterranean,Coastal,Cymodocea,1993,170.4,701.54,871.94,,,,1.34,,,,
45.405,12.299,Mediterranean,Coastal,Cymodocea,1993,140.03,673.1,813.13,,,,0.38,,,,
45.405,12.299,Mediterranean,Coastal,Cymodocea,1993,115.79,636.09,751.88,,,,0.23,,,,
45.405,12.299,Mediterranean,Coastal,Cymodocea,1994,75.2,505.16,580.36,,,,,,,,
45.405,12.299,Mediterranean,Coastal,Cymodocea,1994,44.83,450.35,495.18,,,,,,,,
44.703,-63.241,Temperate North Atlantic,Estuarine,Zostera,1979,,,,838.25,,3484.16,3.026,,,,
44.703,-63.241,Temperate North Atlantic,Estuarine,Zostera,1979,,,,787.62,,3841.12,2.477,,,,
44.703,-63.241,Temperate North Atlantic,Estuarine,Zostera,1979,,,,708.04,,3287.81,1.741,,,,
44.703,-63.241,Temperate North Atlantic,Estuarine,Zostera,1979,,,,834.64,,3490,1.374,,,,
44.703,-63.241,Temperate North Atlantic,Estuarine,Zostera,1979,,,,849.1,,3106.02,1.325,,,,
44.703,-63.241,Temperate North Atlantic,Estuarine,Zostera,1979,,125.99,,831.02,,3054.52,0.639,,,,
44.703,-63.241,Temperate North Atlantic,Estuarine,Zostera,1979,534,395,929,,,,,,,,
44.703,-63.241,Temperate North Atlantic,Estuarine,Zostera,1980,,102.46,,867.19,,2665.86,0.484,,,,
44.703,-63.241,Temperate North Atlantic,Estuarine,Zostera,1980,,89.58,,487.41,,1387.76,0.21,,,,
44.703,-63.241,Temperate North Atlantic,Estuarine,Zostera,1980,,103.02,,787.62,,2541.94,0.324,0.249,0.574,,
44.703,-63.241,Temperate North Atlantic,Estuarine,Zostera,1980,,161.83,,700.81,,3075.53,0.482,0.62,1.102,,
44.703,-63.241,Temperate North Atlantic,Estuarine,Zostera,1980,,192.63,,530.82,,2149.35,1.065,1.146,2.211,,
44.703,-63.241,Temperate North Atlantic,Estuarine,Zostera,1980,,136.63,,726.13,,3102.97,4.041,2.197,6.238,,
44.703,-63.241,Temperate North Atlantic,Estuarine,Zostera,1980,,108.63,,968.46,,,2.861,2.467,5.329,,
44.703,-63.241,Temperate North Atlantic,Estuarine,Zostera,1980,,135.51,,827.4,,,3.306,2.131,5.438,,
59.828,23.155,Temperate North Atlantic,Coastal,Zostera,2016,98.9,9.6,108.5,446,56,,,,,,
59.828,23.155,Temperate North Atlantic,Coastal,Zostera,2016,56.7,12.1,68.8,950,60,,,,,,
59.828,23.155,Temperate North Atlantic,Coastal,Zostera,2016,55.9,10.3,66.2,936,53,,,,,,
59.847,23.25,Temperate North Atlantic,Coastal,Zostera,2016,53,15,68,172,32,,,,,,
59.847,23.25,Temperate North Atlantic,Coastal,Zostera,2016,46.2,11,57.2,172,43,,,,,,
59.847,23.25,Temperate North Atlantic,Coastal,Zostera,2016,26,19.5,45.5,272,35,,,,,,
59.847,23.25,Temperate North Atlantic,Coastal,Zostera,2016,25.2,6.6,31.7,96,28,,,,,,
59.828,23.155,Temperate North Atlantic,Coastal,Zostera,2017,42.3,10.3,51.6,314,39,,,,,,
59.828,23.155,Temperate North Atlantic,Coastal,Zostera,2017,64.7,14.8,79.4,2,37,,,,,,
59.847,23.25,Temperate North Atlantic,Coastal,Zostera,2017,31,4.3,35.3,58,44,,,,,,
59.847,23.25,Temperate North Atlantic,Coastal,Zostera,2017,35,18.7,53.8,186,21,,,,,,
41.806,-69.938,Temperate North Atlantic,Estuarine,Zostera,1986,77.91,,,,,,,,,,
41.806,-69.938,Temperate North Atlantic,Estuarine,Zostera,1986,346.65,,,,,,,,,,8.132
41.806,-69.938,Temperate North Atlantic,Estuarine,Zostera,1986,333.05,,,,,,,,,,3.872
41.806,-69.938,Temperate North Atlantic,Estuarine,Zostera,1986,227.77,,,,,,,,,,2.563
41.806,-69.938,Temperate North Atlantic,Estuarine,Zostera,1986,416.44,,,,,,,,,,10.8
41.806,-69.938,Temperate North Atlantic,Estuarine,Zostera,1986,241.24,,,,,,,,,,4.07
41.806,-69.938,Temperate North Atlantic,Estuarine,Zostera,1986,88.11,,,,,,,,,,1.135
41.806,-69.938,Temperate North Atlantic,Estuarine,Zostera,1986,74.27,,,,,,,,,,1.135
41.806,-69.938,Temperate North Atlantic,Estuarine,Zostera,1986,58.98,,,,,,,,,,0.594
41.806,-69.938,Temperate North Atlantic,Estuarine,Zostera,1986,30.82,,,,,,,,,,0.219
41.815,-69.958,Temperate North Atlantic,Estuarine,Zostera,1986,33.34,,,,,,,,,,
41.815,-69.958,Temperate North Atlantic,Estuarine,Zostera,1986,81.95,,,,,,,,,,2.48
41.815,-69.958,Temperate North Atlantic,Estuarine,Zostera,1986,155.54,,,,,,,,,,2.65
41.815,-69.958,Temperate North Atlantic,Estuarine,Zostera,1986,170.11,,,,,,,,,,1.98
41.815,-69.958,Temperate North Atlantic,Estuarine,Zostera,1986,253.78,,,,,,,,,,5.46
41.815,-69.958,Temperate North Atlantic,Estuarine,Zostera,1986,137.96,,,,,,,,,,2.09
41.815,-69.958,Temperate North Atlantic,Estuarine,Zostera,1986,70.91,,,,,,,,,,0.69
41.815,-69.958,Temperate North Atlantic,Estuarine,Zostera,1986,77.01,,,,,,,,,,0.64
41.815,-69.958,Temperate North Atlantic,Estuarine,Zostera,1986,53.71,,,,,,,,,,0.179
41.815,-69.958,Temperate North Atlantic,Estuarine,Zostera,1986,33.1,,,,,,,,,,0.127
41.806,-69.938,Temperate North Atlantic,Estuarine,Zostera,1987,39.86,,,,,,,,,,0.298
41.806,-69.938,Temperate North Atlantic,Estuarine,Zostera,1987,50.46,,,,,,,,,,0.622
41.806,-69.938,Temperate North Atlantic,Estuarine,Zostera,1987,88.19,,,,,,,,,,1.074
41.806,-69.938,Temperate North Atlantic,Estuarine,Zostera,1987,94.67,,,,,,,,,,1.826
41.806,-69.938,Temperate North Atlantic,Estuarine,Zostera,1987,22.64,,,,,,,,,,0.103
41.815,-69.958,Temperate North Atlantic,Estuarine,Zostera,1987,18.02,,,,,,,,,,0.086
41.815,-69.958,Temperate North Atlantic,Estuarine,Zostera,1987,65.93,,,,,,,,,,1.639
41.815,-69.958,Temperate North Atlantic,Estuarine,Zostera,1987,125.26,,,,,,,,,,1.018
41.815,-69.958,Temperate North Atlantic,Estuarine,Zostera,1987,87.95,,,,,,,,,,2.892
41.815,-69.958,Temperate North Atlantic,Estuarine,Zostera,1987,14.9,,,,,,,,,,0.118
42.121,-8.818,Mediterranean,Estuarine,Zostera,2015,28.4,36.8,65.2,3514,,,,,,,
42.121,-8.82,Mediterranean,Estuarine,Zostera,2015,12,24,36,1917,,,,,,,
42.121,-8.818,Mediterranean,Estuarine,Zostera,2015,26.9,29.2,56.1,4872,,,,,,,
42.121,-8.82,Mediterranean,Estuarine,Zostera,2015,10.3,12.3,22.6,3312,,,,,,,
42.121,-8.818,Mediterranean,Estuarine,Zostera,2015,38,52.3,90.3,5386,,,,,,,
42.121,-8.82,Mediterranean,Estuarine,Zostera,2015,11.4,19,30.4,3774,,,,,,,
42.121,-8.818,Mediterranean,Estuarine,Zostera,2015,36.4,24,60.4,3627,,,,,,,
42.121,-8.82,Mediterranean,Estuarine,Zostera,2015,16.7,18.4,35.1,3437,,,,,,,
42.121,-8.818,Mediterranean,Estuarine,Zostera,2015,41.4,40.4,81.8,2843,,,,,,,
42.121,-8.82,Mediterranean,Estuarine,Zostera,2015,30.4,29,59.4,4048,,,,,,,
42.121,-8.818,Mediterranean,Estuarine,Zostera,2015,47.5,45.6,93.1,2816,,,,,,,
42.121,-8.82,Mediterranean,Estuarine,Zostera,2015,37.1,34,71.1,3754,,,,,,,
42.121,-8.818,Mediterranean,Estuarine,Zostera,2015,95.7,61.2,156.9,5729,,,,,,,
42.121,-8.82,Mediterranean,Estuarine,Zostera,2015,42.3,42.3,84.6,4391,,,,,,,
42.121,-8.818,Mediterranean,Estuarine,Zostera,2015,48,54.6,102.6,3336,,,,,,,
42.121,-8.82,Mediterranean,Estuarine,Zostera,2015,30.4,33,63.4,4333,,,,,,,
42.121,-8.818,Mediterranean,Estuarine,Zostera,2015,43,53,96,4429,,,,,,,
42.121,-8.82,Mediterranean,Estuarine,Zostera,2015,21,28,49,3043,,,,,,,
42.121,-8.818,Mediterranean,Estuarine,Zostera,2015,48,60.7,108.7,4077,,,,,,,
42.121,-8.82,Mediterranean,Estuarine,Zostera,2015,21,32,53,3081,,,,,,,
42.121,-8.818,Mediterranean,Estuarine,Zostera,2015,81.3,99.3,180.6,6742,,,,,,,
42.121,-8.82,Mediterranean,Estuarine,Zostera,2015,24,45.2,69.2,3961,,,,,,,
42.121,-8.818,Mediterranean,Estuarine,Zostera,2015,44,60.7,104.7,5419,,,,,,,
42.121,-8.82,Mediterranean,Estuarine,Zostera,2015,16,19,35,2309,,,,,,,
20.412,-90.497,Tropical Atlantic,Coastal,Thalassia,2015,,,470,,,,,,,,
20.412,-90.497,Tropical Atlantic,Coastal,Thalassia,2016,,,267,,,,,,,,
20.412,-90.497,Tropical Atlantic,Coastal,Thalassia,2016,,,195,,,,,,,,
20.412,-90.497,Tropical Atlantic,Coastal,Thalassia,2016,,,428,,,,,,,,
25.02,-80.594,Tropical Atlantic,Coastal,Syringodium,1997,338.71,131.84,470.55,,,,,,,,
25.02,-80.594,Tropical Atlantic,Coastal,Syringodium,1998,,,,,22.6,,,,,,
25.02,-80.594,Tropical Atlantic,Coastal,Syringodium,1998,,,,,0.9,,,,,,
37.405,-1.57,Mediterranean,Coastal,Posidonia,1994,,,,14.09,10,,,,,,
37.405,-1.57,Mediterranean,Coastal,Posidonia,1994,,,,18.11,8,,,,,,
37.405,-1.57,Mediterranean,Coastal,Posidonia,1994,,,,83.5,35,,,,,,
37.405,-1.57,Mediterranean,Coastal,Posidonia,1994,,,,164.99,53,,,,,,
37.405,-1.57,Mediterranean,Coastal,Posidonia,1994,,,,168.01,47,,,,,,
37.405,-1.57,Mediterranean,Coastal,Posidonia,1994,,,,198.19,50,,,,,,
37.405,-1.57,Mediterranean,Coastal,Posidonia,1994,,,,294.77,72,,,,,,
37.405,-1.57,Mediterranean,Coastal,Posidonia,1994,,,,362.17,78,,,,,,
37.405,-1.57,Mediterranean,Coastal,Posidonia,1994,,,,396.38,80,,,,,,
37.405,-1.57,Mediterranean,Coastal,Posidonia,1994,,,,462.78,79,,,,,,
37.405,-1.57,Mediterranean,Coastal,Posidonia,1994,,,,420.52,74,,,,,,
37.405,-1.57,Mediterranean,Coastal,Posidonia,1994,,,,443.66,82,,,,,,
37.405,-1.57,Mediterranean,Coastal,Posidonia,1994,,,,444.67,79,,,,,,
37.408,-1.558,Mediterranean,Coastal,Posidonia,1996,,,,94.75,77,,,,,,
37.408,-1.558,Mediterranean,Coastal,Posidonia,1996,,,,52.5,73,,,,,,
37.408,-1.558,Mediterranean,Coastal,Posidonia,1996,,,,45.75,63,,,,,,
37.408,-1.558,Mediterranean,Coastal,Posidonia,1996,,,,44,60,,,,,,
37.408,-1.558,Mediterranean,Coastal,Posidonia,1996,,,,29.75,37,,,,,,
37.5,-1.08,Mediterranean,Estuarine,Posidonia,1995,547.68,,,,,,,,,,
37.5,-1.08,Mediterranean,Estuarine,Posidonia,1995,511.74,,,,,,,,,,
37.5,-1.08,Mediterranean,Estuarine,Posidonia,1995,400.49,,,,,,,,,,
37.5,-1.08,Mediterranean,Estuarine,Posidonia,1995,326.89,,,,,,,,,,
37.5,-1.08,Mediterranean,Estuarine,Posidonia,1995,249.88,,,,,,,,,,
37.5,-1.08,Mediterranean,Estuarine,Posidonia,1995,154.03,,,,,,,,,,
-9.817,150.812,Tropical Indo Pacific,Coastal,Cymodocea,2011,36.58,,,869.45,,,,,,,
-9.741,150.86,Tropical Indo Pacific,Coastal,Cymodocea,2012,182.35,,,587.73,,,,,,,
-9.719,150.786,Tropical Indo Pacific,Coastal,Cymodocea,2013,182.47,,,1094.72,,,,,,,
42.457,130.788,Temperate North Pacific,Estuarine,Zostera,2008,513.3,460,973.3,,,,,,,,
42.457,130.788,Temperate North Pacific,Estuarine,Zostera,2010,100.1,80.3,180.4,,,,,,,,
42.457,130.788,Temperate North Pacific,Estuarine,Zostera,2012,682.7,696,1378.7,,,,,,,,
-27.428,153.402,Tropical Indo Pacific,Estuarine,Zostera,2012,17.84,122.15,139.99,,,,,,,,
-27.428,153.402,Tropical Indo Pacific,Estuarine,Zostera,2012,27.74,164.27,192.01,,,,,,,,
-27.428,153.402,Tropical Indo Pacific,Estuarine,Zostera,2013,18.36,151.03,169.39,,,,,,,,
-27.428,153.402,Tropical Indo Pacific,Estuarine,Zostera,2013,37.62,190.01,227.63,,,,,,,,
-27.428,153.402,Tropical Indo Pacific,Estuarine,Zostera,2013,38.89,230.5,269.39,,,,,,,,
10.443,-85.79,Tropical Atlantic,Coastal,Halophila,2017,1.9,2,3.9,569,,,,,,,
11.49,92.708,Tropical Indo Pacific,Coastal,Thalassia,2015,17.87,44.29,62.16,565.6,,,,,,,
11.561,92.733,Tropical Indo Pacific,Coastal,Thalassia,2015,34.54,90.04,124.59,544,,,,,,,
11.593,92.61,Tropical Indo Pacific,Coastal,Thalassia,2015,35.26,60.44,95.7,667.4,,,,,,,
11.617,92.753,Tropical Indo Pacific,Coastal,Thalassia,2015,27.29,69.61,96.9,588.8,,,,,,,
-16.759,145.97,Tropical Indo Pacific,Coastal,Cymodocea,2015,42.5,,,,,,,,,,
-16.752,145.981,Tropical Indo Pacific,Coastal,Halophila,2015,2.9,,,,,,,,,,
42.292,3.289,Mediterranean,Coastal,Posidonia,2004,,,,459.52,60,,,,,0.002,
42.292,3.289,Mediterranean,Coastal,Posidonia,2004,,,,478.57,46,,,,,0.002,
42.292,3.289,Mediterranean,Coastal,Posidonia,2004,,,,,,,,,,0.002,
42.292,3.289,Mediterranean,Coastal,Posidonia,2004,,,,,,,,,,0.003,
42.292,3.289,Mediterranean,Coastal,Posidonia,2004,,,,,,,,,,0.003,
42.292,3.289,Mediterranean,Coastal,Posidonia,2004,,,,,,,,,,0.003,
42.292,3.289,Mediterranean,Coastal,Posidonia,2004,,,,,,,,,,0.001,
42.292,3.289,Mediterranean,Coastal,Posidonia,2004,,,,,,,,,,0.001,
42.292,3.289,Mediterranean,Coastal,Posidonia,2004,,,,,,,,,,0.001,
42.292,3.289,Mediterranean,Coastal,Posidonia,2004,,,,,,,,,,0.001,
42.292,3.289,Mediterranean,Coastal,Posidonia,2004,,,,,,,,,,0.001,
42.292,3.289,Mediterranean,Coastal,Posidonia,2004,,,,,,,,,,0.002,
45.405,12.299,Mediterranean,Coastal,Cymodocea,1994,,,,1758.62,,2022.47,,,,,
45.405,12.299,Mediterranean,Coastal,Cymodocea,1994,,,,1862.07,,3792.14,,,,,
45.405,12.299,Mediterranean,Coastal,Cymodocea,1994,,,,1965.52,,5308.99,,,,,
45.405,12.299,Mediterranean,Coastal,Cymodocea,1994,,,,2482.76,,7078.65,,,,,
45.405,12.299,Mediterranean,Coastal,Cymodocea,1994,,,,3517.24,,13146.07,,,,,
45.405,12.299,Mediterranean,Coastal,Cymodocea,1994,,,,2172.41,,5308.99,,,,,
45.405,12.299,Mediterranean,Coastal,Cymodocea,1994,,,,2172.41,,3286.52,,,,,
45.405,12.299,Mediterranean,Coastal,Cymodocea,1994,,,,2172.41,,2780.9,,,,,
45.405,12.299,Mediterranean,Coastal,Cymodocea,1994,,,,3103.45,,10365.17,,,,,
45.405,12.299,Mediterranean,Coastal,Cymodocea,1994,,,,2275.86,,2528.09,,,,,
45.405,12.299,Mediterranean,Coastal,Cymodocea,1994,,,,1758.62,,2022.47,,,,,
45.405,12.299,Mediterranean,Coastal,Zostera,1994,,,,413.79,,2528.09,,,,,
45.405,12.299,Mediterranean,Coastal,Zostera,1994,,,,517.24,,3286.52,,,,,
45.405,12.299,Mediterranean,Coastal,Zostera,1994,,,,827.59,,3286.52,,,,,
45.405,12.299,Mediterranean,Coastal,Zostera,1994,,,,1241.38,,4550.56,,,,,
45.405,12.299,Mediterranean,Coastal,Zostera,1994,,,,931.03,,3033.71,,,,,
45.405,12.299,Mediterranean,Coastal,Zostera,1994,,,,1034.48,,2780.9,,,,,
45.405,12.299,Mediterranean,Coastal,Zostera,1994,,,,827.59,,2780.9,,,,,
45.405,12.299,Mediterranean,Coastal,Zostera,1994,,,,620.69,,1769.66,,,,,
45.405,12.299,Mediterranean,Coastal,Zostera,1994,,,,827.59,,2528.09,,,,,
45.405,12.299,Mediterranean,Coastal,Zostera,1994,,,,620.69,,1516.85,,,,,
45.405,12.299,Mediterranean,Coastal,Zostera,1994,,,,517.24,,1516.85,,,,,
45.405,12.299,Mediterranean,Coastal,Zostera,1994,,,,7344.83,,15421.35,,,,,
45.405,12.299,Mediterranean,Coastal,Zostera,1994,,,,7862.07,,18960.67,,,,,
45.405,12.299,Mediterranean,Coastal,Zostera,1994,,,,14689.66,,41207.87,,,,,
45.405,12.299,Mediterranean,Coastal,Zostera,1994,,,,14068.97,,40702.25,,,,,
45.405,12.299,Mediterranean,Coastal,Zostera,1994,,,,9206.9,,28061.8,,,,,
45.405,12.299,Mediterranean,Coastal,Zostera,1994,,,,5689.66,,13146.07,,,,,
45.405,12.299,Mediterranean,Coastal,Zostera,1994,,,,5793.1,,10365.17,,,,,
45.405,12.299,Mediterranean,Coastal,Zostera,1994,,,,3413.79,,5308.99,,,,,
45.405,12.299,Mediterranean,Coastal,Zostera,1994,,,,10655.17,,34634.83,,,,,
45.405,12.299,Mediterranean,Coastal,Zostera,1994,,,,3206.9,,3033.71,,,,,
45.405,12.299,Mediterranean,Coastal,Zostera,1994,,,,3206.9,,7331.46,,,,,
45.405,12.299,Mediterranean,Coastal,Cymodocea,1995,,,,2068.97,,2275.28,,,,,
45.405,12.299,Mediterranean,Coastal,Zostera,1995,,,,620.69,,1769.66,,,,,
45.405,12.299,Mediterranean,Coastal,Zostera,1995,,,,2172.41,,2528.09,,,,,
37.144,10.182,Mediterranean,Estuarine,Cymodocea,2006,80.62,417.1,506.29,823.99,,,,,,,0.5
37.144,10.182,Mediterranean,Estuarine,Cymodocea,2006,48.87,457.22,510.06,865.43,,,,,,,0.597
37.144,10.182,Mediterranean,Estuarine,Cymodocea,2007,35.56,526.25,562.8,886.86,,,,,,,0.641
37.144,10.182,Mediterranean,Estuarine,Cymodocea,2007,39.13,375.58,417.88,824.71,,,,,,,0.617
37.144,10.182,Mediterranean,Estuarine,Cymodocea,2007,43.36,252.23,303.33,550.43,,,,,,,0.454
37.144,10.182,Mediterranean,Estuarine,Cymodocea,2007,47.49,175.16,226.69,563.94,,,,,,,0.585
37.144,10.182,Mediterranean,Estuarine,Cymodocea,2007,97.44,179.69,281.23,662.6,,,,,,,0.715
37.144,10.182,Mediterranean,Estuarine,Cymodocea,2007,109.87,206.59,317.8,984.25,,,,,,,2.878
37.144,10.182,Mediterranean,Estuarine,Cymodocea,2007,120.78,281.81,406.37,1081.87,,,,,,,3.238
37.144,10.182,Mediterranean,Estuarine,Cymodocea,2007,120.81,326.07,453.72,1294.78,,,,,,,3.34
37.144,10.182,Mediterranean,Estuarine,Cymodocea,2007,125.23,372.6,475.2,1441.08,,,,,,,2.513
37.144,10.182,Mediterranean,Estuarine,Cymodocea,2007,101.93,399.37,504.13,977.47,,,,,,,0.824
35.642,11.016,Mediterranean,Coastal,Cymodocea,2006,68,256,677,431,,,,,,,1.1
35.642,11.016,Mediterranean,Coastal,Cymodocea,2006,76,348,778,531,,,,,,,0.9
35.642,11.016,Mediterranean,Coastal,Cymodocea,2006,109,273,786,706,,,,,,,1.1
35.642,11.016,Mediterranean,Coastal,Cymodocea,2006,50,320,838,550,,,,,,,0.9
35.642,11.016,Mediterranean,Coastal,Cymodocea,2006,65,288,678,519,,,,,,,0.7
35.642,11.016,Mediterranean,Coastal,Cymodocea,2006,35,92,511,494,,,,,,,0.8
35.642,11.016,Mediterranean,Coastal,Cymodocea,2006,52,296,751,519,,,,,,,0.7
35.642,11.016,Mediterranean,Coastal,Cymodocea,2006,52,261,644,531,,,,,,,0.7
35.642,11.016,Mediterranean,Coastal,Cymodocea,2006,44,167,511,481,,,,,,,0.7
35.642,11.016,Mediterranean,Coastal,Cymodocea,2007,46,182,573,500,,,,,,,0.3
35.642,11.016,Mediterranean,Coastal,Cymodocea,2007,37,191,572,519,,,,,,,0.5
35.642,11.016,Mediterranean,Coastal,Cymodocea,2007,45,175,511,506,,,,,,,0.4
35.642,11.016,Mediterranean,Coastal,Cymodocea,2007,44,175,569,506,,,,,,,0.3
35.642,11.016,Mediterranean,Coastal,Cymodocea,2007,36,194,530,525,,,,,,,0.5
35.642,11.016,Mediterranean,Coastal,Cymodocea,2007,38,259,538,500,,,,,,,0.4
35.642,11.016,Mediterranean,Coastal,Cymodocea,2007,39,190,552,438,,,,,,,0.4
35.642,11.016,Mediterranean,Coastal,Cymodocea,2007,38,141,517,488,,,,,,,0.4
35.642,11.016,Mediterranean,Coastal,Cymodocea,2007,40,285,662,400,,,,,,,0.4
35.642,11.016,Mediterranean,Coastal,Cymodocea,2007,74,287,838,725,,,,,,,0.5
35.642,11.016,Mediterranean,Coastal,Cymodocea,2007,54,288,641,600,,,,,,,0.5
35.642,11.016,Mediterranean,Coastal,Cymodocea,2007,45,178,559,675,,,,,,,0.5
35.642,11.016,Mediterranean,Coastal,Cymodocea,2007,82,264,558,800,,,,,,,0.6
35.642,11.016,Mediterranean,Coastal,Cymodocea,2007,78,226,633,700,,,,,,,0.5
35.642,11.016,Mediterranean,Coastal,Cymodocea,2007,69,228,538,744,,,,,,,0.6
35.642,11.016,Mediterranean,Coastal,Cymodocea,2007,125,180,534,750,,,,,,,0.7
35.642,11.016,Mediterranean,Coastal,Cymodocea,2007,99,252,622,813,,,,,,,1.1
35.642,11.016,Mediterranean,Coastal,Cymodocea,2007,91,157,511,963,,,,,,,0.5
35.642,11.016,Mediterranean,Coastal,Cymodocea,2007,163,161,569,1206,,,,,,,1
35.642,11.016,Mediterranean,Coastal,Cymodocea,2007,197,219,718,856,,,,,,,0.5
35.642,11.016,Mediterranean,Coastal,Cymodocea,2007,90,153,490,950,,,,,,,1.3
35.642,11.016,Mediterranean,Coastal,Cymodocea,2007,179,127,565,1138,,,,,,,1.5
35.642,11.016,Mediterranean,Coastal,Cymodocea,2007,165,232,723,750,,,,,,,1.8
35.642,11.016,Mediterranean,Coastal,Cymodocea,2007,95,142,501,938,,,,,,,1.2
35.642,11.016,Mediterranean,Coastal,Cymodocea,2007,169,150,588,738,,,,,,,2.9
35.642,11.016,Mediterranean,Coastal,Cymodocea,2007,145,243,747,713,,,,,,,1.5
35.642,11.016,Mediterranean,Coastal,Cymodocea,2007,109,245,644,838,,,,,,,2.3
35.642,11.016,Mediterranean,Coastal,Cymodocea,2007,,,,,,,,,,,2.2
35.642,11.016,Mediterranean,Coastal,Cymodocea,2007,,,,,,,,,,,2.1
35.642,11.016,Mediterranean,Coastal,Cymodocea,2007,,,,,,,,,,,3
35.642,11.016,Mediterranean,Coastal,Cymodocea,2007,,,,,,,,,,,2
35.642,11.016,Mediterranean,Coastal,Cymodocea,2007,,,,,,,,,,,2.6
35.642,11.016,Mediterranean,Coastal,Cymodocea,2007,,,,,,,,,,,2.1
35.642,11.016,Mediterranean,Coastal,Cymodocea,2007,,,,,,,,,,,1
35.642,11.016,Mediterranean,Coastal,Cymodocea,2007,,,,,,,,,,,1
35.642,11.016,Mediterranean,Coastal,Cymodocea,2007,,,,,,,,,,,1.2
-25.207,152.651,Tropical Indo Pacific,Coastal,Halodule,2004,,,6.83,,,,,,,,
-25.207,152.651,Tropical Indo Pacific,Coastal,Halophila,2004,,,0.7,,,,,,,,
-25.207,152.651,Tropical Indo Pacific,Coastal,Halophila,2004,,,0.94,,,,,,,,
-25.207,152.651,Tropical Indo Pacific,Coastal,Zostera,2004,,,0.93,,,,,,,,
37.221,-76.406,Temperate North Atlantic,Estuarine,Zostera,2011,44.3,,,,,,,,,,
37.221,-76.406,Temperate North Atlantic,Estuarine,Zostera,2011,93.5,,,,,,,,,,
37.221,-76.406,Temperate North Atlantic,Estuarine,Zostera,2011,103.7,,,,,,,,,,
37.221,-76.406,Temperate North Atlantic,Estuarine,Zostera,2011,71,,,,,,,,,,
37.221,-76.406,Temperate North Atlantic,Estuarine,Zostera,2011,37.7,,,,,,,,,,
37.221,-76.406,Temperate North Atlantic,Estuarine,Zostera,2011,24.3,,,,,,,,,,
37.221,-76.406,Temperate North Atlantic,Estuarine,Zostera,2011,28.8,,,,,,,,,,
37.239,-76.438,Temperate North Atlantic,Estuarine,Ruppia,2010,,,,,5,,,,,,
37.239,-76.438,Temperate North Atlantic,Estuarine,Zostera,2010,,,,,29,,,,,,
37.239,-76.438,Temperate North Atlantic,Estuarine,Ruppia,2011,,,,,14,,,,,,
37.239,-76.438,Temperate North Atlantic,Estuarine,Zostera,2011,,,,,12,,,,,,
37.239,-76.438,Temperate North Atlantic,Estuarine,Ruppia,2012,,,,,7,,,,,,
37.239,-76.438,Temperate North Atlantic,Estuarine,Zostera,2012,,,,,15,,,,,,
37.239,-76.438,Temperate North Atlantic,Estuarine,Ruppia,2013,,,,,6,,,,,,
37.239,-76.438,Temperate North Atlantic,Estuarine,Zostera,2013,,,,,17,,,,,,
37.239,-76.438,Temperate North Atlantic,Estuarine,Ruppia,2014,,,,,6,,,,,,
37.239,-76.438,Temperate North Atlantic,Estuarine,Zostera,2014,,,,,29,,,,,,
37.239,-76.438,Temperate North Atlantic,Estuarine,Ruppia,2015,,,,,8,,,,,,
37.239,-76.438,Temperate North Atlantic,Estuarine,Zostera,2015,,,,,49,,,,,,
37.239,-76.438,Temperate North Atlantic,Estuarine,Ruppia,2016,,,,,17,,,,,,
37.239,-76.438,Temperate North Atlantic,Estuarine,Zostera,2016,,,,,23,,,,,,
-32.121,115.666,Temperate Southern,Coastal,Posidonia,1980,3.2,,,,,,,,,,3.204
-32.121,115.666,Temperate Southern,Coastal,Posidonia,1980,3.23,,,,,,,,,,3.231
-32.121,115.666,Temperate Southern,Coastal,Posidonia,1980,3.11,,,,,,,,,,3.111
-32.121,115.666,Temperate Southern,Coastal,Posidonia,1980,2.82,,,,,,,,,,2.815
-32.121,115.666,Temperate Southern,Coastal,Posidonia,1980,,,,522,,,0.013,,,5.1,2.7
-32.121,115.666,Temperate Southern,Coastal,Posidonia,1980,1.79,,,,,,,,,,1.792
-32.121,115.666,Temperate Southern,Coastal,Posidonia,1980,1.9,,,,,,,,,,1.9
-32.121,115.666,Temperate Southern,Coastal,Posidonia,1980,3.77,,,,,,,,,,3.769
-32.121,115.666,Temperate Southern,Coastal,Posidonia,1981,5.39,,,,,,,,,,5.392
46.705,-64.817,Temperate North Atlantic,Estuarine,Zostera,2007,29.38,,,145.03,,,,,,,0.759
47.237,-65.047,Temperate North Atlantic,Estuarine,Zostera,2007,119.83,,,607.39,,,,,,,2.203
47.348,-64.938,Temperate North Atlantic,Estuarine,Zostera,2007,79.5,,,724.86,,,,,,,1.047
47.714,-64.767,Temperate North Atlantic,Estuarine,Zostera,2007,62.5,,,230.86,,,,,,,0.593
47.747,-64.831,Temperate North Atlantic,Estuarine,Zostera,2007,51.15,,,278,,,,,,,0.686
-38.114,144.74,Temperate Southern,Estuarine,Zostera,2006,,,,10451,,,,,,,
-38.354,144.77,Temperate Southern,Estuarine,Zostera,2011,,,,,78,,,,,,
-38.354,144.77,Temperate Southern,Estuarine,Zostera,2011,,,,,69,,,,,,
-38.346,144.914,Temperate Southern,Estuarine,Zostera,2011,,,,,97,,,,,,
-38.346,144.914,Temperate Southern,Estuarine,Zostera,2011,,,,,95,,,,,,
-38.286,144.616,Temperate Southern,Estuarine,Zostera,2011,,,,,89,,,,,,
-38.286,144.616,Temperate Southern,Estuarine,Zostera,2011,,,,,81,,,,,,
-38.257,144.674,Temperate Southern,Estuarine,Zostera,2011,,,,,96,,,,,,
-38.257,144.674,Temperate Southern,Estuarine,Zostera,2011,,,,,98,,,,,,
-38.244,144.681,Temperate Southern,Estuarine,Zostera,2011,,,,,88,,,,,,
-38.244,144.681,Temperate Southern,Estuarine,Zostera,2011,,,,,87,,,,,,
-38.133,144.43,Temperate Southern,Estuarine,Zostera,2011,,,,,77,,,,,,
-38.133,144.43,Temperate Southern,Estuarine,Zostera,2011,,,,,91,,,,,,
-38.106,144.631,Temperate Southern,Estuarine,Zostera,2011,,,,,85,,,,,,
-38.106,144.631,Temperate Southern,Estuarine,Zostera,2011,,,,,84,,,,,,
-38.06,144.417,Temperate Southern,Estuarine,Zostera,2011,,,,,77,,,,,,
-38.06,144.417,Temperate Southern,Estuarine,Zostera,2011,,,,,33,,,,,,
-37.876,144.816,Temperate Southern,Estuarine,Zostera,2011,,,,,67,,,,,,
-37.876,144.816,Temperate Southern,Estuarine,Zostera,2011,,,,,54,,,,,,
-37.867,144.881,Temperate Southern,Estuarine,Zostera,2011,295,612.08,907.08,,63,,,,,,
-37.867,144.881,Temperate Southern,Estuarine,Zostera,2011,278.99,1098.61,1377.6,,67,,,,,,
-37.867,144.881,Temperate Southern,Estuarine,Zostera,2011,291.11,1244.58,1535.69,,,,,,,,
-37.867,144.881,Temperate Southern,Estuarine,Zostera,2011,246.45,858.19,1104.64,,,,,,,,
-37.867,144.881,Temperate Southern,Estuarine,Zostera,2011,188.12,932.5,1120.62,,,,,,,,
-37.867,144.881,Temperate Southern,Estuarine,Zostera,2011,267.77,2006.25,2274.02,,,,,,,,
-37.867,144.881,Temperate Southern,Estuarine,Zostera,2011,377.69,1121.81,1499.5,,,,,,,,
-37.867,144.881,Temperate Southern,Estuarine,Zostera,2011,391.63,1629.03,2020.66,,,,,,,,
-37.867,144.881,Temperate Southern,Estuarine,Zostera,2011,204.39,1128.33,1332.72,,,,,,,,
-37.867,144.881,Temperate Southern,Estuarine,Zostera,2011,290.29,840.56,1130.85,,,,,,,,
-37.867,144.881,Temperate Southern,Estuarine,Zostera,2011,558.2,1426.81,1985.01,,,,,,,,
-37.867,144.881,Temperate Southern,Estuarine,Zostera,2011,216.37,877.36,1093.73,,,,,,,,
-37.867,144.881,Temperate Southern,Estuarine,Zostera,2011,264.36,1036.67,1301.03,,,,,,,,
-37.867,144.881,Temperate Southern,Estuarine,Zostera,2011,275.06,985.56,1260.62,,,,,,,,
-38.354,144.77,Temperate Southern,Estuarine,Zostera,2012,,,,,49,,,,,,
-38.354,144.77,Temperate Southern,Estuarine,Zostera,2012,,,,,45,,,,,,
-38.354,144.77,Temperate Southern,Estuarine,Zostera,2012,,,,,33,,,,,,
-38.354,144.77,Temperate Southern,Estuarine,Zostera,2012,,,,,41,,,,,,
-38.354,144.77,Temperate Southern,Estuarine,Zostera,2012,,,,,33,,,,,,
-38.354,144.77,Temperate Southern,Estuarine,Zostera,2012,,,,,32,,,,,,
-38.354,144.77,Temperate Southern,Estuarine,Zostera,2012,,,,,18,,,,,,
-38.354,144.77,Temperate Southern,Estuarine,Zostera,2012,,,,,28,,,,,,
-38.354,144.77,Temperate Southern,Estuarine,Zostera,2012,,,,,26,,,,,,
-38.346,144.914,Temperate Southern,Estuarine,Zostera,2012,,,,,50,,,,,,
-38.346,144.914,Temperate Southern,Estuarine,Zostera,2012,,,,,72,,,,,,
-38.346,144.914,Temperate Southern,Estuarine,Zostera,2012,,,,,53,,,,,,
-38.346,144.914,Temperate Southern,Estuarine,Zostera,2012,,,,,66,,,,,,
-38.346,144.914,Temperate Southern,Estuarine,Zostera,2012,,,,,56,,,,,,
-38.346,144.914,Temperate Southern,Estuarine,Zostera,2012,,,,,24,,,,,,
-38.346,144.914,Temperate Southern,Estuarine,Zostera,2012,,,,,29,,,,,,
-38.346,144.914,Temperate Southern,Estuarine,Zostera,2012,,,,,26,,,,,,
-38.346,144.914,Temperate Southern,Estuarine,Zostera,2012,,,,,32,,,,,,
-38.286,144.616,Temperate Southern,Estuarine,Zostera,2012,,,,,33,,,,,,
-38.286,144.616,Temperate Southern,Estuarine,Zostera,2012,,,,,35,,,,,,
-38.286,144.616,Temperate Southern,Estuarine,Zostera,2012,,,,,31,,,,,,
-38.286,144.616,Temperate Southern,Estuarine,Zostera,2012,,,,,32,,,,,,
-38.286,144.616,Temperate Southern,Estuarine,Zostera,2012,,,,,36,,,,,,
-38.286,144.616,Temperate Southern,Estuarine,Zostera,2012,,,,,34,,,,,,
-38.286,144.616,Temperate Southern,Estuarine,Zostera,2012,,,,,35,,,,,,
-38.286,144.616,Temperate Southern,Estuarine,Zostera,2012,,,,,42,,,,,,
-38.286,144.616,Temperate Southern,Estuarine,Zostera,2012,,,,,5,,,,,,
-38.257,144.674,Temperate Southern,Estuarine,Zostera,2012,,,,,73,,,,,,
-38.257,144.674,Temperate Southern,Estuarine,Zostera,2012,,,,,87,,,,,,
-38.257,144.674,Temperate Southern,Estuarine,Zostera,2012,,,,,48,,,,,,
-38.257,144.674,Temperate Southern,Estuarine,Zostera,2012,,,,,68,,,,,,
-38.257,144.674,Temperate Southern,Estuarine,Zostera,2012,,,,,87,,,,,,
-38.257,144.674,Temperate Southern,Estuarine,Zostera,2012,,,,,79,,,,,,
-38.257,144.674,Temperate Southern,Estuarine,Zostera,2012,,,,,59,,,,,,
-38.257,144.674,Temperate Southern,Estuarine,Zostera,2012,,,,,41,,,,,,
-38.257,144.674,Temperate Southern,Estuarine,Zostera,2012,,,,,55,,,,,,
-38.244,144.681,Temperate Southern,Estuarine,Zostera,2012,,,,,97,,,,,,
-38.244,144.681,Temperate Southern,Estuarine,Zostera,2012,,,,,58,,,,,,
-38.244,144.681,Temperate Southern,Estuarine,Zostera,2012,,,,,25,,,,,,
-38.244,144.681,Temperate Southern,Estuarine,Zostera,2012,,,,,29,,,,,,
-38.244,144.681,Temperate Southern,Estuarine,Zostera,2012,,,,,17,,,,,,
-38.244,144.681,Temperate Southern,Estuarine,Zostera,2012,,,,,18,,,,,,
-38.244,144.681,Temperate Southern,Estuarine,Zostera,2012,,,,,25,,,,,,
-38.244,144.681,Temperate Southern,Estuarine,Zostera,2012,,,,,18,,,,,,
-38.244,144.681,Temperate Southern,Estuarine,Zostera,2012,,,,,21,,,,,,
-38.133,144.43,Temperate Southern,Estuarine,Zostera,2012,,,,,95,,,,,,
-38.133,144.43,Temperate Southern,Estuarine,Zostera,2012,,,,,90,,,,,,
-38.133,144.43,Temperate Southern,Estuarine,Zostera,2012,,,,,40,,,,,,
-38.133,144.43,Temperate Southern,Estuarine,Zostera,2012,,,,,68,,,,,,
-38.133,144.43,Temperate Southern,Estuarine,Zostera,2012,,,,,55,,,,,,
-38.133,144.43,Temperate Southern,Estuarine,Zostera,2012,,,,,25,,,,,,
-38.133,144.43,Temperate Southern,Estuarine,Zostera,2012,,,,,36,,,,,,
-38.133,144.43,Temperate Southern,Estuarine,Zostera,2012,,,,,29,,,,,,
-38.133,144.43,Temperate Southern,Estuarine,Zostera,2012,,,,,25,,,,,,
-38.106,144.631,Temperate Southern,Estuarine,Zostera,2012,,,,,88,,,,,,
-38.106,144.631,Temperate Southern,Estuarine,Zostera,2012,,,,,82,,,,,,
-38.106,144.631,Temperate Southern,Estuarine,Zostera,2012,,,,,74,,,,,,
-38.106,144.631,Temperate Southern,Estuarine,Zostera,2012,,,,,72,,,,,,
-38.106,144.631,Temperate Southern,Estuarine,Zostera,2012,,,,,65,,,,,,
-38.106,144.631,Temperate Southern,Estuarine,Zostera,2012,,,,,71,,,,,,
-38.106,144.631,Temperate Southern,Estuarine,Zostera,2012,,,,,58,,,,,,
-38.106,144.631,Temperate Southern,Estuarine,Zostera,2012,,,,,58,,,,,,
-38.106,144.631,Temperate Southern,Estuarine,Zostera,2012,,,,,35,,,,,,
-38.06,144.417,Temperate Southern,Estuarine,Zostera,2012,,,,,33,,,,,,
-38.06,144.417,Temperate Southern,Estuarine,Zostera,2012,,,,,30,,,,,,
-38.06,144.417,Temperate Southern,Estuarine,Zostera,2012,,,,,30,,,,,,
-38.06,144.417,Temperate Southern,Estuarine,Zostera,2012,,,,,18,,,,,,
-38.06,144.417,Temperate Southern,Estuarine,Zostera,2012,,,,,30,,,,,,
-38.06,144.417,Temperate Southern,Estuarine,Zostera,2012,,,,,19,,,,,,
-38.06,144.417,Temperate Southern,Estuarine,Zostera,2012,,,,,13,,,,,,
-38.06,144.417,Temperate Southern,Estuarine,Zostera,2012,,,,,41,,,,,,
-38.06,144.417,Temperate Southern,Estuarine,Zostera,2012,,,,,39,,,,,,
-37.876,144.816,Temperate Southern,Estuarine,Zostera,2012,,,,,51,,,,,,
-37.876,144.816,Temperate Southern,Estuarine,Zostera,2012,,,,,23,,,,,,
-37.876,144.816,Temperate Southern,Estuarine,Zostera,2012,,,,,45,,,,,,
-37.876,144.816,Temperate Southern,Estuarine,Zostera,2012,,,,,40,,,,,,
-37.876,144.816,Temperate Southern,Estuarine,Zostera,2012,,,,,57,,,,,,
-37.876,144.816,Temperate Southern,Estuarine,Zostera,2012,,,,,35,,,,,,
-37.876,144.816,Temperate Southern,Estuarine,Zostera,2012,,,,,38,,,,,,
-37.876,144.816,Temperate Southern,Estuarine,Zostera,2012,,,,,36,,,,,,
-37.876,144.816,Temperate Southern,Estuarine,Zostera,2012,,,,,33,,,,,,
-37.867,144.881,Temperate Southern,Estuarine,Zostera,2012,,,,,38,,,,,,
-37.867,144.881,Temperate Southern,Estuarine,Zostera,2012,,,,,41,,,,,,
-37.867,144.881,Temperate Southern,Estuarine,Zostera,2012,,,,,37,,,,,,
-37.867,144.881,Temperate Southern,Estuarine,Zostera,2012,,,,,18,,,,,,
-37.867,144.881,Temperate Southern,Estuarine,Zostera,2012,,,,,42,,,,,,
-37.867,144.881,Temperate Southern,Estuarine,Zostera,2012,,,,,24,,,,,,
-37.867,144.881,Temperate Southern,Estuarine,Zostera,2012,,,,,21,,,,,,
-37.867,144.881,Temperate Southern,Estuarine,Zostera,2012,,,,,19,,,,,,
-37.867,144.881,Temperate Southern,Estuarine,Zostera,2012,,,,,17,,,,,,
-38.354,144.77,Temperate Southern,Estuarine,Zostera,2013,,,,,22,,,,,,
-38.346,144.914,Temperate Southern,Estuarine,Zostera,2013,,,,,15,,,,,,
-38.286,144.616,Temperate Southern,Estuarine,Zostera,2013,,,,,6,,,,,,
-38.257,144.674,Temperate Southern,Estuarine,Zostera,2013,,,,,75,,,,,,
-38.244,144.681,Temperate Southern,Estuarine,Zostera,2013,,,,,11,,,,,,
-38.133,144.43,Temperate Southern,Estuarine,Zostera,2013,,,,,33,,,,,,
-38.106,144.631,Temperate Southern,Estuarine,Zostera,2013,,,,,47,,,,,,
-38.06,144.417,Temperate Southern,Estuarine,Zostera,2013,,,,,27,,,,,,
-37.876,144.816,Temperate Southern,Estuarine,Zostera,2013,,,,,20,,,,,,
-37.867,144.881,Temperate Southern,Estuarine,Zostera,2013,166.31,1141.88,1308.19,,38,,,,,,
-37.867,144.881,Temperate Southern,Estuarine,Zostera,2014,161.36,1106.93,1268.29,,,,,,,,
-37.867,144.881,Temperate Southern,Estuarine,Zostera,2015,125.61,927.8,1053.41,,,,,,,,
-37.867,144.881,Temperate Southern,Estuarine,Zostera,2011,171.37,1227.71,1399.08,,,,,,,,
-37.867,144.881,Temperate Southern,Estuarine,Zostera,2011,276.07,1729.67,2005.74,,,,,,,,
36.5,-6.167,Mediterranean,Coastal,Zostera,2015,,,,12561,,,,,,,
36.5,-6.167,Mediterranean,Coastal,Zostera,2015,,,,5172,,,,,,,
40.133,-8.833,Mediterranean,Estuarine,Zostera,2015,,,,6573,,,,,,,
40.133,-8.833,Mediterranean,Estuarine,Zostera,2015,,,,6420,,,,,,,
40.133,-8.833,Mediterranean,Estuarine,Zostera,2015,,,,7108,,,,,,,
40.133,-8.833,Mediterranean,Estuarine,Zostera,2015,,,,12739,,,,,,,
43.35,-1.133,Mediterranean,Estuarine,Zostera,2015,,,,5580,,,,,,,
43.35,-1.133,Mediterranean,Estuarine,Zostera,2015,,,,4892,,,,,,,
43.417,-1.767,Mediterranean,Coastal,Zostera,2015,,,,1580,,,,,,,
43.417,-1.767,Mediterranean,Coastal,Zostera,2015,,,,2191,,,,,,,
44.673,-1.075,Mediterranean,Estuarine,Zostera,2015,,,,9146,,,,,,,
44.673,-1.075,Mediterranean,Estuarine,Zostera,2015,,,,9045,,,,,,,
44.682,-1.11,Mediterranean,Estuarine,Zostera,2015,,,,10904,,,,,,,
44.682,-1.11,Mediterranean,Estuarine,Zostera,2015,,,,9197,,,,,,,
47.004,-2.199,Mediterranean,Coastal,Zostera,2015,,,,6548,,,,,,,
47.005,-2.191,Mediterranean,Coastal,Zostera,2015,,,,5478,,,,,,,
48.592,-2.202,Mediterranean,Estuarine,Zostera,2015,,,,2752,,,,,,,
48.592,-2.202,Mediterranean,Estuarine,Zostera,2015,,,,2038,,,,,,,
51.39,3.756,Temperate North Atlantic,Estuarine,Zostera,2015,,,,6115,,,,,,,
51.39,3.756,Temperate North Atlantic,Estuarine,Zostera,2015,,,,5427,,,,,,,
51.466,4.123,Temperate North Atlantic,Estuarine,Zostera,2015,,,,10318,,,,,,,
51.466,4.123,Temperate North Atlantic,Estuarine,Zostera,2015,,,,7389,,,,,,,
54.918,8.398,Temperate North Atlantic,Estuarine,Zostera,2015,,,,6064,,,,,,,
54.918,8.398,Temperate North Atlantic,Estuarine,Zostera,2015,,,,9809,,,,,,,
-5.047,119.331,Tropical Indo Pacific,Coastal,Thalassia,1993,100.71,310.79,411.5,1848.6,,,,,,,
-5.047,119.331,Tropical Indo Pacific,Coastal,Thalassia,1993,69.91,277.72,347.64,1218.32,,,,,,,
-5.047,119.331,Tropical Indo Pacific,Coastal,Thalassia,1993,46.95,252.69,299.65,1069.16,,,,,,,
-5.047,119.331,Tropical Indo Pacific,Coastal,Thalassia,1993,41.89,216.25,258.14,1131.12,,,,,,,
-5.047,119.331,Tropical Indo Pacific,Coastal,Thalassia,1993,46.73,221.23,267.96,885.51,,,,,,,
-5.047,119.331,Tropical Indo Pacific,Coastal,Thalassia,1993,28.74,186.44,215.18,683.36,,,,,,,
-5.047,119.331,Tropical Indo Pacific,Coastal,Thalassia,1993,48.11,169.8,217.91,749.53,,,,,,,
-5.047,119.331,Tropical Indo Pacific,Coastal,Thalassia,1994,69.32,204.93,274.25,771.4,,,,,,,
-5.047,119.331,Tropical Indo Pacific,Coastal,Thalassia,1994,87.44,218.56,306.01,994.02,,,,,,,
-5.047,119.331,Tropical Indo Pacific,Coastal,Thalassia,1994,92.63,252.83,345.46,1506.54,,,,,,,
-5.047,119.331,Tropical Indo Pacific,Coastal,Thalassia,1994,89.93,286.74,376.66,1055.7,,,,,,,
25.198,-80.792,Tropical Atlantic,Estuarine,Ruppia,2014,,,,3232,,,,,,,
-26.202,113.466,Tropical Indo Pacific,Coastal,Posidonia,2011,,,,286.22,,,,,,,
-26.202,113.466,Tropical Indo Pacific,Coastal,Posidonia,2014,,,,200.74,,,,,,,
9.267,79.167,Tropical Indo Pacific,Coastal,Cymodocea,2009,20.81,,,24.88,5,,,,,,
9.267,79.167,Tropical Indo Pacific,Coastal,Cymodocea,2009,50.39,,,79.4,38,,,,,,
9.267,79.167,Tropical Indo Pacific,Coastal,Cymodocea,2009,34.6,,,51.49,31,,,,,,
9.267,79.167,Tropical Indo Pacific,Coastal,Enhalus,2009,81.73,,,13.2,7,,,,,,
9.267,79.167,Tropical Indo Pacific,Coastal,Enhalus,2009,52.9,,,8.01,3,,,,,,
9.267,79.167,Tropical Indo Pacific,Coastal,Halodule,2009,13.29,,,36.13,4,,,,,,
9.267,79.167,Tropical Indo Pacific,Coastal,Halodule,2009,5.01,,,11.47,4,,,,,,
9.267,79.167,Tropical Indo Pacific,Coastal,Halodule,2009,7.27,,,21.2,5,,,,,,
9.267,79.167,Tropical Indo Pacific,Coastal,Halodule,2009,3.01,,,18.17,3,,,,,,
9.267,79.167,Tropical Indo Pacific,Coastal,Halodule,2009,2.76,,,10.39,6,,,,,,
9.267,79.167,Tropical Indo Pacific,Coastal,Halophila,2009,2.51,,,17.74,3,,,,,,
9.267,79.167,Tropical Indo Pacific,Coastal,Halophila,2009,2.26,,,12.12,4,,,,,,
9.267,79.167,Tropical Indo Pacific,Coastal,Halophila,2009,3.51,,,21.42,2,,,,,,
9.267,79.167,Tropical Indo Pacific,Coastal,Halophila,2009,2.26,,,11.47,5,,,,,,
9.267,79.167,Tropical Indo Pacific,Coastal,Halophila,2009,5.01,,,29.42,4,,,,,,
9.267,79.167,Tropical Indo Pacific,Coastal,Halophila,2009,3.26,,,16.44,10,,,,,,
9.267,79.167,Tropical Indo Pacific,Coastal,Halophila,2009,6.02,,,32.02,5,,,,,,
9.267,79.167,Tropical Indo Pacific,Coastal,Halophila,2009,2.76,,,13.41,12,,,,,,
9.267,79.167,Tropical Indo Pacific,Coastal,Halophila,2009,5.01,,,25.96,2,,,,,,
9.267,79.167,Tropical Indo Pacific,Coastal,Halophila,2009,1.5,,,14.28,7,,,,,,
9.267,79.167,Tropical Indo Pacific,Coastal,Syringodium,2009,17.3,,,34.83,11,,,,,,
9.267,79.167,Tropical Indo Pacific,Coastal,Syringodium,2009,6.52,,,13.2,7,,,,,,
9.267,79.167,Tropical Indo Pacific,Coastal,Thalassia,2009,32.34,,,40.46,13,,,,,,
9.267,79.167,Tropical Indo Pacific,Coastal,Thalassia,2009,11.78,,,14.71,8,,,,,,
34.776,128.596,Temperate North Pacific,Coastal,Zostera,2015,124.35,,,5988.8,,,,,,,
34.776,128.596,Temperate North Pacific,Coastal,Zostera,2015,200.87,,,3977.7,,,,,,,
34.776,128.596,Temperate North Pacific,Coastal,Zostera,2015,176.52,,,3217.9,,,,,,,
34.776,128.596,Temperate North Pacific,Coastal,Zostera,2015,132.17,,,3865.9,,,,,,,
34.776,128.596,Temperate North Pacific,Coastal,Zostera,2015,197.39,,,3955.3,,,,,,,
34.776,128.596,Temperate North Pacific,Coastal,Zostera,2015,132.17,,,2815.6,,,,,,,
34.776,128.596,Temperate North Pacific,Coastal,Zostera,2015,78.26,,,2346.4,,,,,,,
34.776,128.596,Temperate North Pacific,Coastal,Zostera,2015,80,,,2189.9,,,,,,,
34.776,128.596,Temperate North Pacific,Coastal,Zostera,2015,76.52,,,4446.9,,,,,,,
34.776,128.596,Temperate North Pacific,Coastal,Zostera,2015,63.48,,,3664.8,,,,,,,
34.776,128.596,Temperate North Pacific,Coastal,Zostera,2015,66.09,,,4134.1,,,,,,,
34.776,128.596,Temperate North Pacific,Coastal,Zostera,2015,87.83,,,3888.3,,,,,,,
34.776,128.596,Temperate North Pacific,Coastal,Zostera,2015,140.87,,,4268.2,,,,,,,
34.776,128.596,Temperate North Pacific,Coastal,Zostera,2015,107.83,,,2815.6,,,,,,,
34.776,128.596,Temperate North Pacific,Coastal,Zostera,2015,54.78,,,2770.9,,,,,,,
34.776,128.596,Temperate North Pacific,Coastal,Zostera,2015,66.09,,,2525.1,,,,,,,
34.776,128.596,Temperate North Pacific,Coastal,Zostera,2016,88.7,,,2011.2,,,,,,,
34.776,128.596,Temperate North Pacific,Coastal,Zostera,2016,77.39,,,1944.1,,,,,,,
34.776,128.596,Temperate North Pacific,Coastal,Zostera,2016,126.09,,,3374.3,,,,,,,
34.776,128.596,Temperate North Pacific,Coastal,Zostera,2016,166.09,,,4849.2,,,,,,,
34.776,128.596,Temperate North Pacific,Coastal,Zostera,2016,169.57,,,4916.2,,,,,,,
34.776,128.596,Temperate North Pacific,Coastal,Zostera,2016,203.48,,,5497.2,,,,,,,
34.776,128.596,Temperate North Pacific,Coastal,Zostera,2016,203.48,,,4044.7,,,,,,,
34.776,128.596,Temperate North Pacific,Coastal,Zostera,2016,192.17,,,3575.4,,,,,,,
34.776,128.596,Temperate North Pacific,Coastal,Zostera,2016,149.57,,,3933,,,,,,,
34.776,128.596,Temperate North Pacific,Coastal,Zostera,2016,161.74,,,3575.4,,,,,,,
34.776,128.596,Temperate North Pacific,Coastal,Zostera,2016,123.48,,,2770.9,,,,,,,
34.776,128.596,Temperate North Pacific,Coastal,Zostera,2016,63.48,,,2726.3,,,,,,,
34.776,128.596,Temperate North Pacific,Coastal,Zostera,2016,47.83,,,1653.6,,,,,,,
34.776,128.596,Temperate North Pacific,Coastal,Zostera,2016,71.3,,,2055.9,,,,,,,
34.776,128.596,Temperate North Pacific,Coastal,Zostera,2016,63.48,,,1966.5,,,,,,,
34.776,128.596,Temperate North Pacific,Coastal,Zostera,2016,73.91,,,2882.7,,,,,,,
34.776,128.596,Temperate North Pacific,Coastal,Zostera,2016,111.3,,,3419,,,,,,,
34.776,128.596,Temperate North Pacific,Coastal,Zostera,2016,103.48,,,3307.3,,,,,,,
34.776,128.596,Temperate North Pacific,Coastal,Zostera,2016,129.57,,,3016.8,,,,,,,
34.776,128.596,Temperate North Pacific,Coastal,Zostera,2016,54.78,,,2592.2,,,,,,,
34.776,128.596,Temperate North Pacific,Coastal,Zostera,2016,90.43,,,2614.5,,,,,,,
34.776,128.596,Temperate North Pacific,Coastal,Zostera,2016,53.04,,,2458.1,,,,,,,
39.262,3.052,Mediterranean,Coastal,Posidonia,2004,,,,690.61,,,,,,,
39.504,2.543,Mediterranean,Coastal,Posidonia,2004,,,,300.96,,,,,,,
39.504,2.543,Mediterranean,Coastal,Posidonia,2005,,,,338.43,,,,,,,
39.262,3.052,Mediterranean,Coastal,Posidonia,2006,,,,719.91,,,,,,,
39.504,2.543,Mediterranean,Coastal,Posidonia,2006,,,,490.75,,,,,,,
39.262,3.052,Mediterranean,Coastal,Posidonia,2007,,,,999.52,,,,,,,
39.504,2.543,Mediterranean,Coastal,Posidonia,2007,,,,668.68,,,,,,,
39.262,3.052,Mediterranean,Coastal,Posidonia,2008,,,,920.29,,,,,,,
39.504,2.543,Mediterranean,Coastal,Posidonia,2008,,,,665,,,,,,,
16.398339,119.88056,Tropical Indo Pacific,Coastal,Enhalus,1995,53.7,,,,,,,,,,
16.398339,119.88056,Tropical Indo Pacific,Coastal,Thalassia,1995,93.9,,,,,,,,,,
16.398339,119.88056,Tropical Indo Pacific,Coastal,Cymodocea,1995,31.7,,,,,,,,,,
16.398339,119.88056,Tropical Indo Pacific,Coastal,Cymodocea,1995,48.3,,,,,,,,,,
16.398339,119.88056,Tropical Indo Pacific,Coastal,Syringodium,1995,33,,,,,,,,,,
16.398339,119.88056,Tropical Indo Pacific,Coastal,Halodule,1995,29.4,,,,,,,,,,
16.398339,119.88056,Tropical Indo Pacific,Coastal,Halophila,1995,3.1,,,,,,,,,,
13.491233,120.971599,Tropical Indo Pacific,Coastal,Enhalus,1995,3.6,,,,,,,,,,
13.491233,120.971599,Tropical Indo Pacific,Coastal,Thalassia,1995,50.5,,,,,,,,,,
13.491233,120.971599,Tropical Indo Pacific,Coastal,Cymodocea,1995,4.3,,,,,,,,,,
13.491233,120.971599,Tropical Indo Pacific,Coastal,Cymodocea,1995,14.4,,,,,,,,,,
13.491233,120.971599,Tropical Indo Pacific,Coastal,Syringodium,1995,,,,,,,,,,,
13.491233,120.971599,Tropical Indo Pacific,Coastal,Halodule,1995,4.9,,,,,,,,,,
13.491233,120.971599,Tropical Indo Pacific,Coastal,Halophila,1995,3.9,,,,,,,,,,
11.134501,119.378531,Tropical Indo Pacific,Coastal,Enhalus,1995,13.9,,,,,,,,,,
11.134501,119.378531,Tropical Indo Pacific,Coastal,Thalassia,1995,14.6,,,,,,,,,,
11.134501,119.378531,Tropical Indo Pacific,Coastal,Cymodocea,1995,5.7,,,,,,,,,,
11.134501,119.378531,Tropical Indo Pacific,Coastal,Cymodocea,1995,9.4,,,,,,,,,,
11.134501,119.378531,Tropical Indo Pacific,Coastal,Syringodium,1995,1.5,,,,,,,,,,
11.134501,119.378531,Tropical Indo Pacific,Coastal,Halodule,1995,4.2,,,,,,,,,,
11.134501,119.378531,Tropical Indo Pacific,Coastal,Halophila,1995,0.6,,,,,,,,,,
7.270522,99.403816,Tropical Indo Pacific,Coastal,Enhalus,1995,4.9,,,,,,,,,,
7.270522,99.403816,Tropical Indo Pacific,Coastal,Thalassia,1995,3.4,,,,,,,,,,
7.270522,99.403816,Tropical Indo Pacific,Coastal,Cymodocea,1995,0.3,,,,,,,,,,
7.270522,99.403816,Tropical Indo Pacific,Coastal,Cymodocea,1995,0.2,,,,,,,,,,
7.270522,99.403816,Tropical Indo Pacific,Coastal,Syringodium,1995,2.4,,,,,,,,,,
7.270522,99.403816,Tropical Indo Pacific,Coastal,Halodule,1995,0.7,,,,,,,,,,
7.270522,99.403816,Tropical Indo Pacific,Coastal,Halophila,1995,10.3,,,,,,,,,,
17.62,119.66,Tropical Indo Pacific,Coastal,Enhalus,,,,,12.58,,,,,,,
17.62,119.66,Tropical Indo Pacific,Coastal,Thalassia,,,,,195.54,,,,,,,
17.62,119.66,Tropical Indo Pacific,Coastal,Cymodocea,,,,,23.79,,,,,,,
17.62,119.66,Tropical Indo Pacific,Coastal,Cymodocea,,,,,24.19,,,,,,,
17.62,119.66,Tropical Indo Pacific,Coastal,Halodule,,,,,196.54,,,,,,,
17.62,119.66,Tropical Indo Pacific,Coastal,Syringodium,,,,,249.7,,,,,,,
41.662,2.798,Mediterranean,Coastal,Cymodocea,,,,,480.81,,,,,,,
41.787117,3.053433,Mediterranean,Coastal,Cymodocea,2002,,,237.74,617,,,,,0.79,,0.329
41.787117,3.053433,Mediterranean,Coastal,Cymodocea,2002,,,150.94,583,,,,,0.5,,0.26
9.733,79.018,Tropical Indo Pacific,Coastal,Cymodocea,2013,,,1112,,,,,,,,
9.738,79.02,Tropical Indo Pacific,Coastal,Cymodocea,2013,,,1283,,,,,,,,
10.047,79.255,Tropical Indo Pacific,Coastal,Cymodocea,2013,,,434,,,,,,,,
10.156,79.241,Tropical Indo Pacific,Coastal,Cymodocea,2013,,,1710,,,,,,,,
10.263,79.312,Tropical Indo Pacific,Coastal,Cymodocea,2013,,,1272,,,,,,,,
10.129,79.248,Tropical Indo Pacific,Coastal,Enhalus,2013,,,952,,,,,,,,
10.131,79.24,Tropical Indo Pacific,Coastal,Enhalus,2013,,,914,,,,,,,,
10.156,79.241,Tropical Indo Pacific,Coastal,Enhalus,2013,,,1577,,,,,,,,
10.047,79.255,Tropical Indo Pacific,Coastal,Halodule,2013,,,662,,,,,,,,
10.129,79.248,Tropical Indo Pacific,Coastal,Halodule,2013,,,518,,,,,,,,
10.131,79.24,Tropical Indo Pacific,Coastal,Halodule,2013,,,476,,,,,,,,
10.156,79.241,Tropical Indo Pacific,Coastal,Halodule,2013,,,464,,,,,,,,
10.263,79.312,Tropical Indo Pacific,Coastal,Halodule,2013,,,628,,,,,,,,
9.733,79.018,Tropical Indo Pacific,Coastal,Halophila,2013,,,228,,,,,,,,
9.738,79.02,Tropical Indo Pacific,Coastal,Halophila,2013,,,281,,,,,,,,
10.263,79.312,Tropical Indo Pacific,Coastal,Halophila,2013,,,238,,,,,,,,
9.733,79.018,Tropical Indo Pacific,Coastal,Syringodium,2013,,,1062,,,,,,,,
9.738,79.02,Tropical Indo Pacific,Coastal,Syringodium,2013,,,1036,,,,,,,,
10.129,79.248,Tropical Indo Pacific,Coastal,Syringodium,2013,,,910,,,,,,,,
10.131,79.24,Tropical Indo Pacific,Coastal,Syringodium,2013,,,952,,,,,,,,
10.129,79.248,Tropical Indo Pacific,Coastal,Thalassia,2013,,,933,,,,,,,,
10.131,79.24,Tropical Indo Pacific,Coastal,Thalassia,2013,,,963,,,,,,,,
15.928,108.528,Tropical Indo Pacific,Coastal,Cymodocea,2018,1.2,4.1,5.3,437.3,,,,,,,
16.315,-86.543,Tropical Atlantic,Coastal,Thalassia,1990,42.1,,,110.5,33.5,,,,,,
16.315,-86.543,Tropical Atlantic,Coastal,Thalassia,1990,40.9,,,96.36,29.2,,,,,,
16.793,-87.775,Tropical Atlantic,Coastal,Thalassia,1990,37.2,,,44.55,13.5,,,,,,
16.793,-87.775,Tropical Atlantic,Coastal,Thalassia,1990,22.5,,,31.35,9.5,,,,,,
16.802,-88.083,Tropical Atlantic,Coastal,Thalassia,1990,27.86,,,120.12,36.4,,0.665,,,,
16.802,-88.083,Tropical Atlantic,Coastal,Thalassia,1990,22.26,,,77.22,23.4,,0.498,,,,
16.828,-88.104,Tropical Atlantic,Coastal,Thalassia,1990,49.21,,,64.68,19.6,,1.327,,,,
16.828,-88.104,Tropical Atlantic,Coastal,Thalassia,1990,31.81,,,43.56,13.2,,0.901,,,,
26.592,-77.008,Tropical Atlantic,Coastal,Thalassia,1990,17.3,,,34.66,10.5,,,,,,
26.592,-77.008,Tropical Atlantic,Coastal,Thalassia,1990,48.6,,,74.58,22.6,,,,,,
20.499,-87.017,Tropical Atlantic,Coastal,Thalassia,1990,150,,,253.44,76.8,,,,,,
20.499,-87.017,Tropical Atlantic,Coastal,Thalassia,1990,20.5,,,53.13,16.1,,,,,,
24.651,-81.35,Tropical Atlantic,Coastal,Thalassia,1990,27.57,,,41.25,12.5,,0.306,,,,
24.651,-81.35,Tropical Atlantic,Coastal,Thalassia,1990,69.18,,,65.67,19.9,,1.083,,,,
24.771,-81.407,Tropical Atlantic,Coastal,Thalassia,1990,40.37,,,71.28,21.6,,0.768,,,,
24.771,-81.407,Tropical Atlantic,Coastal,Thalassia,1990,50,,,48.51,14.7,,1.372,,,,
24.851,-80.617,Tropical Atlantic,Coastal,Thalassia,1990,105.8,,,69.63,21.1,,,,,,
-37.183333,175.866667,Temperate Southern,Estuarine,Zostera,2000,51.6,164.62,216.22,3368.4,,,,,,,
-37.183333,175.866667,Temperate Southern,Estuarine,Zostera,2000,46.68,120.39,167.08,2778.9,,,,,,,
-37.183333,175.866667,Temperate Southern,Estuarine,Zostera,2001,49.14,167.08,216.22,4266.7,,,,,,,
-37.183333,175.866667,Temperate Southern,Estuarine,Zostera,2001,54.05,132.68,186.73,2947.4,,,,,,,
-37.114287,175.883891,Temperate Southern,Estuarine,Zostera,2000,63.88,260.44,324.32,3228.1,,,,,,,
-37.114287,175.883891,Temperate Southern,Estuarine,Zostera,2000,46.68,223.59,270.27,2077.2,,,,,,,
-37.114287,175.883891,Temperate Southern,Estuarine,Zostera,2001,68.8,255.53,324.32,3593,,,,,,,
-37.114287,175.883891,Temperate Southern,Estuarine,Zostera,2001,164.62,309.58,474.2,2357.9,,,,,,,
-36.73779,175.633697,Temperate Southern,Estuarine,Zostera,2000,98.28,641.28,739.56,3957.9,,,,,,,
-36.73779,175.633697,Temperate Southern,Estuarine,Zostera,2000,44.23,481.57,525.8,2077.2,,,,,,,
-36.73779,175.633697,Temperate Southern,Estuarine,Zostera,2001,86,665.85,751.84,3171.9,,,,,,,
-36.73779,175.633697,Temperate Southern,Estuarine,Zostera,2001,122.85,589.68,712.53,3059.6,,,,,,,
-36.741506,175.651541,Temperate Southern,Estuarine,Zostera,2000,78.62,292.38,371.01,2470.2,,,,,,,
-36.741506,175.651541,Temperate Southern,Estuarine,Zostera,2000,36.86,162.16,199.02,1656.1,,,,,,,
-36.741506,175.651541,Temperate Southern,Estuarine,Zostera,2001,71.25,329.24,400.49,2919.3,,,,,,,
-36.741506,175.651541,Temperate Southern,Estuarine,Zostera,2001,63.88,267.81,331.7,2722.8,,,,,,,
27.788,-15.491,Mediterranean,Coastal,Cymodocea,2017,,,,787,,,,,,,
27.852,-15.395,Mediterranean,Coastal,Cymodocea,2017,,,,424,,,,,,,
27.852,-15.395,Mediterranean,Coastal,Cymodocea,2017,,,,650,,,,,,,
27.925,-15.381,Mediterranean,Coastal,Cymodocea,2017,,,,654,,,,,,,
38.167,-0.512,Mediterranean,Coastal,Cymodocea,2017,,,,1295,,,,,,,
38.35,-0.447,Mediterranean,Coastal,Cymodocea,2017,,,,1005,,,,,,,
39.837,3.168,Mediterranean,Coastal,Cymodocea,2017,,,,1183,,,,,,,
39.86,3.11,Mediterranean,Coastal,Cymodocea,2017,,,,756,,,,,,,
39.927,3.14,Mediterranean,Coastal,Cymodocea,2017,,,,810,,,,,,,
-16.7605,145.972,Tropical Indo Pacific,Coastal,Halodule,1994,35,177,212,4450,,,,1.29,,,2
-16.7605,145.972,Tropical Indo Pacific,Coastal,Syringodium,1994,34,41,75,2905,,,,,,,0.3
-4.049416,39.709933,Tropical Indo Pacific,Coastal,Thalassodendron,2001,,,,801.19,,,,,,,
-4.049416,39.709933,Tropical Indo Pacific,Coastal,Thalassodendron,2001,,,,682.49,,,,,,,
-4.049416,39.709933,Tropical Indo Pacific,Coastal,Thalassodendron,2001,,,,670.62,,,,,,,
-4.049416,39.709933,Tropical Indo Pacific,Coastal,Thalassodendron,2001,,,,694.36,,,,,,,
-4.049416,39.709933,Tropical Indo Pacific,Coastal,Thalassodendron,2001,,,,694.36,,,,,,,
-4.049416,39.709933,Tropical Indo Pacific,Coastal,Thalassodendron,2001,,,,362.02,,,,,,,
-4.049416,39.709933,Tropical Indo Pacific,Coastal,Thalassia,2001,,,,302.67,,,,,,,
-4.049416,39.709933,Tropical Indo Pacific,Coastal,Thalassia,2001,,,,385.76,,,,,,,
-4.049416,39.709933,Tropical Indo Pacific,Coastal,Thalassia,2001,,,,1246.29,,,,,,,
-4.049416,39.709933,Tropical Indo Pacific,Coastal,Thalassia,2001,,,,658.75,,,,,,,
-4.049416,39.709933,Tropical Indo Pacific,Coastal,Thalassia,2001,,,,599.41,,,,,,,
-4.049416,39.709933,Tropical Indo Pacific,Coastal,Thalassia,2001,,,,599.41,,,,,,,
-4.049416,39.709933,Tropical Indo Pacific,Coastal,Cymodocea,2001,,,,1115.73,,,,,,,
-4.049416,39.709933,Tropical Indo Pacific,Coastal,Cymodocea,2001,,,,878.34,,,,,,,
-4.049416,39.709933,Tropical Indo Pacific,Coastal,Cymodocea,2001,,,,1406.53,,,,,,,
-4.049416,39.709933,Tropical Indo Pacific,Coastal,Cymodocea,2001,,,,1649.85,,,,,,,
-4.049416,39.709933,Tropical Indo Pacific,Coastal,Cymodocea,2001,,,,997.03,,,,,,,
-4.049416,39.709933,Tropical Indo Pacific,Coastal,Cymodocea,2001,,,,1186.94,,,,,,,
-3.836348,39.825139,Tropical Indo Pacific,Coastal,Thalassodendron,2001,,,,438.08,,,,,,,
-3.836348,39.825139,Tropical Indo Pacific,Coastal,Thalassodendron,2001,,,,426.4,,,,,,,
-3.836348,39.825139,Tropical Indo Pacific,Coastal,Thalassodendron,2001,,,,537.38,,,,,,,
-3.836348,39.825139,Tropical Indo Pacific,Coastal,Thalassodendron,2001,,,,864.49,,,,,,,
-3.836348,39.825139,Tropical Indo Pacific,Coastal,Thalassodendron,2001,,,,537.38,,,,,,,
-3.836348,39.825139,Tropical Indo Pacific,Coastal,Thalassia,2001,,,,338.79,,,,,,,
-3.836348,39.825139,Tropical Indo Pacific,Coastal,Thalassia,2001,,,,776.87,,,,,,,
-3.836348,39.825139,Tropical Indo Pacific,Coastal,Thalassia,2001,,,,1057.24,,,,,,,
-3.836348,39.825139,Tropical Indo Pacific,Coastal,Thalassia,2001,,,,724.3,,,,,,,
-3.836348,39.825139,Tropical Indo Pacific,Coastal,Thalassia,2001,,,,636.68,,,,,,,
-3.836348,39.825139,Tropical Indo Pacific,Coastal,Cymodocea,2001,,,,987.15,,,,,,,
-3.836348,39.825139,Tropical Indo Pacific,Coastal,Cymodocea,2001,,,,1880.84,,,,,,,
-3.836348,39.825139,Tropical Indo Pacific,Coastal,Cymodocea,2001,,,,1261.68,,,,,,,
-3.836348,39.825139,Tropical Indo Pacific,Coastal,Cymodocea,2001,,,,1255.84,,,,,,,
-3.836348,39.825139,Tropical Indo Pacific,Coastal,Cymodocea,2001,,,,531.54,,,,,,,
-4.049416,39.709933,Tropical Indo Pacific,Coastal,Thalassodendron,2001,176.7,,,,,,,,3.7,,
-4.049416,39.709933,Tropical Indo Pacific,Coastal,Thalassodendron,2001,154.8,,,,,,,,3.1,,
-3.836348,39.825139,Tropical Indo Pacific,Coastal,Thalassodendron,2001,119.4,,,,,,,,2.9,,
-3.836348,39.825139,Tropical Indo Pacific,Coastal,Thalassodendron,2001,84.2,,,,,,,,1.8,,
-4.049416,39.709933,Tropical Indo Pacific,Coastal,Thalassia,2001,109.3,,,,,,,,5.5,,
-4.049416,39.709933,Tropical Indo Pacific,Coastal,Thalassia,2001,139.2,,,,,,,,5.3,,
-3.836348,39.825139,Tropical Indo Pacific,Coastal,Thalassia,2001,64.5,,,,,,,,2.4,,
-3.836348,39.825139,Tropical Indo Pacific,Coastal,Thalassia,2001,59.9,,,,,,,,3.3,,
-4.049416,39.709933,Tropical Indo Pacific,Coastal,Cymodocea,2001,50.8,,,,,,,,2.1,,
-4.049416,39.709933,Tropical Indo Pacific,Coastal,Cymodocea,2001,50.7,,,,,,,,2.3,,
-3.836348,39.825139,Tropical Indo Pacific,Coastal,Cymodocea,2001,40.5,,,,,,,,2,,
-3.836348,39.825139,Tropical Indo Pacific,Coastal,Cymodocea,2001,36.2,,,,,,,,1.9,,
-4.049416,39.709933,Tropical Indo Pacific,Coastal,Thalassodendron,2002,,,,504.45,,,,,,,
-4.049416,39.709933,Tropical Indo Pacific,Coastal,Thalassodendron,2002,,,,670.62,,,,,,,
-4.049416,39.709933,Tropical Indo Pacific,Coastal,Thalassia,2002,,,,759.64,,,,,,,
-4.049416,39.709933,Tropical Indo Pacific,Coastal,Thalassia,2002,,,,724.04,,,,,,,
-4.049416,39.709933,Tropical Indo Pacific,Coastal,Cymodocea,2002,,,,1376.85,,,,,,,
-4.049416,39.709933,Tropical Indo Pacific,Coastal,Cymodocea,2002,,,,1489.61,,,,,,,
-3.836348,39.825139,Tropical Indo Pacific,Coastal,Thalassodendron,2002,,,,385.51,,,,,,,
-3.836348,39.825139,Tropical Indo Pacific,Coastal,Thalassodendron,2002,,,,414.72,,,,,,,
-3.836348,39.825139,Tropical Indo Pacific,Coastal,Thalassia,2002,,,,829.44,,,,,,,
-3.836348,39.825139,Tropical Indo Pacific,Coastal,Thalassia,2002,,,,806.07,,,,,,,
-3.836348,39.825139,Tropical Indo Pacific,Coastal,Cymodocea,2002,,,,1577.1,,,,,,,
-3.836348,39.825139,Tropical Indo Pacific,Coastal,Cymodocea,2002,,,,1495.33,,,,,,,
-5.460409,123.759867,Tropical Indo Pacific,Coastal,Enhalus,2005,,,260.2,,,,,,,,2.83
-5.460409,123.759867,Tropical Indo Pacific,Coastal,Enhalus,2005,,,52.4,,,,,,,,0.91
-5.460409,123.759867,Tropical Indo Pacific,Coastal,Enhalus,2005,,,1.5,,,,,,,,0.05
-5.460409,123.759867,Tropical Indo Pacific,Coastal,Thalassia,2005,,,178.2,,,,,,,,18.49
-5.460409,123.759867,Tropical Indo Pacific,Coastal,Thalassia,2005,,,28.8,,,,,,,,4.57
-5.460409,123.759867,Tropical Indo Pacific,Coastal,Thalassia,2005,,,19.3,,,,,,,,4.7
-12.666,141.838,Tropical Indo Pacific,Estuarine,Enhalus,2000,,,33.06,,,,,,,,
-12.666,141.838,Tropical Indo Pacific,Estuarine,Enhalus,2001,,,28.56,,,,,,,,
-12.666,141.838,Tropical Indo Pacific,Estuarine,Enhalus,2002,,,20.94,,,,,,,,
-12.666,141.838,Tropical Indo Pacific,Estuarine,Enhalus,2003,,,10.94,,,,,,,,
-12.666,141.838,Tropical Indo Pacific,Estuarine,Enhalus,2004,,,8.19,,,,,,,,
-12.666,141.838,Tropical Indo Pacific,Estuarine,Enhalus,2005,,,3.31,,,,,,,,
-12.666,141.838,Tropical Indo Pacific,Estuarine,Enhalus,2006,,,2.56,,,,,,,,
-12.666,141.838,Tropical Indo Pacific,Estuarine,Enhalus,2007,,,5.75,,,,,,,,
-12.666,141.838,Tropical Indo Pacific,Estuarine,Enhalus,2008,,,0.69,,,,,,,,
-12.666,141.838,Tropical Indo Pacific,Estuarine,Enhalus,2009,,,2.56,,,,,,,,
-12.666,141.838,Tropical Indo Pacific,Estuarine,Enhalus,2010,,,12.5,,,,,,,,
36.507,-4.638,Mediterranean,Coastal,Posidonia,2009,,,,850.7,,,,,,,
36.487,-4.701,Mediterranean,Coastal,Posidonia,2010,,,,853.9,,,,,,,
29.777,-85.351,Tropical Atlantic,Coastal,Thalassia,1988,533.1,,,,,,,,,,
29.777,-85.351,Tropical Atlantic,Coastal,Thalassia,1988,514.4,,,,,,,,,,
29.777,-85.351,Tropical Atlantic,Coastal,Thalassia,1988,495.6,,,,,,,,,,
29.777,-85.351,Tropical Atlantic,Coastal,Thalassia,1988,463.3,,,,,,,,,,
29.777,-85.351,Tropical Atlantic,Coastal,Thalassia,1989,250.9,,,,,,,,,,
29.777,-85.351,Tropical Atlantic,Coastal,Thalassia,1989,244.9,,,,,,,,,,
29.777,-85.351,Tropical Atlantic,Coastal,Thalassia,1989,240,,,,,,,,,,
29.777,-85.351,Tropical Atlantic,Coastal,Thalassia,1989,216.4,,,,,,,,,,
29.777,-85.351,Tropical Atlantic,Coastal,Thalassia,1989,210.1,,,,,,,,,,
29.777,-85.351,Tropical Atlantic,Coastal,Thalassia,1989,151.2,,,,,,,,,,
29.777,-85.351,Tropical Atlantic,Coastal,Thalassia,1989,141.6,,,,,,,,,,
29.777,-85.351,Tropical Atlantic,Coastal,Thalassia,1989,128.5,,,,,,,,,,
29.777,-85.351,Tropical Atlantic,Coastal,Thalassia,1989,123.8,,,,,,,,,,
29.777,-85.351,Tropical Atlantic,Coastal,Thalassia,1989,111.6,,,,,,,,,,
29.773,-85.3916,Tropical Atlantic,Coastal,Thalassia,1992,,,,630,,,,,,,
29.773,-85.3916,Tropical Atlantic,Coastal,Thalassia,1992,,,,700,,,,,,,
29.773,-85.3916,Tropical Atlantic,Coastal,Thalassia,1992,,,,650,,,,,,,
29.773,-85.3916,Tropical Atlantic,Coastal,Thalassia,1992,,,,810,,,,,,,
25.105,-80.47,Tropical Atlantic,Coastal,Thalassia,2018,,15.09,,,,,0.59,,,,
25.105,-80.45,Tropical Atlantic,Coastal,Thalassia,2018,,65.11,,,,,0.41,,,,
44.588,-1.236,Mediterranean,Coastal,Cymodocea,1988,71.14,147.27,218.41,576,45,,,,,,
44.588,-1.236,Mediterranean,Coastal,Cymodocea,1988,68.14,90.89,159.03,432,45,,,,,,
44.588,-1.236,Mediterranean,Coastal,Cymodocea,1988,41.35,47.09,88.44,328,20,,,,,,
44.588,-1.236,Mediterranean,Coastal,Cymodocea,1988,47.82,101.77,101.77,328,40,,,,,,
44.588,-1.236,Mediterranean,Coastal,Zostera,1988,71.6,141.35,212.95,7120,85,,,,,,
44.588,-1.236,Mediterranean,Coastal,Zostera,1988,65.2,95.43,160.63,6720,80,,,,,,
44.588,-1.236,Mediterranean,Coastal,Zostera,1988,118.65,138.26,256.91,6992,95,,,,,,
44.588,-1.236,Mediterranean,Coastal,Zostera,1988,110.98,160.26,271.24,9520,100,,,,,,
44.588,-1.236,Mediterranean,Coastal,Zostera,1988,59.53,198,257.53,12128,80,,,,,,
44.588,-1.236,Mediterranean,Coastal,Zostera,1988,62.69,215.76,278.45,13440,70,,,,,,
44.588,-1.236,Mediterranean,Coastal,Zostera,1988,112.46,178.2,290.66,12024,95,,,,,,
44.588,-1.236,Mediterranean,Coastal,Zostera,1988,76.63,120.63,197.26,6080,100,,,,,,
20.862,-86.853,Tropical Atlantic,Coastal,Thalassia,1991,165.1,408.15,573.25,734,,,,,,,
20.868,-86.866,Tropical Atlantic,Coastal,Thalassia,1991,208.7,565.1,773.8,661,,,,,,,
20.901,-86.845,Tropical Atlantic,Coastal,Thalassia,1991,226.2,584.5,810.7,547,,,,,,,
20.858,-86.862,Tropical Atlantic,Coastal,Thalassia,2012,,,,570,,,,,,,
20.858,-86.862,Tropical Atlantic,Coastal,Thalassia,2012,,,,446,,,,,,,
16.44,119.924,Tropical Indo Pacific,Coastal,Cymodocea,1992,47.82,101.77,149.59,368,40,,,,,,
16.367,119.846,Tropical Indo Pacific,Coastal,Cymodocea,1992,22.9,16.2,39.1,171,,,,,,,
16.367,119.846,Tropical Indo Pacific,Coastal,Cymodocea,1992,2.4,0.3,2.7,10,,,,,,,
16.367,119.846,Tropical Indo Pacific,Coastal,Enhalus,1992,53,180.2,233.3,21,,,,,,,
16.367,119.846,Tropical Indo Pacific,Coastal,Halophila,1992,0.1,0.1,0.2,16,,,,,,,
16.367,119.846,Tropical Indo Pacific,Coastal,Halophila,1992,4.5,2.8,7.3,47,,,,,,,
16.367,119.846,Tropical Indo Pacific,Coastal,Syringodium,1992,12.5,1.8,14.3,109,,,,,,,
16.367,119.846,Tropical Indo Pacific,Coastal,Thalassia,1992,250.2,77.3,327.5,548,,,,,,,
40.793,8.664,Mediterranean,Coastal,Zostera,2012,0.18,,9.03,2057.49,,,,,,,
40.793,8.664,Mediterranean,Coastal,Zostera,2012,,,13.63,,,,,,,,
-27.567,-48.433,Tropical Atlantic,Coastal,Halodule,2018,15.05,314.16,,8190.94,,,,,,,
-27.567,-48.433,Tropical Atlantic,Coastal,Halodule,2018,9.09,97.85,,8598.92,,,,,,,
-27.567,-48.433,Tropical Atlantic,Coastal,Halodule,2018,41.28,221.46,,5574.93,,,,,,,
-27.567,-48.433,Tropical Atlantic,Coastal,Halodule,2018,54.72,161.37,,13927.17,,,,,,,
-27.567,-48.433,Tropical Atlantic,Coastal,Halodule,2018,15.79,90.99,,6071.03,,,,,,,
-27.567,-48.433,Tropical Atlantic,Coastal,Halodule,2018,26.11,82.4,,6988.66,,,,,,,
-27.567,-48.433,Tropical Atlantic,Coastal,Halodule,2018,9.98,271.24,,11167.49,,,,,,,
-27.567,-48.433,Tropical Atlantic,Coastal,Halodule,2018,17.48,151.07,,10801.52,,,,,,,
-27.567,-48.433,Tropical Atlantic,Coastal,Halodule,2018,10.2,84.12,,7604.03,,,,,,,
-27.567,-48.433,Tropical Atlantic,Coastal,Halodule,2018,20.7,133.91,,11368.09,,,,,,,
-27.567,-48.433,Tropical Atlantic,Estuarine,Ruppia,2018,21.82,28.12,,6787.25,,,,,,,
-27.567,-48.433,Tropical Atlantic,Estuarine,Ruppia,2018,18.18,23.06,,7125.46,,,,,,,
-27.567,-48.433,Tropical Atlantic,Estuarine,Ruppia,2018,20,76.46,,18692.44,,,,,,,
-27.567,-48.433,Tropical Atlantic,Estuarine,Ruppia,2018,16.36,83.76,,28682.44,,,,,,,
-27.567,-48.433,Tropical Atlantic,Estuarine,Ruppia,2018,25.45,28.38,,6411.01,,,,,,,
-27.567,-48.433,Tropical Atlantic,Estuarine,Ruppia,2018,18.18,32.77,,8004.26,,,,,,,
-27.567,-48.433,Tropical Atlantic,Estuarine,Ruppia,2018,54.55,21.82,,4815.05,,,,,,,
-27.567,-48.433,Tropical Atlantic,Estuarine,Ruppia,2018,40,27.16,,6203.2,,,,,,,
-27.567,-48.433,Tropical Atlantic,Estuarine,Ruppia,2018,10.91,15.03,,3080.55,,,,,,,
-27.567,-48.433,Tropical Atlantic,Estuarine,Ruppia,2018,12.73,28.14,,7181.15,,,,,,,
36.69,24.51,Mediterranean,Coastal,Cymodocea,2013,3.89,,,,,,,,,,
36.69,24.51,Mediterranean,Coastal,Cymodocea,2013,10.94,,,,,,,,,,
36.69,24.51,Mediterranean,Coastal,Cymodocea,2013,,12.22,,122.67,,,,,,,
36.69,24.51,Mediterranean,Coastal,Cymodocea,2013,,16.28,,208,,,,,,,
38.42,14.962,Mediterranean,Coastal,Cymodocea,2013,30.33,,,,,,,,,,
38.42,14.962,Mediterranean,Coastal,Cymodocea,2013,27.52,,,,,,,,,,
38.42,14.962,Mediterranean,Coastal,Cymodocea,2013,,23.06,,525,,,,,,,
38.42,14.962,Mediterranean,Coastal,Cymodocea,2013,,27.23,,616.67,,,,,,,
-5.016,119.326,Tropical Indo Pacific,Coastal,Cymodocea,2005,19.75,,,852.45,,,,,,1.16,
-5.016,119.326,Tropical Indo Pacific,Coastal,Cymodocea,2005,35.43,,,1197.69,,,,,,,
-5.016,119.326,Tropical Indo Pacific,Coastal,Cymodocea,2005,35.58,,,1218.74,,,,,,,
-5.016,119.326,Tropical Indo Pacific,Coastal,Cymodocea,2005,33.75,,,1228.29,,,,,,,
-5.016,119.326,Tropical Indo Pacific,Coastal,Cymodocea,2005,26.88,,,795.79,,,,,,,
-5.016,119.326,Tropical Indo Pacific,Coastal,Cymodocea,2005,30.53,,,1066.52,,,,,,,
-5.016,119.326,Tropical Indo Pacific,Coastal,Cymodocea,2005,35.73,,,1512.3,,,,,,,
-5.016,119.326,Tropical Indo Pacific,Coastal,Halodule,2005,59.97,,,3338.53,,,,,,0.68,
-5.016,119.326,Tropical Indo Pacific,Coastal,Halodule,2005,44.8,,,2581.05,,,,,,,
-5.016,119.326,Tropical Indo Pacific,Coastal,Halodule,2005,46.37,,,2491.27,,,,,,,
-5.016,119.326,Tropical Indo Pacific,Coastal,Halodule,2005,40.64,,,2367.83,,,,,,,
-5.016,119.326,Tropical Indo Pacific,Coastal,Halodule,2005,50.34,,,2569.83,,,,,,,
-5.016,119.326,Tropical Indo Pacific,Coastal,Halodule,2005,53.2,,,2670.82,,,,,,,
-5.016,119.326,Tropical Indo Pacific,Coastal,Halodule,2005,70.44,,,3978.18,,,,,,,
-5.016,119.326,Tropical Indo Pacific,Coastal,Thalassia,2005,44.07,,,710.57,,,,,,,
-5.016,119.326,Tropical Indo Pacific,Coastal,Thalassia,2005,41.74,,,687.8,,,,,,,
-5.016,119.326,Tropical Indo Pacific,Coastal,Thalassia,2005,43.29,,,770.73,,,,,,,
-5.016,119.326,Tropical Indo Pacific,Coastal,Thalassia,2005,49.04,,,702.44,,,,,,,
-5.016,119.326,Tropical Indo Pacific,Coastal,Thalassia,2005,48.34,,,626.02,,,,,,,
-5.016,119.326,Tropical Indo Pacific,Coastal,Thalassia,2005,36.68,,,736.59,,,,,,,
-5.016,119.326,Tropical Indo Pacific,Coastal,Thalassia,2005,51.76,,,837.4,,,,,,,
-5.742,106.603,Tropical Indo Pacific,Coastal,Cymodocea,2016,,,,,6,,,,,,
-5.74,106.602,Tropical Indo Pacific,Coastal,Cymodocea,2016,,,,,15,,,,,,
-5.739,106.602,Tropical Indo Pacific,Coastal,Cymodocea,2016,,,,,15,,,,,,
-5.742,106.603,Tropical Indo Pacific,Coastal,Cymodocea,2016,,,,,1,,,,,,
-5.742,106.603,Tropical Indo Pacific,Coastal,Enhalus,2016,,,,,21,,,,,,
-5.74,106.602,Tropical Indo Pacific,Coastal,Enhalus,2016,,,,,16,,,,,,
-5.739,106.602,Tropical Indo Pacific,Coastal,Enhalus,2016,,,,,6,,,,,,
-5.742,106.603,Tropical Indo Pacific,Coastal,Halodule,2016,,,,,1,,,,,,
-5.742,106.603,Tropical Indo Pacific,Coastal,Syringodium,2016,,,,,1,,,,,,
-5.742,106.603,Tropical Indo Pacific,Coastal,Thalassia,2016,,,,,35,,,,,,
-5.74,106.602,Tropical Indo Pacific,Coastal,Thalassia,2016,,,,,3,,,,,,
-5.739,106.602,Tropical Indo Pacific,Coastal,Thalassia,2016,,,,,9,,,,,,
29.397,34.959,Tropical Indo Pacific,Estuarine,Halophila,1980,,,,403.5,,,,,,,
-26.058,113.489,Tropical Indo Pacific,Coastal,Amphibolis,1982,438.25,,748.21,357.1,,21690.66,6.23,,,,
-26.058,113.489,Tropical Indo Pacific,Coastal,Amphibolis,1982,773.83,,1854.52,1116.73,,48977.94,17.42,,,,
-26.058,113.489,Tropical Indo Pacific,Coastal,Amphibolis,1982,611.58,,1033.3,650.8,,48131.65,9.48,,,,
-26.058,113.489,Tropical Indo Pacific,Coastal,Amphibolis,1982,420.52,,941.41,1109.21,,31742.88,4.5,,,,
-26.058,113.489,Tropical Indo Pacific,Coastal,Amphibolis,1982,221.78,,526.02,1229.45,,20012.78,2.35,,,,
-26.058,113.489,Tropical Indo Pacific,Coastal,Amphibolis,1982,312.06,,,,,,,,,,
-26.058,113.489,Tropical Indo Pacific,Coastal,Amphibolis,1982,947.13,,,,,,,,,,
-26.058,113.489,Tropical Indo Pacific,Coastal,Amphibolis,1982,407.33,,,,,,,,,,
-26.058,113.489,Tropical Indo Pacific,Coastal,Amphibolis,1982,480.71,,,,,,,,,,
-26.058,113.489,Tropical Indo Pacific,Coastal,Amphibolis,1982,293.4,,,,,,,,,,
-31.998,115.547,Temperate Southern,Coastal,Amphibolis,1983,378.82,,673.78,300.1,,20698.55,4.01,,,,
-31.998,115.547,Temperate Southern,Coastal,Amphibolis,1983,288.3,,,,,,,,,,
-26.058,113.489,Tropical Indo Pacific,Coastal,Amphibolis,1982,432,,,,,,,,4.19,,
-26.058,113.489,Tropical Indo Pacific,Coastal,Amphibolis,1982,450,,,,,,,,3.75,,
-26.058,113.489,Tropical Indo Pacific,Coastal,Amphibolis,1982,472,,,,,,,,4.47,,
-26.058,113.489,Tropical Indo Pacific,Coastal,Amphibolis,1982,576,,,,,,,,8.05,,
-26.058,113.489,Tropical Indo Pacific,Coastal,Amphibolis,1982,649,,,,,,,,3.78,,
-26.058,113.489,Tropical Indo Pacific,Coastal,Posidonia,1982,992,,,,,,,,2.45,,
-26.058,113.489,Tropical Indo Pacific,Coastal,Posidonia,1982,1163,,,,,,,,3.31,,
-26.058,113.489,Tropical Indo Pacific,Coastal,Posidonia,1982,587,,,,,,,,1.77,,
-26.058,113.489,Tropical Indo Pacific,Coastal,Posidonia,1982,749,,,,,,,,2.48,,
-26.058,113.489,Tropical Indo Pacific,Coastal,Posidonia,1982,1243,,,,,,,,3.07,,
-26.058,113.489,Tropical Indo Pacific,Coastal,Amphibolis,1983,294,,,,,,,,2.62,,
-26.058,113.489,Tropical Indo Pacific,Coastal,Posidonia,1983,673,,,,,,,,2.41,,
37.246,122.586,Tropical Indo Pacific,Estuarine,Zostera,2013,,,,142.68,,,,,,,
37.246,122.586,Tropical Indo Pacific,Estuarine,Zostera,2013,,,,245.12,,,,,,,
37.246,122.586,Tropical Indo Pacific,Estuarine,Zostera,2013,,,,395.12,,,,,,,
37.246,122.586,Tropical Indo Pacific,Estuarine,Zostera,2013,,,,428.05,,,,,,,
37.246,122.586,Tropical Indo Pacific,Estuarine,Zostera,2013,,,,468.29,,,,,,,
37.246,122.586,Tropical Indo Pacific,Estuarine,Zostera,2013,,,,413.42,,,,,,,
37.246,122.586,Tropical Indo Pacific,Estuarine,Zostera,2013,,,,482.93,,,,,,,
37.246,122.586,Tropical Indo Pacific,Estuarine,Zostera,2013,,,,376.83,,,,,,,
37.246,122.586,Tropical Indo Pacific,Estuarine,Zostera,2013,,,,354.88,,,,,,,
37.246,122.586,Tropical Indo Pacific,Estuarine,Zostera,2013,,,,296.34,,,,,,,
37.246,122.586,Tropical Indo Pacific,Estuarine,Zostera,2013,,,,274.39,,,,,,,
37.969,120.65,Temperate North Pacific,Coastal,Zostera,2014,,,,179.37,,,,,,,
37.969,120.65,Temperate North Pacific,Coastal,Zostera,2014,,,,203.1,,,,,,,
37.969,120.65,Temperate North Pacific,Coastal,Zostera,2014,,,,318.22,,,,,,,
37.969,120.65,Temperate North Pacific,Coastal,Zostera,2014,,,,242.05,,,,,,,
37.969,120.65,Temperate North Pacific,Coastal,Zostera,2014,,,,182.53,,,,,,,
37.971,120.644,Temperate North Pacific,Coastal,Zostera,2014,179.49,139.32,481.68,,,,,,,,
37.971,120.644,Temperate North Pacific,Coastal,Zostera,2014,129.53,98.87,409.32,,,,,,,,
37.971,120.644,Temperate North Pacific,Coastal,Zostera,2014,164.11,202.24,512.95,,,,,,,,
37.971,120.644,Temperate North Pacific,Coastal,Zostera,2014,139.89,71.91,398.96,,,,,,,,
37.971,120.644,Temperate North Pacific,Coastal,Zostera,2014,189.74,233.71,564.76,,,,,,,,
37.971,120.644,Temperate North Pacific,Coastal,Zostera,2014,217.61,188.76,549.22,,,,,,,,
37.971,120.644,Temperate North Pacific,Coastal,Zostera,2014,456.41,346.06,854.92,,,,,,,,
37.971,120.644,Temperate North Pacific,Coastal,Zostera,2014,347.15,260.67,730.56,,,,,,,,
37.971,120.644,Temperate North Pacific,Coastal,Zostera,2014,369.23,170.78,652.84,,,,,,,,
37.971,120.644,Temperate North Pacific,Coastal,Zostera,2014,93.26,121.34,699.48,,,,,,,,
37.969,120.65,Temperate North Pacific,Coastal,Zostera,2015,,,,141.52,,,,,,,
37.969,120.65,Temperate North Pacific,Coastal,Zostera,2015,,,,324.03,,,,,,,
37.969,120.65,Temperate North Pacific,Coastal,Zostera,2015,,,,210.7,,,,,,,
37.971,120.644,Temperate North Pacific,Coastal,Zostera,2015,143.58,121.34,595.85,,,,,,,,
37.971,120.644,Temperate North Pacific,Coastal,Zostera,2015,103.62,53.93,357.51,,,,,,,,
37.971,120.644,Temperate North Pacific,Coastal,Zostera,2015,266.66,328.08,694.31,,,,,,,,
37.971,120.644,Temperate North Pacific,Coastal,Zostera,2015,341.96,166.29,626.94,,,,,,,,
37.971,120.644,Temperate North Pacific,Coastal,Zostera,2015,415.38,319.11,803.11,,,,,,,,
37.971,120.644,Temperate North Pacific,Coastal,Zostera,2015,233.16,143.82,528.49,,,,,,,,
37.969,120.65,Temperate North Pacific,Coastal,Zostera,2016,,,,153.12,,,,,,,
37.971,120.644,Temperate North Pacific,Coastal,Zostera,2016,164.11,85.39,430.05,,,,,,,,
37.971,120.644,Temperate North Pacific,Coastal,Zostera,2016,62.17,62.92,331.61,,,,,,,,
44.668,-1.177,Mediterranean,Coastal,Zostera,1997,35.7,24.7,60.5,,,,,,,,
44.668,-1.177,Mediterranean,Coastal,Zostera,1997,86,63,148.9,,,,,,,,
44.668,-1.177,Mediterranean,Coastal,Zostera,1997,87.8,66.4,154.2,,,,,,,,
-34.007,151.191,Temperate Southern,Estuarine,Posidonia,1977,,,,,,,,,,,2.39
-34.007,151.191,Temperate Southern,Estuarine,Posidonia,1977,,,,,,,,,,,2.46
-34.007,151.191,Temperate Southern,Estuarine,Posidonia,1977,,,,,,,,,,,3.16
-34.007,151.191,Temperate Southern,Estuarine,Posidonia,1977,,,,,,,,,,,2.39
-34.007,151.191,Temperate Southern,Estuarine,Posidonia,1977,,,,,,,,,,,0.96
-34.007,151.191,Temperate Southern,Estuarine,Posidonia,1977,,,,,,,,,,,1.15
-34.007,151.191,Temperate Southern,Estuarine,Posidonia,1977,,,,,,,,,,,1.23
-34.007,151.191,Temperate Southern,Estuarine,Posidonia,1977,,,,,,,,,,,1.15
-34.007,151.191,Temperate Southern,Estuarine,Posidonia,1977,,,,,,,,,,,1.77
-34.007,151.191,Temperate Southern,Estuarine,Posidonia,1977,,,,,,,,,,,2.28
-34.009,151.189,Temperate Southern,Estuarine,Posidonia,1977,,,,,,,,,,,2.37
-34.009,151.189,Temperate Southern,Estuarine,Posidonia,1977,,,,,,,,,,,1.95
-34.009,151.189,Temperate Southern,Estuarine,Posidonia,1977,,,,,,,,,,,1.47
-34.009,151.189,Temperate Southern,Estuarine,Posidonia,1977,,,,,,,,,,,0.66
-34.009,151.189,Temperate Southern,Estuarine,Posidonia,1977,,,,,,,,,,,0.86
-34.009,151.189,Temperate Southern,Estuarine,Posidonia,1977,,,,,,,,,,,0.65
-34.009,151.189,Temperate Southern,Estuarine,Posidonia,1977,,,,,,,,,,,0.73
-34.009,151.189,Temperate Southern,Estuarine,Posidonia,1977,,,,,,,,,,,0.83
-34.009,151.189,Temperate Southern,Estuarine,Posidonia,1977,,,,,,,,,,,1.12
-34.009,151.189,Temperate Southern,Estuarine,Posidonia,1977,,,,,,,,,,,1.75
-35.013,150.767,Temperate Southern,Estuarine,Posidonia,1977,,,,,,,,,,,4.31
-35.013,150.767,Temperate Southern,Estuarine,Posidonia,1977,,,,,,,,,,,3.8
-35.013,150.767,Temperate Southern,Estuarine,Posidonia,1977,,,,,,,,,,,2.89
-35.013,150.767,Temperate Southern,Estuarine,Posidonia,1977,,,,,,,,,,,3.97
-35.013,150.767,Temperate Southern,Estuarine,Posidonia,1977,,,,,,,,,,,1.76
-35.013,150.767,Temperate Southern,Estuarine,Posidonia,1977,,,,,,,,,,,1.05
-35.013,150.767,Temperate Southern,Estuarine,Posidonia,1977,,,,,,,,,,,1.77
-35.013,150.767,Temperate Southern,Estuarine,Posidonia,1977,,,,,,,,,,,2.67
-35.013,150.767,Temperate Southern,Estuarine,Posidonia,1977,,,,,,,,,,,3.17
-35.013,150.767,Temperate Southern,Estuarine,Posidonia,1977,,,,,,,,,,,3.77
-35.013,150.767,Temperate Southern,Estuarine,Posidonia,1977,,,,,,,,,,,4.61
-34.007,151.191,Temperate Southern,Estuarine,Posidonia,1978,,,,,,,,,,,2.29
-34.009,151.189,Temperate Southern,Estuarine,Posidonia,1978,,,,,,,,,,,1.86
-35.013,150.767,Temperate Southern,Estuarine,Posidonia,1978,,,,,,,,,,,5.22
-34.007,151.191,Temperate Southern,Estuarine,Posidonia,1978,,,,215,,,,,,,
-34.009,151.189,Temperate Southern,Estuarine,Posidonia,1978,,,,80,,,,,,,
-35.013,150.767,Temperate Southern,Estuarine,Posidonia,1978,,,,199,,,,,,,
-34.007,151.191,Temperate Southern,Estuarine,Posidonia,1976,,,,,,,,,,,1.47
-34.067,151.132,Temperate Southern,Estuarine,Posidonia,1976,,,,121,,,,,,,
-32.707,137.84,Temperate Southern,Coastal,Posidonia,1976,,,,240,,,,,,,
-34.067,151.132,Temperate Southern,Estuarine,Posidonia,1977,,,,,,,,,,,1.2
-34.067,151.132,Temperate Southern,Estuarine,Posidonia,1977,,,,,,,,,,,3.6
-32.707,137.84,Temperate Southern,Coastal,Posidonia,1977,,,,,,,,,,,2.7
-32.707,137.84,Temperate Southern,Coastal,Posidonia,1977,,,,,,,,,,,5.5
18.365,-64.727,Tropical Atlantic,Coastal,Halophila,2012,,,,1324,,,,,,,
18.365,-64.727,Tropical Atlantic,Coastal,Halophila,2013,,,,1048,,,,,,,
18.365,-64.727,Tropical Atlantic,Coastal,Halophila,2014,,,,1487,,,,,,,
18.347,-64.779,Tropical Atlantic,Coastal,Halophila,2015,,,,559,,,,,,,
18.358,-64.747,Tropical Atlantic,Coastal,Halophila,2015,,,,347,,,,,,,
18.366,-64.744,Tropical Atlantic,Coastal,Halophila,2015,,,,170,,,,,,,
18.365,-64.727,Tropical Atlantic,Coastal,Halophila,2015,,,,1968,,,,,,,
18.347,-64.779,Tropical Atlantic,Coastal,Halophila,2016,,,,793,,,,,,,
18.358,-64.747,Tropical Atlantic,Coastal,Halophila,2016,,,,326,,,,,,,
18.366,-64.744,Tropical Atlantic,Coastal,Halophila,2016,,,,170,,,,,,,
18.365,-64.727,Tropical Atlantic,Coastal,Halophila,2016,,,,2088,,,,,,,
18.315,-64.727,Tropical Atlantic,Coastal,Thalassia,1986,,,,222,,,,,,0.252,
18.358,-64.748,Tropical Atlantic,Coastal,Thalassia,1986,1.8,,,80,,,,,,,
18.358,-64.748,Tropical Atlantic,Coastal,Thalassia,1986,3.2,,,135,,,,,,,
18.358,-64.748,Tropical Atlantic,Coastal,Thalassia,1986,3.1,,,134,,,,,,,
18.358,-64.748,Tropical Atlantic,Coastal,Thalassia,1986,,,,67,,,,,,0.033,
18.358,-64.748,Tropical Atlantic,Coastal,Thalassia,1986,,,,121,,,,,,0.042,
18.358,-64.748,Tropical Atlantic,Coastal,Thalassia,1986,,,,75,,,,,,0.057,
18.358,-64.748,Tropical Atlantic,Coastal,Thalassia,1986,,,,128,,,,,,0.033,
18.358,-64.748,Tropical Atlantic,Coastal,Thalassia,1986,,,,140,,,,,,0.081,
18.358,-64.748,Tropical Atlantic,Coastal,Thalassia,1986,,,,166,,,,,,0.097,
18.358,-64.748,Tropical Atlantic,Coastal,Thalassia,1986,,,,164,,,,,,0.073,
18.366,-64.746,Tropical Atlantic,Coastal,Thalassia,1986,4.6,,,200,,,,,,,
18.366,-64.746,Tropical Atlantic,Coastal,Thalassia,1986,3.5,,,152,,,,,,,
18.366,-64.746,Tropical Atlantic,Coastal,Thalassia,1986,,,,202,,,,,,0.087,
43.958692,-66.23772,Temperate North Atlantic,Coastal,Zostera,2017,,,,778.07,,,,,,,
43.958692,-66.23772,Temperate North Atlantic,Coastal,Zostera,2017,,,,902.41,,,,,,,
43.958692,-66.23772,Temperate North Atlantic,Coastal,Zostera,2017,,,,1022.73,,,,,,,
43.958692,-66.23772,Temperate North Atlantic,Coastal,Zostera,2017,,,,661.76,,,,,,,
43.958692,-66.23772,Temperate North Atlantic,Coastal,Zostera,2017,,,,974.6,,,,,,,
43.958692,-66.23772,Temperate North Atlantic,Coastal,Zostera,2017,,,,842.25,,,,,,,
43.958692,-66.23772,Temperate North Atlantic,Coastal,Zostera,2017,,,,802.14,,,,,,,
43.958692,-66.23772,Temperate North Atlantic,Coastal,Zostera,2017,,,,360.96,,,,,,,
43.958692,-66.23772,Temperate North Atlantic,Coastal,Zostera,2017,,,,589.57,,,,,,,
43.958692,-66.23772,Temperate North Atlantic,Coastal,Zostera,2017,,,,762.03,,,,,,,
43.958692,-66.23772,Temperate North Atlantic,Coastal,Zostera,2017,,,,1102.94,,,,,,,
43.958692,-66.23772,Temperate North Atlantic,Coastal,Zostera,2017,,,,741.98,,,,,,,
43.958692,-66.23772,Temperate North Atlantic,Coastal,Zostera,2017,,,,721.93,,,,,,,
43.958692,-66.23772,Temperate North Atlantic,Coastal,Zostera,2017,,,,553.48,,,,,,,
43.958692,-66.23772,Temperate North Atlantic,Coastal,Zostera,2017,,,,260.7,,,,,,,
43.958692,-66.23772,Temperate North Atlantic,Coastal,Zostera,2017,,,,521.39,,,,,,,
-32.327,115.767,Temperate Southern,Coastal,Posidonia,1998,288.29,,,1363,98,,,,,,
-32.292,115.697,Temperate Southern,Coastal,Posidonia,1998,253.69,,,1540.7,91,,,,,,
-32.275,115.714,Temperate Southern,Coastal,Posidonia,1998,138.38,,,829.6,88,,,,,,
-32.236,115.754,Temperate Southern,Coastal,Posidonia,1998,121.08,,,829.6,76,,,,,,
-32.223,115.717,Temperate Southern,Coastal,Posidonia,1998,276.76,,,1481.5,100,,,,,,
-32.136,115.757,Temperate Southern,Coastal,Posidonia,1998,196.04,,,770.4,95,,,,,,
-32.327,115.767,Temperate Southern,Coastal,Posidonia,1999,317.12,,,1659.3,99,,,,,,
-32.292,115.697,Temperate Southern,Coastal,Posidonia,1999,403.6,,,948.1,100,,,,,,
-32.275,115.714,Temperate Southern,Coastal,Posidonia,1999,132.61,,,1125.9,64,,,,,,
-32.236,115.754,Temperate Southern,Coastal,Posidonia,1999,109.55,,,711.1,45,,,,,,
-32.223,115.717,Temperate Southern,Coastal,Posidonia,1999,224.86,,,1955.6,93,,,,,,
-32.136,115.757,Temperate Southern,Coastal,Posidonia,1999,294.05,,,2311.1,75,,,,,,
21.438,109.764,Tropical Indo Pacific,Coastal,Halophila,2008,11.03,6.33,17.36,832,25,,,,,,
21.483,109.639,Tropical Indo Pacific,Coastal,Halophila,2008,11.26,12.93,24.19,381.7,49,,,,,,
21.515,109.632,Tropical Indo Pacific,Coastal,Halophila,2008,17.18,20.45,37.63,525.8,48,,,,,,
21.515,109.582,Tropical Indo Pacific,Coastal,Halophila,2008,12.8,16.56,29.35,704.3,44,,,,,,
37.35,122.57,Temperate North Pacific,Estuarine,Zostera,2014,,,,760.66,,,,,,,
37.35,122.57,Temperate North Pacific,Estuarine,Zostera,2014,,,,813.12,,,,,,,
37.35,122.57,Temperate North Pacific,Estuarine,Zostera,2014,,,,209.84,,,,,,,
37.35,122.57,Temperate North Pacific,Estuarine,Zostera,2014,,,,255.74,,,,,,,
37.35,122.57,Temperate North Pacific,Estuarine,Zostera,2014,,,,1114.75,,,,,,,
37.35,122.57,Temperate North Pacific,Estuarine,Zostera,2014,,,,996.72,,,,,,,
37.35,122.57,Temperate North Pacific,Estuarine,Zostera,2014,,,,570.49,,,,,,,
37.35,122.57,Temperate North Pacific,Estuarine,Zostera,2014,,,,334.43,,,,,,,
37.35,122.57,Temperate North Pacific,Estuarine,Zostera,2015,,,,65.57,,,,,,,
37.35,122.57,Temperate North Pacific,Estuarine,Zostera,2015,,,,131.15,,,,,,,
37.35,122.57,Temperate North Pacific,Estuarine,Zostera,2015,,,,118.03,,,,,,,
37.35,122.57,Temperate North Pacific,Estuarine,Zostera,2015,,,,91.8,,,,,,,
37.35,122.57,Temperate North Pacific,Estuarine,Zostera,2015,,,,144.26,,,,,,,
37.35,122.57,Temperate North Pacific,Estuarine,Zostera,2015,,,,137.71,,,,,,,
37.35,122.57,Temperate North Pacific,Estuarine,Zostera,2015,,,,144.26,,,,,,,
37.35,122.57,Temperate North Pacific,Estuarine,Zostera,2015,,,,262.3,,,,,,,
37.35,122.57,Temperate North Pacific,Estuarine,Zostera,2015,,,,590.16,,,,,,,
37.35,122.57,Temperate North Pacific,Estuarine,Zostera,2015,,,,465.57,,,,,,,
37.35,122.57,Temperate North Pacific,Estuarine,Zostera,2015,,,,288.53,,,,,,,
37.35,122.57,Temperate North Pacific,Estuarine,Zostera,2015,,,,65.57,,,,,,,
37.35,122.57,Temperate North Pacific,Estuarine,Zostera,2015,,,,137.71,,,,,,,
37.35,122.57,Temperate North Pacific,Estuarine,Zostera,2015,,,,203.28,,,,,,,
37.35,122.57,Temperate North Pacific,Estuarine,Zostera,2015,,,,170.49,,,,,,,
37.35,122.57,Temperate North Pacific,Estuarine,Zostera,2015,,,,124.59,,,,,,,
37.35,122.57,Temperate North Pacific,Estuarine,Zostera,2015,,,,170.49,,,,,,,
37.35,122.57,Temperate North Pacific,Estuarine,Zostera,2015,,,,373.77,,,,,,,
37.35,122.57,Temperate North Pacific,Estuarine,Zostera,2015,,,,281.97,,,,,,,
37.35,122.57,Temperate North Pacific,Estuarine,Zostera,2015,,,,340.98,,,,,,,
37.35,122.57,Temperate North Pacific,Estuarine,Zostera,2015,,,,918.03,,,,,,,
37.35,122.57,Temperate North Pacific,Estuarine,Zostera,2015,,,,1049.18,,,,,,,
37.35,122.57,Temperate North Pacific,Estuarine,Zostera,2015,,,,662.3,,,,,,,
37.35,122.57,Temperate North Pacific,Estuarine,Zostera,2015,,,,275.41,,,,,,,
37.35,122.57,Temperate North Pacific,Estuarine,Zostera,2016,,,,52.46,,,,,,,
37.35,122.57,Temperate North Pacific,Estuarine,Zostera,2016,,,,183.61,,,,,,,
24.40318,124.138,Tropical Indo Pacific,Coastal,Cymodocea,2014,,,,,27.9,,,,,,
24.40318,124.138,Tropical Indo Pacific,Coastal,Cymodocea,2014,,,,,21.3,,,,,,
24.40318,124.138,Tropical Indo Pacific,Coastal,Cymodocea,2014,,,,,47,,,,,,
24.40318,124.138,Tropical Indo Pacific,Coastal,Cymodocea,2014,,,,,31.9,,,,,,
24.40318,124.138,Tropical Indo Pacific,Coastal,Thalassia,2014,,,,,9.9,,,,,,
24.40318,124.138,Tropical Indo Pacific,Coastal,Thalassia,2014,,,,,5.4,,,,,,
24.40318,124.138,Tropical Indo Pacific,Coastal,Thalassia,2014,,,,,8.2,,,,,,
24.40318,124.138,Tropical Indo Pacific,Coastal,Thalassia,2014,,,,,18,,,,,,
24.40318,124.138,Tropical Indo Pacific,Coastal,Cymodocea,2014,,,,,1,,,,,,
24.40318,124.138,Tropical Indo Pacific,Coastal,Cymodocea,2014,,,,,1.6,,,,,,
24.40318,124.138,Tropical Indo Pacific,Coastal,Cymodocea,2014,,,,,2.4,,,,,,
24.40318,124.138,Tropical Indo Pacific,Coastal,Cymodocea,2014,,,,,1.2,,,,,,
24.40318,124.138,Tropical Indo Pacific,Coastal,Cymodocea,2014,,,,,4,,,,,,
24.40318,124.138,Tropical Indo Pacific,Coastal,Cymodocea,2014,,,,,12.2,,,,,,
24.40318,124.138,Tropical Indo Pacific,Coastal,Cymodocea,2014,,,,,33.2,,,,,,
24.40318,124.138,Tropical Indo Pacific,Coastal,Cymodocea,2014,,,,,22.2,,,,,,
24.40318,124.138,Tropical Indo Pacific,Coastal,Cymodocea,2014,,,,,31.9,,,,,,
24.40318,124.138,Tropical Indo Pacific,Coastal,Cymodocea,2014,,,,,21.3,,,,,,
24.40318,124.138,Tropical Indo Pacific,Coastal,Cymodocea,2014,,,,,15.2,,,,,,
24.40318,124.138,Tropical Indo Pacific,Coastal,Cymodocea,2014,,,,,12.7,,,,,,
37.338,122.555,Tropical Indo Pacific,Estuarine,Zostera,2009,,,,217,,,,,,,
37.338,122.555,Tropical Indo Pacific,Estuarine,Zostera,2009,,,,240,,,,,,,
37.338,122.555,Tropical Indo Pacific,Estuarine,Zostera,2009,,,,295,,,,,,,
37.338,122.555,Tropical Indo Pacific,Estuarine,Zostera,2009,,,,335,,,,,,,
37.338,122.555,Tropical Indo Pacific,Estuarine,Zostera,2009,,,,437,,,,,,,
37.338,122.555,Tropical Indo Pacific,Estuarine,Zostera,2009,,,,371,,,,,,,
37.338,122.555,Tropical Indo Pacific,Estuarine,Zostera,2009,,,,365,,,,,,,
37.338,122.555,Tropical Indo Pacific,Estuarine,Zostera,2009,,,,277,,,,,,,
37.338,122.555,Tropical Indo Pacific,Estuarine,Zostera,2009,,,,249,,,,,,,
37.338,122.555,Tropical Indo Pacific,Estuarine,Zostera,2009,,,,269,,,,,,,
37.338,122.555,Tropical Indo Pacific,Estuarine,Zostera,2009,,,,195,,,,,,,
37.338,122.555,Tropical Indo Pacific,Estuarine,Zostera,2010,,,,191,,,,,,,
37.803,119.164,Temperate North Pacific,Estuarine,Zostera,2015,9,,,2350,,,,,,,
37.803,119.164,Temperate North Pacific,Estuarine,Zostera,2015,139,36,175,2778,,,,,,,
37.852,119.096,Temperate North Pacific,Estuarine,Zostera,2015,17,9,26,4492,,,,,,,
37.852,119.096,Temperate North Pacific,Estuarine,Zostera,2015,146,47,193,4788,,,,,,,
37.729,119.241,Temperate North Pacific,Estuarine,Zostera,2015,14,,,3972,,,,,,,
37.729,119.241,Temperate North Pacific,Estuarine,Zostera,2015,240,27,267,3785,,,,,,,
37.803,119.164,Temperate North Pacific,Estuarine,Zostera,2016,,,,1368,,,,,,,
37.803,119.164,Temperate North Pacific,Estuarine,Zostera,2016,28,21,49,3333,,,,,,,
37.803,119.164,Temperate North Pacific,Estuarine,Zostera,2016,150,32,182,3718,,,,,,,
37.803,119.164,Temperate North Pacific,Estuarine,Zostera,2016,13,26,39,3120,,,,,,,
37.852,119.096,Temperate North Pacific,Estuarine,Zostera,2016,9,26,34,3686,,,,,,,
37.852,119.096,Temperate North Pacific,Estuarine,Zostera,2016,116,34,150,4746,,,,,,,
37.852,119.096,Temperate North Pacific,Estuarine,Zostera,2016,4,13,17,932,,,,,,,
37.852,119.096,Temperate North Pacific,Estuarine,Zostera,2016,6,24,30,,,,,,,,
37.852,119.096,Temperate North Pacific,Estuarine,Zostera,2016,15,15,30,1780,,,,,,,
37.729,119.241,Temperate North Pacific,Estuarine,Zostera,2016,,,,1729,,,,,,,
37.729,119.241,Temperate North Pacific,Estuarine,Zostera,2016,34,14,48,4953,,,,,,,
37.729,119.241,Temperate North Pacific,Estuarine,Zostera,2016,333,27,361,6916,,,,,,,
37.729,119.241,Temperate North Pacific,Estuarine,Zostera,2016,11,,,421,,,,,,,
37.729,119.241,Temperate North Pacific,Estuarine,Zostera,2016,,,,187,,,,,,,
37.803,119.164,Temperate North Pacific,Estuarine,Zostera,2017,,,,171,,,,,,,
37.803,119.164,Temperate North Pacific,Estuarine,Zostera,2017,,,,513,,,,,,,
37.803,119.164,Temperate North Pacific,Estuarine,Zostera,2017,11,13,24,3120,,,,,,,
37.803,119.164,Temperate North Pacific,Estuarine,Zostera,2017,58,32,90,3718,,,,,,,
37.852,119.096,Temperate North Pacific,Estuarine,Zostera,2017,13,13,26,3347,,,,,,,
37.852,119.096,Temperate North Pacific,Estuarine,Zostera,2017,4,4,9,2373,,,,,,,
37.729,119.241,Temperate North Pacific,Estuarine,Zostera,2017,5,5,10,1075,,,,,,,
37.729,119.241,Temperate North Pacific,Estuarine,Zostera,2017,5,2,7,935,,,,,,,
37.729,119.241,Temperate North Pacific,Estuarine,Zostera,2017,48,21,68,3271,,,,,,,
36.083,120.567,Temperate North Pacific,Coastal,Zostera,2014,,,,2233.04,,,,,,,
36.083,120.567,Temperate North Pacific,Coastal,Zostera,2014,,,,1707.86,,,,,,,
36.083,120.567,Temperate North Pacific,Coastal,Zostera,2014,,,,2755.93,,,,,,,
36.083,120.567,Temperate North Pacific,Coastal,Zostera,2014,,,,3687.76,,,,,,,
36.083,120.567,Temperate North Pacific,Coastal,Zostera,2014,,,,1549.77,,,,,,,
36.083,120.567,Temperate North Pacific,Coastal,Zostera,2014,,,,2131.31,,,,,,,
37.35,122.567,Temperate North Pacific,Coastal,Zostera,2014,,,,407.72,,,,,,,
37.35,122.567,Temperate North Pacific,Coastal,Zostera,2014,,,,1396.81,,,,,,,
37.35,122.567,Temperate North Pacific,Coastal,Zostera,2014,,,,3299.39,,,,,,,
37.35,122.567,Temperate North Pacific,Coastal,Zostera,2014,,,,3648.44,,,,,,,
37.35,122.567,Temperate North Pacific,Coastal,Zostera,2014,,,,1647.03,,,,,,,
36.083,120.567,Temperate North Pacific,Coastal,Zostera,2015,,,,2401.57,,,,,,,
36.083,120.567,Temperate North Pacific,Coastal,Zostera,2015,,,,2769.97,,,,,,,
36.083,120.567,Temperate North Pacific,Coastal,Zostera,2015,,,,5216.25,,,,,,,
36.083,120.567,Temperate North Pacific,Coastal,Zostera,2015,,,,4128.04,,,,,,,
36.083,120.567,Temperate North Pacific,Coastal,Zostera,2015,,,,3369.53,,,,,,,
36.083,120.567,Temperate North Pacific,Coastal,Zostera,2015,,,,2824.86,,,,,,,
37.35,122.567,Temperate North Pacific,Coastal,Zostera,2015,,,,188.04,,,,,,,
37.35,122.567,Temperate North Pacific,Coastal,Zostera,2015,,,,2769.75,,,,,,,
37.35,122.567,Temperate North Pacific,Coastal,Zostera,2015,,,,3933.75,,,,,,,
37.35,122.567,Temperate North Pacific,Coastal,Zostera,2015,,,,1584.56,,,,,,,
37.35,122.567,Temperate North Pacific,Coastal,Zostera,2015,,,,3039.43,,,,,,,
37.35,122.567,Temperate North Pacific,Coastal,Zostera,2016,,,,1388.18,,,,,,,
37.35,122.567,Temperate North Pacific,Coastal,Zostera,2014,,,,869.21,,,,,,,
45.27,12.258,Mediterranean,Estuarine,Zostera,1994,,,,468.1,,,,,,,
45.27,12.258,Mediterranean,Estuarine,Zostera,1994,,,,394.3,,,,,,,
45.27,12.258,Mediterranean,Estuarine,Zostera,1994,,,,462.4,,,,,,,
45.27,12.258,Mediterranean,Estuarine,Zostera,1994,,,,692.2,,,,,,,
45.27,12.258,Mediterranean,Estuarine,Zostera,1994,,,,1095,,,,,,,
45.27,12.258,Mediterranean,Estuarine,Zostera,1994,,,,748.9,,,,,,,
45.27,12.258,Mediterranean,Estuarine,Zostera,1994,,,,641.1,,,,,,,
45.27,12.258,Mediterranean,Estuarine,Zostera,1994,,,,896.5,,,,,,,
45.27,12.258,Mediterranean,Estuarine,Zostera,1994,,,,661,,,,,,,
45.27,12.258,Mediterranean,Estuarine,Zostera,1994,,,,451.1,,,,,,,
45.27,12.258,Mediterranean,Estuarine,Zostera,1994,,,,468.1,,,,,,,
45.27,12.258,Mediterranean,Estuarine,Zostera,1995,,,,453.9,,,,,,,
24.957,-80.707,Tropical Atlantic,Coastal,Halodule,1983,,,,,,,,,,,0.072
24.957,-80.707,Tropical Atlantic,Coastal,Syringodium,1983,,,,,,,,,,,0.052
24.957,-80.707,Tropical Atlantic,Coastal,Thalassia,1983,,,,,,,,,,,0.051
36.793,-121.947,Temperate North Pacific,Coastal,Zostera,1993,,,,50,,,,,,,
36.793,-121.947,Temperate North Pacific,Coastal,Zostera,1994,,,,39,,,,,,,
36.793,-121.947,Temperate North Pacific,Coastal,Zostera,1994,,,,23,,,,,,,
36.793,-121.947,Temperate North Pacific,Coastal,Zostera,1994,,,,16,,,,,,,
36.793,-121.947,Temperate North Pacific,Coastal,Zostera,1994,,,,15,,,,,,,
36.793,-121.947,Temperate North Pacific,Coastal,Zostera,1994,,,,15,,,,,,,
36.793,-121.947,Temperate North Pacific,Coastal,Zostera,1994,,,,7,,,,,,,
36.793,-121.947,Temperate North Pacific,Coastal,Zostera,1994,,,,5,,,,,,,
36.793,-121.947,Temperate North Pacific,Coastal,Zostera,1994,,,,6,,,,,,,
